# File exported by Houdini 20.5.584 (www.sidefx.com)
# 1362 points
# 4304 vertices
# 1076 primitives
# Bounds: [-2.98030365e-08, -3.01080775, -1.78817203e-07] to [2, 5, 14.9422646]
g 
v 1 1 8
v 1 1 8
v 1 1 8
v 1 1 8
v 1 1 8
v 0.989201367 1.31344056 7.03249836
v 0.698563337 1.08658838 7.09367609
v 0.824500501 0.740073979 7.14116716
v 1.19297194 0.752768517 7.10934019
v 1.29476273 1.1071285 7.04217911
v 0.784289658 1.19183612 5.72882223
v 0.247548521 0.860685289 6.155828
v 0.555795193 0.320049137 6.69827652
v 1.28304327 0.317068458 6.60652256
v 1.42426062 0.855862498 6.00736666
v 0.784288168 -0.0806139484 5.30549479
v 0.173965991 -0.200840145 5.84476185
v 0.510320187 -0.276660115 6.60216761
v 1.32852066 -0.203293249 6.53100348
v 1.49784219 -0.0821300447 5.72961569
v 0.93635124 -1.08774757 5.30290079
v 0.318264425 -1.14179814 5.84511375
v 0.642313004 -1.11565876 6.60137463
v 1.46067286 -1.04545319 6.52655602
v 1.6423986 -1.02820313 5.72405529
v 0.970519364 -2.99899483 5.30025864
v 0.351677418 -3.01080775 5.84253025
v 0.676108301 -3.00605321 6.59876108
v 1.49545956 -2.99130177 6.52386618
v 1.67741561 -2.98693943 5.72134733
v 1.01100874 1.46887076 13
v 0.557479262 1.15535891 13
v 0.715498447 0.627146304 13
v 1.26668906 0.614204824 13
v 1.44932449 1.13441908 13
v 1.01309609 1.55777216 11.9920082
v 0.473574042 1.18481612 12.0241394
v 0.661554813 0.556450486 12.1386814
v 1.31725538 0.541055143 12.1773415
v 1.53451979 1.15990603 12.0866919
v 1.14912474 1.21035016 10.705512
v 0.50090754 0.863077283 11.0200157
v 0.675394058 0.304620862 11.6340446
v 1.43144989 0.306748688 11.6990318
v 1.72423148 0.866520166 11.1251678
v 1.14726317 -0.0774260163 10.3012228
v 0.448026896 -0.099090375 10.7447395
v 0.644573569 -0.215355843 11.5410185
v 1.46528244 -0.265547484 11.5896282
v 1.77596164 -0.180302173 10.8233919
v 1.04347289 -1.08608961 10.3013515
v 0.349406064 -1.04563308 10.7427568
v 0.554437995 -1.0578835 11.5396633
v 1.37522149 -1.10591125 11.5907736
v 1.67746162 -1.12334359 10.8254547
v 1.02008951 -2.99953198 10.3001194
v 0.325628519 -2.99132943 10.7415037
v 0.530773222 -2.99434948 11.5384169
v 1.3520205 -3.00441837 11.5895519
v 1.65443468 -3.00762153 10.8242416
v 1.69453073 5 14.0873327
v 1.29768014 5 13.3664494
v 0.489445627 5 13.5211115
v 0.386779964 5 14.3375816
v 1.13156354 5 14.6875257
v 1.69453073 4.0612154 14.0873327
v 1.29768014 4.0501709 13.3664494
v 0.489445627 4.02767706 13.5211115
v 0.386779964 4.02481985 14.3375816
v 1.13156354 4.04554796 14.6875257
v 1.74790192 3.10310149 14.0873327
v 1.35105133 3.09205675 13.3664494
v 0.542816818 3.06956315 13.5211115
v 0.440151155 3.06670594 14.3375816
v 1.18493474 3.08743358 14.6875257
v 1.74809194 2.09172559 14.0858078
v 1.34966016 2.21766162 13.365797
v 0.54176712 2.2164526 13.522233
v 0.440893471 2.08976936 14.3389263
v 1.18644321 2.01268363 14.6872349
v 1.69165969 1.14074659 13.7694635
v 1.3161968 1.75328374 13.2116871
v 0.503760695 1.65199482 13.3429251
v 0.377110422 0.976857841 13.9818125
v 1.11127234 0.66088903 14.2454281
v 1.69141865 0.890728474 12.8044081
v 1.31758356 1.62381148 12.7115641
v 0.504858732 1.4948082 12.7279024
v 0.376402378 0.681996882 12.8308439
v 1.10973668 0.308655024 12.8781271
v 1.69141865 0.890728474 11.8324556
v 1.31758356 1.62381148 11.8324556
v 0.504858732 1.4948082 11.8324556
v 0.376402378 0.681996822 11.8324556
v 1.10973668 0.308655024 11.8324556
v 1.69141865 0.890728474 10.874342
v 1.31758356 1.62381148 10.874342
v 0.504858732 1.4948082 10.874342
v 0.376402378 0.681996822 10.874342
v 1.10973668 0.308655024 10.874342
v 1.69141865 0.890728474 9.91622639
v 1.31758356 1.62381148 9.91622639
v 0.504858732 1.4948082 9.91622639
v 0.376402378 0.681996822 9.91622639
v 1.10973668 0.308655024 9.91622639
v 1.69141865 0.890728474 8.95811272
v 1.31758356 1.62381148 8.95811272
v 0.504858732 1.4948082 8.95811272
v 0.376402378 0.681996822 8.95811272
v 1.10973668 0.308655024 8.95811272
v 1.69141865 0.890728474 7.99999952
v 1.31758356 1.62381148 7.99999952
v 0.504858732 1.4948082 7.99999952
v 0.376402378 0.681996822 7.99999952
v 1.10973668 0.308655024 7.99999952
v 1.69141865 0.890728474 7.04188633
v 1.31758356 1.62381148 7.04188633
v 0.504858732 1.4948082 7.04188633
v 0.376402378 0.681996822 7.04188633
v 1.10973668 0.308655024 7.04188633
v 1.69141865 0.890728474 6.08377266
v 1.31758356 1.62381148 6.08377266
v 0.504858732 1.4948082 6.08377266
v 0.376402378 0.681996822 6.08377266
v 1.10973668 0.308655024 6.08377266
v 1.69141865 0.890728474 5.1256566
v 1.31758356 1.62381148 5.1256566
v 0.504858732 1.4948082 5.1256566
v 0.376402378 0.681996822 5.1256566
v 1.10973668 0.308655024 5.1256566
v 1.69141865 0.890728474 4.16754532
v 1.31758356 1.62381148 4.16754532
v 0.504858732 1.4948082 4.16754532
v 0.376402378 0.681996822 4.16754532
v 1.10973668 0.308655024 4.16754532
v 1.69141865 0.890728474 3.2094326
v 1.31758356 1.62381148 3.2094326
v 0.504858732 1.4948082 3.2094326
v 0.376402378 0.681996822 3.2094326
v 1.10973668 0.308655024 3.2094326
v 1.69141865 0.890728474 2.26437378
v 1.31758356 1.62381148 2.17677164
v 0.504858732 1.4948082 2.19218731
v 0.376402378 0.681996822 2.28931689
v 1.10973668 0.308655024 2.33393073
v 1.69141865 0.683818161 1.41099083
v 1.31758356 1.30554152 0.864095867
v 0.504858732 1.19613457 0.960334897
v 0.376402378 0.506794095 1.56670904
v 1.10973668 0.190165117 1.84522974
v 1.69141865 -0.103981882 1.10927153
v 1.31758356 0.0315980576 0.376188546
v 0.504858732 0.00773956906 0.505191803
v 0.376402378 -0.142585725 1.31800318
v 1.10973668 -0.211633384 1.69134498
v 1.69141555 -1.04167616 1.10929072
v 1.31760085 -1.04178739 0.376197368
v 0.504872501 -1.04203415 0.505178034
v 0.376393557 -1.04207528 1.31798577
v 1.10971749 -1.04185402 1.69134808
v 1.69260252 -2.99958014 1.10928011
v 1.31878781 -2.99980259 0.376186758
v 0.506059647 -3.00029612 0.505167425
v 0.377580643 -3.00037837 1.31797516
v 1.11090446 -2.99993587 1.69133747
v 0.0577350333 0.0577350222 0.0577350259
v 1 0.0707106814 0.0707106814
v 0.0707106814 0.0707106814 1
v 1 0.100000001 1
v 0.0707106814 0.0707106814 2
v 1 0.100000001 2
v 0.0707106814 0.0707106814 3
v 1 0.100000001 3
v 0.0707106814 0.0707106814 4
v 1 0.100000001 4
v 0.0707106814 0.0707106814 5
v 1 0.100000001 5
v 0.0707106814 0.0707106814 6
v 1 0.100000001 6
v 0.0707106814 0.0707106814 7
v 1 0.100000001 7
v 0.0707106814 0.0707106814 8
v 1 0.100000001 8
v 0.0707106814 0.0707106814 9
v 1 0.100000001 9
v 0.0707106814 0.0707106814 10
v 1 0.100000001 10
v 0.0707106814 0.0707106814 11
v 1 0.100000001 11
v 0.0707106814 0.0707106814 12
v 1 0.100000001 12
v 0.0707106814 0.0707106814 13
v 1 0.100000001 13
v 0.0707106814 0.0707106814 14
v 1 0.100000001 14
v 0.0577350259 0.0577350259 14.9422646
v 1 0.0707106814 14.9292889
v 1.94226503 0.0577350333 0.0577350259
v 1.92928934 0.0707106814 1
v 1.92928934 0.0707106814 2
v 1.92928934 0.0707106814 3
v 1.92928934 0.0707106814 4
v 1.92928934 0.0707106814 5
v 1.92928934 0.0707106814 6
v 1.92928934 0.0707106814 7
v 1.92928934 0.0707106814 8
v 1.92928934 0.0707106814 9
v 1.92928934 0.0707106814 10
v 1.92928934 0.0707106814 11
v 1.92928934 0.0707106814 12
v 1.92928934 0.0707106814 13
v 1.92928934 0.0707106814 14
v 1.94226503 0.0577350259 14.9422646
v 0.0577350333 1.94226503 0.0577350259
v 1 1.92928934 0.0707106814
v 1 1.89999998 1
v 0.0707106814 1.92928934 1
v 1 1.89999998 2
v 0.0707106814 1.92928934 2
v 1 1.89999998 3
v 0.0707106814 1.92928934 3
v 1 1.89999998 4
v 0.0707106814 1.92928934 4
v 1 1.89999998 5
v 0.0707106814 1.92928934 5
v 1 1.89999998 6
v 0.0707106814 1.92928934 6
v 1 1.89999998 7
v 0.0707106814 1.92928934 7
v 1 1.89999998 8
v 0.0707106814 1.92928934 8
v 1 1.89999998 9
v 0.0707106814 1.92928934 9
v 1 1.89999998 10
v 0.0707106814 1.92928934 10
v 1 1.89999998 11
v 0.0707106814 1.92928934 11
v 1 1.89999998 12
v 0.0707106814 1.92928934 12
v 1 1.89999998 13
v 0.0707106814 1.92928934 13
v 1 1.89999998 14
v 0.0707106814 1.92928934 14
v 1 1.92928934 14.9292889
v 0.0577350259 1.94226503 14.9422646
v 1.94226503 1.94226491 0.0577350259
v 1.92928934 1.92928934 1
v 1.92928934 1.92928934 2
v 1.92928934 1.92928934 3
v 1.92928934 1.92928934 4
v 1.92928934 1.92928934 5
v 1.92928934 1.92928934 6
v 1.92928934 1.92928934 7
v 1.92928934 1.92928934 8
v 1.92928934 1.92928934 9
v 1.92928934 1.92928934 10
v 1.92928934 1.92928934 11
v 1.92928934 1.92928934 12
v 1.92928934 1.92928934 13
v 1.92928934 1.92928934 14
v 1.94226503 1.94226503 14.9422646
v 0.0707107112 1 0.0707108527
v 1 1 0.100000001
v 1.92928934 1 0.0707105026
v 1.89999998 1 0.999999821
v 1.89999998 1 1.99999976
v 1.89999998 1 2.99999976
v 1.89999998 1 4
v 1.89999998 1 5
v 1.89999998 1 6
v 1.89999998 1 7
v 1.89999998 1 8
v 1.89999998 1 9
v 1.89999998 1 10
v 1.89999998 1 11
v 1.89999998 1 12
v 1.89999998 1 13
v 1.89999998 1 14
v 1.92928934 1 14.9292889
v 1 1 14.8999996
v 0.0707107112 1 14.9292889
v 0.0999999717 1 14
v 0.100000031 1 13
v 0.0999999717 1 12
v 0.100000031 1 11
v 0.0999999717 1 10
v 0.100000031 1 9
v 0.0999999717 1 8
v 0.100000031 1 7
v 0.100000031 1 6
v 0.100000031 1 5
v 0.100000031 1 4
v 0.100000031 1 3.00000024
v 0.100000031 1 2.00000024
v 0.100000031 1 1.00000012
v 0.159095526 0.0622815117 0.159095526
v 0.169338793 0.0706809312 0.900045216
v 0.900004745 0.095514752 0.900004745
v 0.900045216 0.0706809312 0.169338793
v 0.170661047 0.0738609135 1.10000002
v 0.170661047 0.0738609135 1.89999998
v 0.900049627 0.0968497694 1.89999998
v 0.900049627 0.0968497694 1.10000002
v 0.170661047 0.0738609135 2.0999999
v 0.170661047 0.0738609135 2.9000001
v 0.900049627 0.0968497694 2.9000001
v 0.900049627 0.0968497694 2.0999999
v 0.170661047 0.0738609135 3.0999999
v 0.170661047 0.0738609135 3.9000001
v 0.900049627 0.0968497694 3.9000001
v 0.900049627 0.0968497694 3.0999999
v 0.170661047 0.0738609135 4.0999999
v 0.170661047 0.0738609135 4.9000001
v 0.900049627 0.0968497694 4.9000001
v 0.900049627 0.0968497694 4.0999999
v 0.170661047 0.0738609135 5.0999999
v 0.170661047 0.0738609135 5.9000001
v 0.900049627 0.0968497694 5.9000001
v 0.900049627 0.0968497694 5.0999999
v 0.170661047 0.0738609135 6.0999999
v 0.170661047 0.0738609135 6.9000001
v 0.900049627 0.0968497694 6.9000001
v 0.900049627 0.0968497694 6.0999999
v 0.170661047 0.0738609135 7.0999999
v 0.170661047 0.0738609135 7.9000001
v 0.900049627 0.0968497694 7.9000001
v 0.900049627 0.0968497694 7.0999999
v 0.170661047 0.0738609135 8.10000038
v 0.170661047 0.0738609135 8.89999962
v 0.900049627 0.0968497694 8.89999962
v 0.900049627 0.0968497694 8.10000038
v 0.170661047 0.0738609135 9.10000038
v 0.170661047 0.0738609135 9.89999962
v 0.900049627 0.0968497694 9.89999962
v 0.900049627 0.0968497694 9.10000038
v 0.170661047 0.0738609135 10.1000004
v 0.170661047 0.0738609135 10.8999996
v 0.900049627 0.0968497694 10.8999996
v 0.900049627 0.0968497694 10.1000004
v 0.170661047 0.0738609135 11.1000004
v 0.170661047 0.0738609135 11.8999996
v 0.900049627 0.0968497694 11.8999996
v 0.900049627 0.0968497694 11.1000004
v 0.170661047 0.0738609135 12.1000004
v 0.170661047 0.0738609135 12.8999996
v 0.900049627 0.0968497694 12.8999996
v 0.900049627 0.0968497694 12.1000004
v 0.170661047 0.0738609135 13.1000004
v 0.170661047 0.0738609135 13.8999996
v 0.900049627 0.0968497694 13.8999996
v 0.900049627 0.0968497694 13.1000004
v 0.169338793 0.0706809238 14.0999546
v 0.159095526 0.0622815192 14.8409042
v 0.900045216 0.0706809312 14.8306608
v 0.900004745 0.0955147445 14.0999956
v 1.09995484 0.0706809238 0.169338793
v 1.09999526 0.095514752 0.900004745
v 1.83066118 0.0706809238 0.900045216
v 1.84090459 0.0622815229 0.159095526
v 1.09995031 0.0968497694 1.10000002
v 1.09995031 0.0968497694 1.89999998
v 1.82933903 0.0738609135 1.89999998
v 1.82933903 0.0738609135 1.10000002
v 1.09995031 0.0968497694 2.0999999
v 1.09995031 0.0968497694 2.9000001
v 1.82933903 0.0738609135 2.9000001
v 1.82933903 0.0738609135 2.0999999
v 1.09995031 0.0968497694 3.0999999
v 1.09995031 0.0968497694 3.9000001
v 1.82933903 0.0738609135 3.9000001
v 1.82933903 0.0738609135 3.0999999
v 1.09995031 0.0968497694 4.0999999
v 1.09995031 0.0968497694 4.9000001
v 1.82933903 0.0738609135 4.9000001
v 1.82933903 0.0738609135 4.0999999
v 1.09995031 0.0968497694 5.0999999
v 1.09995031 0.0968497694 5.9000001
v 1.82933903 0.0738609135 5.9000001
v 1.82933903 0.0738609135 5.0999999
v 1.09995031 0.0968497694 6.0999999
v 1.09995031 0.0968497694 6.9000001
v 1.82933903 0.0738609135 6.9000001
v 1.82933903 0.0738609135 6.0999999
v 1.09995031 0.0968497694 7.0999999
v 1.09995031 0.0968497694 7.9000001
v 1.82933903 0.0738609135 7.9000001
v 1.82933903 0.0738609135 7.0999999
v 1.09995031 0.0968497694 8.10000038
v 1.09995031 0.0968497694 8.89999962
v 1.82933903 0.0738609135 8.89999962
v 1.82933903 0.0738609135 8.10000038
v 1.09995031 0.0968497694 9.10000038
v 1.09995031 0.0968497694 9.89999962
v 1.82933903 0.0738609135 9.89999962
v 1.82933903 0.0738609135 9.10000038
v 1.09995031 0.0968497694 10.1000004
v 1.09995031 0.0968497694 10.8999996
v 1.82933903 0.0738609135 10.8999996
v 1.82933903 0.0738609135 10.1000004
v 1.09995031 0.0968497694 11.1000004
v 1.09995031 0.0968497694 11.8999996
v 1.82933903 0.0738609135 11.8999996
v 1.82933903 0.0738609135 11.1000004
v 1.09995031 0.0968497694 12.1000004
v 1.09995031 0.0968497694 12.8999996
v 1.82933903 0.0738609135 12.8999996
v 1.82933903 0.0738609135 12.1000004
v 1.09995031 0.0968497694 13.1000004
v 1.09995031 0.0968497694 13.8999996
v 1.82933903 0.0738609135 13.8999996
v 1.82933903 0.0738609135 13.1000004
v 1.09999526 0.0955147445 14.0999956
v 1.09995484 0.0706809312 14.8306608
v 1.84090459 0.0622815154 14.8409042
v 1.83066118 0.0706809238 14.0999546
v 0.159095526 1.93771851 0.159095526
v 0.900045216 1.92931914 0.169338793
v 0.900004745 1.90448523 0.900004745
v 0.169338793 1.92931914 0.900045216
v 0.170661047 1.92613912 1.10000002
v 0.900049627 1.9031502 1.10000002
v 0.900049627 1.9031502 1.89999998
v 0.170661047 1.92613912 1.89999998
v 0.170661047 1.92613912 2.0999999
v 0.900049627 1.9031502 2.0999999
v 0.900049627 1.9031502 2.9000001
v 0.170661047 1.92613912 2.9000001
v 0.170661047 1.92613912 3.0999999
v 0.900049627 1.9031502 3.0999999
v 0.900049627 1.9031502 3.9000001
v 0.170661047 1.92613912 3.9000001
v 0.170661047 1.92613912 4.0999999
v 0.900049627 1.9031502 4.0999999
v 0.900049627 1.9031502 4.9000001
v 0.170661047 1.92613912 4.9000001
v 0.170661047 1.92613912 5.0999999
v 0.900049627 1.9031502 5.0999999
v 0.900049627 1.9031502 5.9000001
v 0.170661047 1.92613912 5.9000001
v 0.170661047 1.92613912 6.0999999
v 0.900049627 1.9031502 6.0999999
v 0.900049627 1.9031502 6.9000001
v 0.170661047 1.92613912 6.9000001
v 0.170661047 1.92613912 7.0999999
v 0.900049627 1.9031502 7.0999999
v 0.900049627 1.9031502 7.9000001
v 0.170661047 1.92613912 7.9000001
v 0.170661047 1.92613912 8.10000038
v 0.900049627 1.9031502 8.10000038
v 0.900049627 1.9031502 8.89999962
v 0.170661047 1.92613912 8.89999962
v 0.170661047 1.92613912 9.10000038
v 0.900049627 1.9031502 9.10000038
v 0.900049627 1.9031502 9.89999962
v 0.170661047 1.92613912 9.89999962
v 0.170661047 1.92613912 10.1000004
v 0.900049627 1.9031502 10.1000004
v 0.900049627 1.9031502 10.8999996
v 0.170661047 1.92613912 10.8999996
v 0.170661047 1.92613912 11.1000004
v 0.900049627 1.9031502 11.1000004
v 0.900049627 1.9031502 11.8999996
v 0.170661047 1.92613912 11.8999996
v 0.170661047 1.92613912 12.1000004
v 0.900049627 1.9031502 12.1000004
v 0.900049627 1.9031502 12.8999996
v 0.170661047 1.92613912 12.8999996
v 0.170661047 1.92613912 13.1000004
v 0.900049627 1.9031502 13.1000004
v 0.900049627 1.9031502 13.8999996
v 0.170661047 1.92613912 13.8999996
v 0.169338793 1.92931914 14.0999546
v 0.900004745 1.90448523 14.0999956
v 0.900045216 1.92931914 14.8306608
v 0.159095526 1.93771851 14.8409042
v 1.09995484 1.92931914 0.169338793
v 1.84090459 1.93771839 0.159095526
v 1.83066118 1.92931914 0.900045216
v 1.09999526 1.90448523 0.900004745
v 1.09995031 1.9031502 1.10000002
v 1.82933903 1.92613912 1.10000002
v 1.82933903 1.92613912 1.89999998
v 1.09995031 1.9031502 1.89999998
v 1.09995031 1.9031502 2.0999999
v 1.82933903 1.92613912 2.0999999
v 1.82933903 1.92613912 2.9000001
v 1.09995031 1.9031502 2.9000001
v 1.09995031 1.9031502 3.0999999
v 1.82933903 1.92613912 3.0999999
v 1.82933903 1.92613912 3.9000001
v 1.09995031 1.9031502 3.9000001
v 1.09995031 1.9031502 4.0999999
v 1.82933903 1.92613912 4.0999999
v 1.82933903 1.92613912 4.9000001
v 1.09995031 1.9031502 4.9000001
v 1.09995031 1.9031502 5.0999999
v 1.82933903 1.92613912 5.0999999
v 1.82933903 1.92613912 5.9000001
v 1.09995031 1.9031502 5.9000001
v 1.09995031 1.9031502 6.0999999
v 1.82933903 1.92613912 6.0999999
v 1.82933903 1.92613912 6.9000001
v 1.09995031 1.9031502 6.9000001
v 1.09995031 1.9031502 7.0999999
v 1.82933903 1.92613912 7.0999999
v 1.82933903 1.92613912 7.9000001
v 1.09995031 1.9031502 7.9000001
v 1.09995031 1.9031502 8.10000038
v 1.82933903 1.92613912 8.10000038
v 1.82933903 1.92613912 8.89999962
v 1.09995031 1.9031502 8.89999962
v 1.09995031 1.9031502 9.10000038
v 1.82933903 1.92613912 9.10000038
v 1.82933903 1.92613912 9.89999962
v 1.09995031 1.9031502 9.89999962
v 1.09995031 1.9031502 10.1000004
v 1.82933903 1.92613912 10.1000004
v 1.82933903 1.92613912 10.8999996
v 1.09995031 1.9031502 10.8999996
v 1.09995031 1.9031502 11.1000004
v 1.82933903 1.92613912 11.1000004
v 1.82933903 1.92613912 11.8999996
v 1.09995031 1.9031502 11.8999996
v 1.09995031 1.9031502 12.1000004
v 1.82933903 1.92613912 12.1000004
v 1.82933903 1.92613912 12.8999996
v 1.09995031 1.9031502 12.8999996
v 1.09995031 1.9031502 13.1000004
v 1.82933903 1.92613912 13.1000004
v 1.82933903 1.92613912 13.8999996
v 1.09995031 1.9031502 13.8999996
v 1.09999526 1.90448523 14.0999956
v 1.83066118 1.92931914 14.0999546
v 1.84090459 1.93771851 14.8409042
v 1.09995484 1.92931914 14.8306608
v 0.159095511 0.159095496 0.0622815154
v 0.900045216 0.169338778 0.0706809461
v 0.900004745 0.900004745 0.095514752
v 0.169338822 0.900045216 0.0706810802
v 1.09995484 0.169338793 0.0706809089
v 1.84090459 0.159095526 0.0622815154
v 1.8306613 0.900045216 0.0706807673
v 1.09999526 0.900004745 0.095514752
v 1.93771851 0.159095526 0.159095496
v 1.92931914 0.169338807 0.900045156
v 1.90448523 0.900004745 0.900004625
v 1.92931914 0.900045216 0.169338644
v 1.92613912 0.170661047 1.10000002
v 1.92613912 0.170661047 1.89999998
v 1.9031502 0.900049627 1.89999974
v 1.9031502 0.900049627 1.0999999
v 1.92613912 0.170661047 2.0999999
v 1.92613912 0.170661047 2.9000001
v 1.9031502 0.900049627 2.89999986
v 1.9031502 0.900049627 2.0999999
v 1.92613912 0.170661047 3.0999999
v 1.92613912 0.170661047 3.9000001
v 1.9031502 0.900049627 3.9000001
v 1.9031502 0.900049627 3.0999999
v 1.92613912 0.170661047 4.0999999
v 1.92613912 0.170661047 4.9000001
v 1.9031502 0.900049627 4.9000001
v 1.9031502 0.900049627 4.0999999
v 1.92613912 0.170661047 5.0999999
v 1.92613912 0.170661047 5.9000001
v 1.9031502 0.900049627 5.9000001
v 1.9031502 0.900049627 5.0999999
v 1.92613912 0.170661047 6.0999999
v 1.92613912 0.170661047 6.9000001
v 1.9031502 0.900049627 6.9000001
v 1.9031502 0.900049627 6.0999999
v 1.92613912 0.170661047 7.0999999
v 1.92613912 0.170661047 7.9000001
v 1.9031502 0.900049627 7.9000001
v 1.9031502 0.900049627 7.0999999
v 1.92613912 0.170661047 8.10000038
v 1.92613912 0.170661047 8.89999962
v 1.9031502 0.900049627 8.89999962
v 1.9031502 0.900049627 8.10000038
v 1.92613912 0.170661047 9.10000038
v 1.92613912 0.170661047 9.89999962
v 1.9031502 0.900049627 9.89999962
v 1.9031502 0.900049627 9.10000038
v 1.92613912 0.170661047 10.1000004
v 1.92613912 0.170661047 10.8999996
v 1.9031502 0.900049627 10.8999996
v 1.9031502 0.900049627 10.1000004
v 1.92613912 0.170661047 11.1000004
v 1.92613912 0.170661047 11.8999996
v 1.9031502 0.900049627 11.8999996
v 1.9031502 0.900049627 11.1000004
v 1.92613912 0.170661047 12.1000004
v 1.92613912 0.170661047 12.8999996
v 1.9031502 0.900049627 12.8999996
v 1.9031502 0.900049627 12.1000004
v 1.92613912 0.170661047 13.1000004
v 1.92613912 0.170661047 13.8999996
v 1.9031502 0.900049627 13.8999996
v 1.9031502 0.900049627 13.1000004
v 1.92931914 0.169338793 14.0999546
v 1.93771851 0.159095526 14.8409042
v 1.92931914 0.900045216 14.8306608
v 1.90448523 0.900004745 14.0999956
v 1.84090459 0.159095526 14.9377184
v 1.09995484 0.169338793 14.9293184
v 1.09999526 0.900004745 14.9044847
v 1.8306613 0.900045216 14.9293184
v 0.900045216 0.169338793 14.9293184
v 0.159095496 0.159095496 14.9377184
v 0.169338822 0.900045216 14.9293184
v 0.900004745 0.900004745 14.9044847
v 0.0622815154 0.159095526 14.8409042
v 0.0706809312 0.169338793 14.0999546
v 0.0955147222 0.900004745 14.0999956
v 0.0706809536 0.900045216 14.8306608
v 0.073860921 0.170661047 13.8999996
v 0.0738609135 0.170661047 13.1000004
v 0.0968497917 0.900049627 13.1000004
v 0.0968497396 0.900049627 13.8999996
v 0.0738609135 0.170661047 12.8999996
v 0.073860921 0.170661047 12.1000004
v 0.0968497396 0.900049627 12.1000004
v 0.0968497917 0.900049627 12.8999996
v 0.073860921 0.170661047 11.8999996
v 0.0738609135 0.170661047 11.1000004
v 0.0968497917 0.900049627 11.1000004
v 0.0968497396 0.900049627 11.8999996
v 0.0738609135 0.170661047 10.8999996
v 0.073860921 0.170661047 10.1000004
v 0.0968497396 0.900049627 10.1000004
v 0.0968497917 0.900049627 10.8999996
v 0.073860921 0.170661047 9.89999962
v 0.0738609135 0.170661047 9.10000038
v 0.0968497917 0.900049627 9.10000038
v 0.0968497396 0.900049627 9.89999962
v 0.0738609135 0.170661047 8.89999962
v 0.073860921 0.170661047 8.10000038
v 0.0968497396 0.900049627 8.10000038
v 0.0968497917 0.900049627 8.89999962
v 0.073860921 0.170661047 7.9000001
v 0.0738609135 0.170661047 7.0999999
v 0.0968497917 0.900049627 7.0999999
v 0.0968497396 0.900049627 7.9000001
v 0.073860921 0.170661047 6.9000001
v 0.073860921 0.170661047 6.0999999
v 0.0968497917 0.900049627 6.0999999
v 0.0968497917 0.900049627 6.9000001
v 0.073860921 0.170661047 5.9000001
v 0.073860921 0.170661047 5.0999999
v 0.0968497917 0.900049627 5.0999999
v 0.0968497917 0.900049627 5.9000001
v 0.073860921 0.170661047 4.9000001
v 0.073860921 0.170661047 4.0999999
v 0.0968497917 0.900049627 4.0999999
v 0.0968497917 0.900049627 4.9000001
v 0.073860921 0.170661062 3.9000001
v 0.073860921 0.170661062 3.0999999
v 0.0968497917 0.900049627 3.10000014
v 0.0968497917 0.900049627 3.9000001
v 0.073860921 0.170661047 2.9000001
v 0.073860921 0.170661047 2.0999999
v 0.0968497917 0.900049627 2.10000014
v 0.0968497917 0.900049627 2.9000001
v 0.073860921 0.170661062 1.89999998
v 0.073860921 0.170661062 1.10000002
v 0.0968497917 0.900049627 1.10000014
v 0.0968497917 0.900049627 1.90000021
v 0.0706809312 0.169338807 0.900045216
v 0.0622815266 0.159095511 0.159095541
v 0.0706809536 0.900045216 0.169338956
v 0.0955147743 0.900004745 0.900004864
v 0.169338822 1.09995484 0.0706810802
v 0.900004745 1.09999526 0.095514752
v 0.900045216 1.8306613 0.0706809461
v 0.159095526 1.84090459 0.0622815154
v 1.09999526 1.09999526 0.095514752
v 1.8306613 1.09995484 0.0706807673
v 1.84090459 1.84090447 0.0622815154
v 1.09995484 1.83066118 0.0706809089
v 1.92931914 1.09995484 0.169338644
v 1.90448523 1.09999526 0.900004625
v 1.92931914 1.83066118 0.900045156
v 1.93771851 1.84090447 0.159095496
v 1.9031502 1.09995031 1.0999999
v 1.9031502 1.09995031 1.89999974
v 1.92613912 1.82933903 1.89999998
v 1.92613912 1.82933903 1.10000002
v 1.9031502 1.09995031 2.0999999
v 1.9031502 1.09995031 2.89999986
v 1.92613912 1.82933903 2.9000001
v 1.92613912 1.82933903 2.0999999
v 1.9031502 1.09995031 3.0999999
v 1.9031502 1.09995031 3.9000001
v 1.92613912 1.82933903 3.9000001
v 1.92613912 1.82933903 3.0999999
v 1.9031502 1.09995031 4.0999999
v 1.9031502 1.09995031 4.9000001
v 1.92613912 1.82933903 4.9000001
v 1.92613912 1.82933903 4.0999999
v 1.9031502 1.09995031 5.0999999
v 1.9031502 1.09995031 5.9000001
v 1.92613912 1.82933903 5.9000001
v 1.92613912 1.82933903 5.0999999
v 1.9031502 1.09995031 6.0999999
v 1.9031502 1.09995031 6.9000001
v 1.92613912 1.82933903 6.9000001
v 1.92613912 1.82933903 6.0999999
v 1.9031502 1.09995031 7.0999999
v 1.9031502 1.09995031 7.9000001
v 1.92613912 1.82933903 7.9000001
v 1.92613912 1.82933903 7.0999999
v 1.9031502 1.09995031 8.10000038
v 1.9031502 1.09995031 8.89999962
v 1.92613912 1.82933903 8.89999962
v 1.92613912 1.82933903 8.10000038
v 1.9031502 1.09995031 9.10000038
v 1.9031502 1.09995031 9.89999962
v 1.92613912 1.82933903 9.89999962
v 1.92613912 1.82933903 9.10000038
v 1.9031502 1.09995031 10.1000004
v 1.9031502 1.09995031 10.8999996
v 1.92613912 1.82933903 10.8999996
v 1.92613912 1.82933903 10.1000004
v 1.9031502 1.09995031 11.1000004
v 1.9031502 1.09995031 11.8999996
v 1.92613912 1.82933903 11.8999996
v 1.92613912 1.82933903 11.1000004
v 1.9031502 1.09995031 12.1000004
v 1.9031502 1.09995031 12.8999996
v 1.92613912 1.82933903 12.8999996
v 1.92613912 1.82933903 12.1000004
v 1.9031502 1.09995031 13.1000004
v 1.9031502 1.09995031 13.8999996
v 1.92613912 1.82933903 13.8999996
v 1.92613912 1.82933903 13.1000004
v 1.90448523 1.09999526 14.0999956
v 1.92931914 1.09995484 14.8306608
v 1.93771851 1.84090459 14.8409042
v 1.92931914 1.83066118 14.0999546
v 1.8306613 1.09995484 14.9293184
v 1.09999526 1.09999526 14.9044847
v 1.09995484 1.8306613 14.9293184
v 1.84090459 1.84090459 14.9377184
v 0.900004745 1.09999526 14.9044847
v 0.169338822 1.09995484 14.9293184
v 0.159095526 1.84090459 14.9377184
v 0.900045216 1.8306613 14.9293184
v 0.0706809536 1.09995484 14.8306608
v 0.0955147222 1.09999526 14.0999956
v 0.0706809312 1.83066118 14.0999546
v 0.0622815154 1.84090459 14.8409042
v 0.0968497396 1.09995031 13.8999996
v 0.0968497917 1.09995031 13.1000004
v 0.0738609135 1.82933903 13.1000004
v 0.073860921 1.82933903 13.8999996
v 0.0968497917 1.09995031 12.8999996
v 0.0968497396 1.09995031 12.1000004
v 0.073860921 1.82933903 12.1000004
v 0.0738609135 1.82933903 12.8999996
v 0.0968497396 1.09995031 11.8999996
v 0.0968497917 1.09995031 11.1000004
v 0.0738609135 1.82933903 11.1000004
v 0.073860921 1.82933903 11.8999996
v 0.0968497917 1.09995031 10.8999996
v 0.0968497396 1.09995031 10.1000004
v 0.073860921 1.82933903 10.1000004
v 0.0738609135 1.82933903 10.8999996
v 0.0968497396 1.09995031 9.89999962
v 0.0968497917 1.09995031 9.10000038
v 0.0738609135 1.82933903 9.10000038
v 0.073860921 1.82933903 9.89999962
v 0.0968497917 1.09995031 8.89999962
v 0.0968497396 1.09995031 8.10000038
v 0.073860921 1.82933903 8.10000038
v 0.0738609135 1.82933903 8.89999962
v 0.0968497396 1.09995031 7.9000001
v 0.0968497917 1.09995031 7.0999999
v 0.0738609135 1.82933903 7.0999999
v 0.073860921 1.82933903 7.9000001
v 0.0968497917 1.09995031 6.9000001
v 0.0968497917 1.09995031 6.0999999
v 0.073860921 1.82933903 6.0999999
v 0.073860921 1.82933903 6.9000001
v 0.0968497917 1.09995031 5.9000001
v 0.0968497917 1.09995031 5.0999999
v 0.073860921 1.82933903 5.0999999
v 0.073860921 1.82933903 5.9000001
v 0.0968497917 1.09995031 4.9000001
v 0.0968497917 1.09995031 4.0999999
v 0.073860921 1.82933903 4.0999999
v 0.073860921 1.82933903 4.9000001
v 0.0968497917 1.09995031 3.9000001
v 0.0968497917 1.09995031 3.10000014
v 0.073860921 1.82933903 3.0999999
v 0.073860921 1.82933903 3.9000001
v 0.0968497917 1.09995031 2.9000001
v 0.0968497917 1.09995031 2.10000014
v 0.073860921 1.82933903 2.0999999
v 0.073860921 1.82933903 2.9000001
v 0.0968497917 1.09995031 1.90000021
v 0.0968497917 1.09995031 1.10000014
v 0.073860921 1.82933903 1.10000002
v 0.073860921 1.82933903 1.89999998
v 0.0955147743 1.09999526 0.900004864
v 0.0706809536 1.09995484 0.169338956
v 0.0622815266 1.84090459 0.159095526
v 0.0706809312 1.83066118 0.900045216
v 0.5 2 1.10000002
v 0.404894352 2 1.03090167
v 0.441221476 2 0.919098318
v 0.558778524 2 0.919098318
v 0.595105648 2 1.03090167
v 0.5 3 1.10000002
v 0.404894352 3 1.03090167
v 0.441221476 3 0.919098318
v 0.558778524 3 0.919098318
v 0.595105648 3 1.03090167
v 0.5 4 1.10000002
v 0.404894352 4 1.03090167
v 0.441221476 4 0.919098318
v 0.558778524 4 0.919098318
v 0.595105648 4 1.03090167
v 0.5 5 1.10000002
v 0.404894352 5 1.03090167
v 0.441221476 5 0.919098318
v 0.558778524 5 0.919098318
v 0.595105648 5 1.03090167
v 1.5 2 1.10000002
v 1.59510565 2 1.03090167
v 1.55877852 2 0.919098318
v 1.44122148 2 0.919098318
v 1.40489435 2 1.03090167
v 1.5 3 1.10000002
v 1.59510565 3 1.03090167
v 1.55877852 3 0.919098318
v 1.44122148 3 0.919098318
v 1.40489435 3 1.03090167
v 1.5 4 1.10000002
v 1.59510565 4 1.03090167
v 1.55877852 4 0.919098318
v 1.44122148 4 0.919098318
v 1.40489435 4 1.03090167
v 1.5 5 1.10000002
v 1.59510565 5 1.03090167
v 1.55877852 5 0.919098318
v 1.44122148 5 0.919098318
v 1.40489435 5 1.03090167
v 0.5 2 2.0999999
v 0.404894352 2 2.03090167
v 0.441221476 2 1.91909838
v 0.558778524 2 1.91909838
v 0.595105648 2 2.03090167
v 0.5 3 2.0999999
v 0.404894352 3 2.03090167
v 0.441221476 3 1.91909838
v 0.558778524 3 1.91909838
v 0.595105648 3 2.03090167
v 0.5 4 2.0999999
v 0.404894352 4 2.03090167
v 0.441221476 4 1.91909838
v 0.558778524 4 1.91909838
v 0.595105648 4 2.03090167
v 0.5 5 2.0999999
v 0.404894352 5 2.03090167
v 0.441221476 5 1.91909838
v 0.558778524 5 1.91909838
v 0.595105648 5 2.03090167
v 1.5 2 2.0999999
v 1.59510565 2 2.03090167
v 1.55877852 2 1.91909838
v 1.44122148 2 1.91909838
v 1.40489435 2 2.03090167
v 1.5 3 2.0999999
v 1.59510565 3 2.03090167
v 1.55877852 3 1.91909838
v 1.44122148 3 1.91909838
v 1.40489435 3 2.03090167
v 1.5 4 2.0999999
v 1.59510565 4 2.03090167
v 1.55877852 4 1.91909838
v 1.44122148 4 1.91909838
v 1.40489435 4 2.03090167
v 1.5 5 2.0999999
v 1.59510565 5 2.03090167
v 1.55877852 5 1.91909838
v 1.44122148 5 1.91909838
v 1.40489435 5 2.03090167
v 0.5 2 3.0999999
v 0.404894352 2 3.03090167
v 0.441221476 2 2.91909838
v 0.558778524 2 2.91909838
v 0.595105648 2 3.03090167
v 0.5 3 3.0999999
v 0.404894352 3 3.03090167
v 0.441221476 3 2.91909838
v 0.558778524 3 2.91909838
v 0.595105648 3 3.03090167
v 0.5 4 3.0999999
v 0.404894352 4 3.03090167
v 0.441221476 4 2.91909838
v 0.558778524 4 2.91909838
v 0.595105648 4 3.03090167
v 0.5 5 3.0999999
v 0.404894352 5 3.03090167
v 0.441221476 5 2.91909838
v 0.558778524 5 2.91909838
v 0.595105648 5 3.03090167
v 1.5 2 3.0999999
v 1.59510565 2 3.03090167
v 1.55877852 2 2.91909838
v 1.44122148 2 2.91909838
v 1.40489435 2 3.03090167
v 1.5 3 3.0999999
v 1.59510565 3 3.03090167
v 1.55877852 3 2.91909838
v 1.44122148 3 2.91909838
v 1.40489435 3 3.03090167
v 1.5 4 3.0999999
v 1.59510565 4 3.03090167
v 1.55877852 4 2.91909838
v 1.44122148 4 2.91909838
v 1.40489435 4 3.03090167
v 1.5 5 3.0999999
v 1.59510565 5 3.03090167
v 1.55877852 5 2.91909838
v 1.44122148 5 2.91909838
v 1.40489435 5 3.03090167
v 0.5 2 4.0999999
v 0.404894352 2 4.03090191
v 0.441221476 2 3.91909838
v 0.558778524 2 3.91909838
v 0.595105648 2 4.03090191
v 0.5 3 4.0999999
v 0.404894352 3 4.03090191
v 0.441221476 3 3.91909838
v 0.558778524 3 3.91909838
v 0.595105648 3 4.03090191
v 0.5 4 4.0999999
v 0.404894352 4 4.03090191
v 0.441221476 4 3.91909838
v 0.558778524 4 3.91909838
v 0.595105648 4 4.03090191
v 0.5 5 4.0999999
v 0.404894352 5 4.03090191
v 0.441221476 5 3.91909838
v 0.558778524 5 3.91909838
v 0.595105648 5 4.03090191
v 1.5 2 4.0999999
v 1.59510565 2 4.03090191
v 1.55877852 2 3.91909838
v 1.44122148 2 3.91909838
v 1.40489435 2 4.03090191
v 1.5 3 4.0999999
v 1.59510565 3 4.03090191
v 1.55877852 3 3.91909838
v 1.44122148 3 3.91909838
v 1.40489435 3 4.03090191
v 1.5 4 4.0999999
v 1.59510565 4 4.03090191
v 1.55877852 4 3.91909838
v 1.44122148 4 3.91909838
v 1.40489435 4 4.03090191
v 1.5 5 4.0999999
v 1.59510565 5 4.03090191
v 1.55877852 5 3.91909838
v 1.44122148 5 3.91909838
v 1.40489435 5 4.03090191
v 0.5 2 5.0999999
v 0.404894352 2 5.03090191
v 0.441221476 2 4.91909838
v 0.558778524 2 4.91909838
v 0.595105648 2 5.03090191
v 0.5 3 5.0999999
v 0.404894352 3 5.03090191
v 0.441221476 3 4.91909838
v 0.558778524 3 4.91909838
v 0.595105648 3 5.03090191
v 0.5 4 5.0999999
v 0.404894352 4 5.03090191
v 0.441221476 4 4.91909838
v 0.558778524 4 4.91909838
v 0.595105648 4 5.03090191
v 0.5 5 5.0999999
v 0.404894352 5 5.03090191
v 0.441221476 5 4.91909838
v 0.558778524 5 4.91909838
v 0.595105648 5 5.03090191
v 1.5 2 5.0999999
v 1.59510565 2 5.03090191
v 1.55877852 2 4.91909838
v 1.44122148 2 4.91909838
v 1.40489435 2 5.03090191
v 1.5 3 5.0999999
v 1.59510565 3 5.03090191
v 1.55877852 3 4.91909838
v 1.44122148 3 4.91909838
v 1.40489435 3 5.03090191
v 1.5 4 5.0999999
v 1.59510565 4 5.03090191
v 1.55877852 4 4.91909838
v 1.44122148 4 4.91909838
v 1.40489435 4 5.03090191
v 1.5 5 5.0999999
v 1.59510565 5 5.03090191
v 1.55877852 5 4.91909838
v 1.44122148 5 4.91909838
v 1.40489435 5 5.03090191
v 0.5 2 6.0999999
v 0.404894352 2 6.03090191
v 0.441221476 2 5.91909838
v 0.558778524 2 5.91909838
v 0.595105648 2 6.03090191
v 0.5 3 6.0999999
v 0.404894352 3 6.03090191
v 0.441221476 3 5.91909838
v 0.558778524 3 5.91909838
v 0.595105648 3 6.03090191
v 0.5 4 6.0999999
v 0.404894352 4 6.03090191
v 0.441221476 4 5.91909838
v 0.558778524 4 5.91909838
v 0.595105648 4 6.03090191
v 0.5 5 6.0999999
v 0.404894352 5 6.03090191
v 0.441221476 5 5.91909838
v 0.558778524 5 5.91909838
v 0.595105648 5 6.03090191
v 1.5 2 6.0999999
v 1.59510565 2 6.03090191
v 1.55877852 2 5.91909838
v 1.44122148 2 5.91909838
v 1.40489435 2 6.03090191
v 1.5 3 6.0999999
v 1.59510565 3 6.03090191
v 1.55877852 3 5.91909838
v 1.44122148 3 5.91909838
v 1.40489435 3 6.03090191
v 1.5 4 6.0999999
v 1.59510565 4 6.03090191
v 1.55877852 4 5.91909838
v 1.44122148 4 5.91909838
v 1.40489435 4 6.03090191
v 1.5 5 6.0999999
v 1.59510565 5 6.03090191
v 1.55877852 5 5.91909838
v 1.44122148 5 5.91909838
v 1.40489435 5 6.03090191
v 0.5 2 7.0999999
v 0.404894352 2 7.03090191
v 0.441221476 2 6.91909838
v 0.558778524 2 6.91909838
v 0.595105648 2 7.03090191
v 0.5 3 7.0999999
v 0.404894352 3 7.03090191
v 0.441221476 3 6.91909838
v 0.558778524 3 6.91909838
v 0.595105648 3 7.03090191
v 0.5 4 7.0999999
v 0.404894352 4 7.03090191
v 0.441221476 4 6.91909838
v 0.558778524 4 6.91909838
v 0.595105648 4 7.03090191
v 0.5 5 7.0999999
v 0.404894352 5 7.03090191
v 0.441221476 5 6.91909838
v 0.558778524 5 6.91909838
v 0.595105648 5 7.03090191
v 1.5 2 7.0999999
v 1.59510565 2 7.03090191
v 1.55877852 2 6.91909838
v 1.44122148 2 6.91909838
v 1.40489435 2 7.03090191
v 1.5 3 7.0999999
v 1.59510565 3 7.03090191
v 1.55877852 3 6.91909838
v 1.44122148 3 6.91909838
v 1.40489435 3 7.03090191
v 1.5 4 7.0999999
v 1.59510565 4 7.03090191
v 1.55877852 4 6.91909838
v 1.44122148 4 6.91909838
v 1.40489435 4 7.03090191
v 1.5 5 7.0999999
v 1.59510565 5 7.03090191
v 1.55877852 5 6.91909838
v 1.44122148 5 6.91909838
v 1.40489435 5 7.03090191
v 0.5 2 8.10000038
v 0.404894352 2 8.03090191
v 0.441221476 2 7.91909838
v 0.558778524 2 7.91909838
v 0.595105648 2 8.03090191
v 0.5 3 8.10000038
v 0.404894352 3 8.03090191
v 0.441221476 3 7.91909838
v 0.558778524 3 7.91909838
v 0.595105648 3 8.03090191
v 0.5 4 8.10000038
v 0.404894352 4 8.03090191
v 0.441221476 4 7.91909838
v 0.558778524 4 7.91909838
v 0.595105648 4 8.03090191
v 0.5 5 8.10000038
v 0.404894352 5 8.03090191
v 0.441221476 5 7.91909838
v 0.558778524 5 7.91909838
v 0.595105648 5 8.03090191
v 1.5 2 8.10000038
v 1.59510565 2 8.03090191
v 1.55877852 2 7.91909838
v 1.44122148 2 7.91909838
v 1.40489435 2 8.03090191
v 1.5 3 8.10000038
v 1.59510565 3 8.03090191
v 1.55877852 3 7.91909838
v 1.44122148 3 7.91909838
v 1.40489435 3 8.03090191
v 1.5 4 8.10000038
v 1.59510565 4 8.03090191
v 1.55877852 4 7.91909838
v 1.44122148 4 7.91909838
v 1.40489435 4 8.03090191
v 1.5 5 8.10000038
v 1.59510565 5 8.03090191
v 1.55877852 5 7.91909838
v 1.44122148 5 7.91909838
v 1.40489435 5 8.03090191
v 0.5 2 9.10000038
v 0.404894352 2 9.03090191
v 0.441221476 2 8.9190979
v 0.558778524 2 8.9190979
v 0.595105648 2 9.03090191
v 0.5 3 9.10000038
v 0.404894352 3 9.03090191
v 0.441221476 3 8.9190979
v 0.558778524 3 8.9190979
v 0.595105648 3 9.03090191
v 0.5 4 9.10000038
v 0.404894352 4 9.03090191
v 0.441221476 4 8.9190979
v 0.558778524 4 8.9190979
v 0.595105648 4 9.03090191
v 0.5 5 9.10000038
v 0.404894352 5 9.03090191
v 0.441221476 5 8.9190979
v 0.558778524 5 8.9190979
v 0.595105648 5 9.03090191
v 1.5 2 9.10000038
v 1.59510565 2 9.03090191
v 1.55877852 2 8.9190979
v 1.44122148 2 8.9190979
v 1.40489435 2 9.03090191
v 1.5 3 9.10000038
v 1.59510565 3 9.03090191
v 1.55877852 3 8.9190979
v 1.44122148 3 8.9190979
v 1.40489435 3 9.03090191
v 1.5 4 9.10000038
v 1.59510565 4 9.03090191
v 1.55877852 4 8.9190979
v 1.44122148 4 8.9190979
v 1.40489435 4 9.03090191
v 1.5 5 9.10000038
v 1.59510565 5 9.03090191
v 1.55877852 5 8.9190979
v 1.44122148 5 8.9190979
v 1.40489435 5 9.03090191
v 0.5 2 10.1000004
v 0.404894352 2 10.0309019
v 0.441221476 2 9.9190979
v 0.558778524 2 9.9190979
v 0.595105648 2 10.0309019
v 0.5 3 10.1000004
v 0.404894352 3 10.0309019
v 0.441221476 3 9.9190979
v 0.558778524 3 9.9190979
v 0.595105648 3 10.0309019
v 0.5 4 10.1000004
v 0.404894352 4 10.0309019
v 0.441221476 4 9.9190979
v 0.558778524 4 9.9190979
v 0.595105648 4 10.0309019
v 0.5 5 10.1000004
v 0.404894352 5 10.0309019
v 0.441221476 5 9.9190979
v 0.558778524 5 9.9190979
v 0.595105648 5 10.0309019
v 1.5 2 10.1000004
v 1.59510565 2 10.0309019
v 1.55877852 2 9.9190979
v 1.44122148 2 9.9190979
v 1.40489435 2 10.0309019
v 1.5 3 10.1000004
v 1.59510565 3 10.0309019
v 1.55877852 3 9.9190979
v 1.44122148 3 9.9190979
v 1.40489435 3 10.0309019
v 1.5 4 10.1000004
v 1.59510565 4 10.0309019
v 1.55877852 4 9.9190979
v 1.44122148 4 9.9190979
v 1.40489435 4 10.0309019
v 1.5 5 10.1000004
v 1.59510565 5 10.0309019
v 1.55877852 5 9.9190979
v 1.44122148 5 9.9190979
v 1.40489435 5 10.0309019
v 0.5 2 11.1000004
v 0.404894352 2 11.0309019
v 0.441221476 2 10.9190979
v 0.558778524 2 10.9190979
v 0.595105648 2 11.0309019
v 0.5 3 11.1000004
v 0.404894352 3 11.0309019
v 0.441221476 3 10.9190979
v 0.558778524 3 10.9190979
v 0.595105648 3 11.0309019
v 0.5 4 11.1000004
v 0.404894352 4 11.0309019
v 0.441221476 4 10.9190979
v 0.558778524 4 10.9190979
v 0.595105648 4 11.0309019
v 0.5 5 11.1000004
v 0.404894352 5 11.0309019
v 0.441221476 5 10.9190979
v 0.558778524 5 10.9190979
v 0.595105648 5 11.0309019
v 1.5 2 11.1000004
v 1.59510565 2 11.0309019
v 1.55877852 2 10.9190979
v 1.44122148 2 10.9190979
v 1.40489435 2 11.0309019
v 1.5 3 11.1000004
v 1.59510565 3 11.0309019
v 1.55877852 3 10.9190979
v 1.44122148 3 10.9190979
v 1.40489435 3 11.0309019
v 1.5 4 11.1000004
v 1.59510565 4 11.0309019
v 1.55877852 4 10.9190979
v 1.44122148 4 10.9190979
v 1.40489435 4 11.0309019
v 1.5 5 11.1000004
v 1.59510565 5 11.0309019
v 1.55877852 5 10.9190979
v 1.44122148 5 10.9190979
v 1.40489435 5 11.0309019
v 0.5 2 12.1000004
v 0.404894352 2 12.0309019
v 0.441221476 2 11.9190979
v 0.558778524 2 11.9190979
v 0.595105648 2 12.0309019
v 0.5 3 12.1000004
v 0.404894352 3 12.0309019
v 0.441221476 3 11.9190979
v 0.558778524 3 11.9190979
v 0.595105648 3 12.0309019
v 0.5 4 12.1000004
v 0.404894352 4 12.0309019
v 0.441221476 4 11.9190979
v 0.558778524 4 11.9190979
v 0.595105648 4 12.0309019
v 0.5 5 12.1000004
v 0.404894352 5 12.0309019
v 0.441221476 5 11.9190979
v 0.558778524 5 11.9190979
v 0.595105648 5 12.0309019
v 1.5 2 12.1000004
v 1.59510565 2 12.0309019
v 1.55877852 2 11.9190979
v 1.44122148 2 11.9190979
v 1.40489435 2 12.0309019
v 1.5 3 12.1000004
v 1.59510565 3 12.0309019
v 1.55877852 3 11.9190979
v 1.44122148 3 11.9190979
v 1.40489435 3 12.0309019
v 1.5 4 12.1000004
v 1.59510565 4 12.0309019
v 1.55877852 4 11.9190979
v 1.44122148 4 11.9190979
v 1.40489435 4 12.0309019
v 1.5 5 12.1000004
v 1.59510565 5 12.0309019
v 1.55877852 5 11.9190979
v 1.44122148 5 11.9190979
v 1.40489435 5 12.0309019
v 0.5 2 13.1000004
v 0.404894352 2 13.0309019
v 0.441221476 2 12.9190979
v 0.558778524 2 12.9190979
v 0.595105648 2 13.0309019
v 0.5 3 13.1000004
v 0.404894352 3 13.0309019
v 0.441221476 3 12.9190979
v 0.558778524 3 12.9190979
v 0.595105648 3 13.0309019
v 0.5 4 13.1000004
v 0.404894352 4 13.0309019
v 0.441221476 4 12.9190979
v 0.558778524 4 12.9190979
v 0.595105648 4 13.0309019
v 0.5 5 13.1000004
v 0.404894352 5 13.0309019
v 0.441221476 5 12.9190979
v 0.558778524 5 12.9190979
v 0.595105648 5 13.0309019
v 1.5 2 13.1000004
v 1.59510565 2 13.0309019
v 1.55877852 2 12.9190979
v 1.44122148 2 12.9190979
v 1.40489435 2 13.0309019
v 1.5 3 13.1000004
v 1.59510565 3 13.0309019
v 1.55877852 3 12.9190979
v 1.44122148 3 12.9190979
v 1.40489435 3 13.0309019
v 1.5 4 13.1000004
v 1.59510565 4 13.0309019
v 1.55877852 4 12.9190979
v 1.44122148 4 12.9190979
v 1.40489435 4 13.0309019
v 1.5 5 13.1000004
v 1.59510565 5 13.0309019
v 1.55877852 5 12.9190979
v 1.44122148 5 12.9190979
v 1.40489435 5 13.0309019
v -2.98030365e-08 2 -1.78817203e-07
v 2 2 -1.78817203e-07
v 2 0.700000048 -1.78817203e-07
v -2.98030365e-08 0.699999988 -1.78817203e-07
v 2 2 13
v -2.98030365e-08 2 13
v 2 0.699999988 13
v -2.98030365e-08 0.700000048 13
v 2 2 6.5
v -2.98030365e-08 2 6.5
v -2.98030365e-08 0.700000048 6.5
v 2 0.700000048 6.5
v 1 2 9.75
v 1 2 3.25
v -2.98030365e-08 1.3499999 9.75
v -2.98030365e-08 1.35000002 3.25
v 2 1.35000002 9.75
v 2 1.3499999 3.25
v 2 2 9.75
v 1 2 13
v -2.98030365e-08 2 9.75
v 1 2 6.5
v -2.98030365e-08 2 3.25
v 1 2 -1.78817203e-07
v 2 2 3.25
v -2.98030365e-08 1.35000002 13
v -2.98030365e-08 0.700000048 9.75
v -2.98030365e-08 1.35000002 6.5
v -2.98030365e-08 0.700000048 3.25
v -2.98030365e-08 1.35000002 -1.78817203e-07
v 2 0.700000048 9.75
v 2 1.35000002 13
v 2 1.35000002 6.5
v 2 1.35000002 -1.78817203e-07
v 2 0.700000048 3.25
vt 1.2890625 0 0
vt 1.33513927 0 0
vt 1.33513927 0.0540725589 0
vt 1.2890625 0.0540725589 0
vt 1.33513927 0.108145148 0
vt 1.2890625 0.108145148 0
vt 1.33513927 0.162217736 0
vt 1.2890625 0.162217736 0
vt 1.33513927 0.216290295 0
vt 1.2890625 0.216290295 0
vt 1.33513927 0.270362854 0
vt 1.2890625 0.270362854 0
vt 1.38082266 0 0
vt 1.38082266 0.0540725589 0
vt 1.38082266 0.108145148 0
vt 1.38082266 0.162217736 0
vt 1.38082266 0.216290295 0
vt 1.38082266 0.270362854 0
vt 1.42425406 0 0
vt 1.42425406 0.0540725589 0
vt 1.42425406 0.108145148 0
vt 1.42425406 0.162217736 0
vt 1.42425406 0.216290295 0
vt 1.42425406 0.270362854 0
vt 1.46830249 0 0
vt 1.46830249 0.0540725589 0
vt 1.46830249 0.108145148 0
vt 1.46830249 0.162217736 0
vt 1.46830249 0.216290295 0
vt 1.46830249 0.270362854 0
vt 1.55942535 0 0
vt 1.55942535 0.0540725589 0
vt 1.55942535 0.108145148 0
vt 1.55942535 0.162217736 0
vt 1.55942535 0.216290295 0
vt 1.55942535 0.270362854 0
vt 1.28806353 0.288063526 0
vt 1.24048889 0.288063526 0
vt 1.24048889 0.230450809 0
vt 1.28806353 0.230450809 0
vt 1.24048889 0.172838092 0
vt 1.28806353 0.172838092 0
vt 1.24048889 0.115225405 0
vt 1.28806353 0.115225405 0
vt 1.24048889 0.0576127172 0
vt 1.28806353 0.0576127172 0
vt 1.24048889 0 0
vt 1.28806353 0 0
vt 1.19370604 0.288063526 0
vt 1.19370604 0.230450809 0
vt 1.19370604 0.172838092 0
vt 1.19370604 0.115225405 0
vt 1.19370604 0.0576127172 0
vt 1.19370604 0 0
vt 1.14662158 0.288063526 0
vt 1.14662158 0.230450809 0
vt 1.14662158 0.172838092 0
vt 1.14662158 0.115225405 0
vt 1.14662158 0.0576127172 0
vt 1.14662158 0 0
vt 1.09901023 0.288063526 0
vt 1.09901023 0.230450809 0
vt 1.09901023 0.172838092 0
vt 1.09901023 0.115225405 0
vt 1.09901023 0.0576127172 0
vt 1.09901023 0 0
vt 1 0.288063526 0
vt 1 0.230450809 0
vt 1 0.172838092 0
vt 1 0.115225405 0
vt 1 0.0576127172 0
vt 1 0 0
vt 1.2705245 -0.000777930021 0
vt 1.20992351 -0.000777930021 0
vt 1.20992351 -0.0515988767 0
vt 1.2705245 -0.0515988767 0
vt 1.20992351 -0.102419883 0
vt 1.2705245 -0.102419883 0
vt 1.20992351 -0.15324086 0
vt 1.2705245 -0.15324086 0
vt 1.20992351 -0.204061836 0
vt 1.2705245 -0.204061836 0
vt 1.20992351 -0.254882812 0
vt 1.2705245 -0.254882812 0
vt 1.14922833 -0.000777930021 0
vt 1.14922833 -0.0515988767 0
vt 1.14922833 -0.102419883 0
vt 1.14922833 -0.15324086 0
vt 1.14922833 -0.204061836 0
vt 1.14922833 -0.254882812 0
vt 1.08862734 -0.000777930021 0
vt 1.08862734 -0.0515988767 0
vt 1.08862734 -0.102419883 0
vt 1.08862734 -0.15324086 0
vt 1.08862734 -0.204061836 0
vt 1.08862734 -0.254882812 0
vt 1.02939463 -0.000777930021 0
vt 1.02939463 -0.0515988767 0
vt 1.02939463 -0.102419883 0
vt 1.02939463 -0.15324086 0
vt 1.02939463 -0.204061836 0
vt 1.02939463 -0.254882812 0
vt 0.969326973 -0.000777930021 0
vt 0.969326973 -0.0515988767 0
vt 0.969326973 -0.102419883 0
vt 0.969326973 -0.15324086 0
vt 0.969326973 -0.204061836 0
vt 0.969326973 -0.254882812 0
vt 0.908725977 -0.000777930021 0
vt 0.908725977 -0.0515988767 0
vt 0.908725977 -0.102419883 0
vt 0.908725977 -0.15324086 0
vt 0.908725977 -0.204061836 0
vt 0.908725977 -0.254882812 0
vt 0.848124743 -0.000777930021 0
vt 0.848124743 -0.0515988767 0
vt 0.848124743 -0.102419883 0
vt 0.848124743 -0.15324086 0
vt 0.848124743 -0.204061836 0
vt 0.848124743 -0.254882812 0
vt 0.787523746 -0.000777930021 0
vt 0.787523746 -0.0515988767 0
vt 0.787523746 -0.102419883 0
vt 0.787523746 -0.15324086 0
vt 0.787523746 -0.204061836 0
vt 0.787523746 -0.254882812 0
vt 0.726922512 -0.000777930021 0
vt 0.726922512 -0.0515988767 0
vt 0.726922512 -0.102419883 0
vt 0.726922512 -0.15324086 0
vt 0.726922512 -0.204061836 0
vt 0.726922512 -0.254882812 0
vt 0.666321516 -0.000777930021 0
vt 0.666321516 -0.0515988767 0
vt 0.666321516 -0.102419883 0
vt 0.666321516 -0.15324086 0
vt 0.666321516 -0.204061836 0
vt 0.666321516 -0.254882812 0
vt 0.60572052 -0.000777930021 0
vt 0.60572052 -0.0515988767 0
vt 0.60572052 -0.102419883 0
vt 0.60572052 -0.15324086 0
vt 0.60572052 -0.204061836 0
vt 0.60572052 -0.254882812 0
vt 0.545119524 -0.000777930021 0
vt 0.545119524 -0.0515988767 0
vt 0.545119524 -0.102419883 0
vt 0.545119524 -0.15324086 0
vt 0.545119524 -0.204061836 0
vt 0.545119524 -0.254882812 0
vt 0.484518051 -0.000777930021 0
vt 0.484518051 -0.0515988767 0
vt 0.484518051 -0.102419883 0
vt 0.484518051 -0.15324086 0
vt 0.484518051 -0.204061836 0
vt 0.484518051 -0.254882812 0
vt 0.423917294 -0.000777930021 0
vt 0.423917294 -0.0515988767 0
vt 0.423917294 -0.102419883 0
vt 0.423917294 -0.15324086 0
vt 0.423917294 -0.204061836 0
vt 0.423917294 -0.254882812 0
vt 0.363316298 -0.000777930021 0
vt 0.363316298 -0.0515988767 0
vt 0.363316298 -0.102419883 0
vt 0.363316298 -0.15324086 0
vt 0.363316298 -0.204061836 0
vt 0.363316298 -0.254882812 0
vt 0.302715063 -0.000777930021 0
vt 0.302715063 -0.0515988767 0
vt 0.302715063 -0.102419883 0
vt 0.302715063 -0.15324086 0
vt 0.302715063 -0.204061836 0
vt 0.302715063 -0.254882812 0
vt 0.242718697 -0.000777930021 0
vt 0.242718697 -0.0515988767 0
vt 0.242718697 -0.102419883 0
vt 0.242718697 -0.15324086 0
vt 0.242718697 -0.204061836 0
vt 0.242718697 -0.254882812 0
vt 0.184452534 -0.000777930021 0
vt 0.184452534 -0.0515988767 0
vt 0.184452534 -0.102419883 0
vt 0.184452534 -0.15324086 0
vt 0.184452534 -0.204061836 0
vt 0.184452534 -0.254882812 0
vt 0.123851538 -0.000777930021 0
vt 0.123851538 -0.0515988767 0
vt 0.123851538 -0.102419883 0
vt 0.123851538 -0.15324086 0
vt 0.123851538 -0.204061836 0
vt 0.123851538 -0.254882812 0
vt 0 -0.000777930021 0
vt 0 -0.0515988767 0
vt 0 -0.102419883 0
vt 0 -0.15324086 0
vt 0 -0.204061836 0
vt 0 -0.254882812 0
vt 0.930520356 0.764297545 0
vt 0.87161386 0.763486385 0
vt 0.877862632 0.757320523 0
vt 0.924183726 0.757960916 0
vt 0.87161386 0.70539099 0
vt 0.877865136 0.711642265 0
vt 0.929709196 0.70539099 0
vt 0.923543394 0.711639762 0
vt 0.809097826 0.763486385 0
vt 0.815349519 0.757237911 0
vt 0.865362227 0.757237911 0
vt 0.809097826 0.70539099 0
vt 0.815349519 0.711639464 0
vt 0.865362227 0.711639464 0
vt 0.746581972 0.763486385 0
vt 0.752833545 0.757237911 0
vt 0.802846313 0.757237911 0
vt 0.746581972 0.70539099 0
vt 0.752833545 0.711639464 0
vt 0.802846313 0.711639464 0
vt 0.684065998 0.763486385 0
vt 0.690317631 0.757237911 0
vt 0.740330279 0.757237911 0
vt 0.684065998 0.70539099 0
vt 0.690317631 0.711639464 0
vt 0.740330279 0.711639464 0
vt 0.621550083 0.763486385 0
vt 0.627801657 0.757237911 0
vt 0.677814424 0.757237911 0
vt 0.621550083 0.70539099 0
vt 0.627801657 0.711639464 0
vt 0.677814424 0.711639464 0
vt 0.559034109 0.763486385 0
vt 0.565285742 0.757237911 0
vt 0.61529845 0.757237911 0
vt 0.559034109 0.70539099 0
vt 0.565285742 0.711639464 0
vt 0.61529845 0.711639464 0
vt 0.496518135 0.763486385 0
vt 0.502769768 0.757237911 0
vt 0.552782476 0.757237911 0
vt 0.496518135 0.70539099 0
vt 0.502769768 0.711639464 0
vt 0.552782476 0.711639464 0
vt 0.434002191 0.763486385 0
vt 0.440253794 0.757237911 0
vt 0.490266562 0.757237911 0
vt 0.434002191 0.70539099 0
vt 0.440253794 0.711639464 0
vt 0.490266562 0.711639464 0
vt 0.371486247 0.763486385 0
vt 0.37773788 0.757237911 0
vt 0.427750587 0.757237911 0
vt 0.371486247 0.70539099 0
vt 0.37773788 0.711639464 0
vt 0.427750587 0.711639464 0
vt 0.308970302 0.763486385 0
vt 0.315221965 0.757237911 0
vt 0.365234643 0.757237911 0
vt 0.308970302 0.70539099 0
vt 0.315221965 0.711639464 0
vt 0.365234643 0.711639464 0
vt 0.246454388 0.763486385 0
vt 0.252706021 0.757237911 0
vt 0.302718699 0.757237911 0
vt 0.246454388 0.70539099 0
vt 0.252705991 0.711639464 0
vt 0.302718699 0.711639464 0
vt 0.183938444 0.763486385 0
vt 0.190190077 0.757237911 0
vt 0.240202755 0.757237911 0
vt 0.183938444 0.70539099 0
vt 0.190190077 0.711639464 0
vt 0.240202755 0.711639464 0
vt 0.121422529 0.763486385 0
vt 0.127674133 0.757237911 0
vt 0.17768681 0.757237911 0
vt 0.121422529 0.70539099 0
vt 0.127674133 0.711639464 0
vt 0.17768681 0.711639464 0
vt 0.0589065254 0.763486385 0
vt 0.0651581883 0.757237911 0
vt 0.115170866 0.757237911 0
vt 0.0589065254 0.70539099 0
vt 0.0651581883 0.711639464 0
vt 0.115170866 0.711639464 0
vt 7.12653685e-17 0.764297545 0
vt 0.00633662939 0.757960916 0
vt 0.052657783 0.757320583 0
vt 0.000811189413 0.70539099 0
vt 0.00697702169 0.711639762 0
vt 0.05265522 0.711642265 0
vt 0.877865136 0.699139714 0
vt 0.923543394 0.699142218 0
vt 0.87161386 0.647295594 0
vt 0.877862573 0.653461397 0
vt 0.930520296 0.646484375 0
vt 0.924183726 0.652821004 0
vt 0.815349519 0.699142516 0
vt 0.865362227 0.699142456 0
vt 0.809097767 0.647295594 0
vt 0.81534946 0.653544068 0
vt 0.865362167 0.653544068 0
vt 0.752833545 0.699142516 0
vt 0.802846313 0.699142516 0
vt 0.746581912 0.647295594 0
vt 0.752833486 0.653544068 0
vt 0.802846313 0.653544068 0
vt 0.690317631 0.699142516 0
vt 0.740330279 0.699142516 0
vt 0.684065938 0.647295594 0
vt 0.690317631 0.653544068 0
vt 0.740330219 0.653544068 0
vt 0.627801657 0.699142516 0
vt 0.677814424 0.699142516 0
vt 0.621550083 0.647295594 0
vt 0.627801657 0.653544068 0
vt 0.677814364 0.653544068 0
vt 0.565285742 0.699142516 0
vt 0.61529845 0.699142516 0
vt 0.559034109 0.647295594 0
vt 0.565285683 0.653544068 0
vt 0.61529839 0.653544068 0
vt 0.502769768 0.699142516 0
vt 0.552782476 0.699142516 0
vt 0.496518135 0.647295594 0
vt 0.502769768 0.653544068 0
vt 0.552782476 0.653544068 0
vt 0.440253794 0.699142516 0
vt 0.490266562 0.699142516 0
vt 0.434002191 0.647295594 0
vt 0.440253794 0.653544068 0
vt 0.490266562 0.653544068 0
vt 0.37773788 0.699142516 0
vt 0.427750587 0.699142516 0
vt 0.371486247 0.647295594 0
vt 0.37773788 0.653544068 0
vt 0.427750587 0.653544068 0
vt 0.315221965 0.699142516 0
vt 0.365234643 0.699142516 0
vt 0.308970302 0.647295594 0
vt 0.315221965 0.653544068 0
vt 0.365234643 0.653544068 0
vt 0.252705991 0.699142516 0
vt 0.302718699 0.699142516 0
vt 0.246454388 0.647295594 0
vt 0.252705991 0.653544068 0
vt 0.302718699 0.653544068 0
vt 0.190190077 0.699142516 0
vt 0.240202755 0.699142516 0
vt 0.183938444 0.647295594 0
vt 0.190190077 0.653544068 0
vt 0.240202755 0.653544068 0
vt 0.127674133 0.699142516 0
vt 0.17768681 0.699142516 0
vt 0.121422529 0.647295594 0
vt 0.127674133 0.653544068 0
vt 0.17768681 0.653544068 0
vt 0.0651581883 0.699142516 0
vt 0.115170866 0.699142516 0
vt 0.0589065254 0.647295594 0
vt 0.0651581883 0.653544068 0
vt 0.115170866 0.653544068 0
vt 0.00697702169 0.699142218 0
vt 0.05265522 0.699139714 0
vt 0 0.646484375 0
vt 0.00633662939 0.652821004 0
vt 0.052657783 0.653461397 0
vt 0.93052125 0.2890625 0
vt 0.929710031 0.347969145 0
vt 0.923544228 0.341720372 0
vt 0.924184561 0.295399159 0
vt 0.871614575 0.347969145 0
vt 0.877865911 0.341717839 0
vt 0.871614575 0.289873719 0
vt 0.877863348 0.296039522 0
vt 0.865363002 0.34172067 0
vt 0.865363002 0.296122223 0
vt 0.809098601 0.347969145 0
vt 0.815350235 0.34172067 0
vt 0.809098601 0.289873719 0
vt 0.815350235 0.296122223 0
vt 0.802846968 0.34172067 0
vt 0.802846968 0.296122223 0
vt 0.746582568 0.347969145 0
vt 0.752834201 0.34172067 0
vt 0.746582568 0.289873719 0
vt 0.752834201 0.296122223 0
vt 0.740330994 0.34172067 0
vt 0.740330994 0.296122223 0
vt 0.684066594 0.347969145 0
vt 0.690318167 0.34172067 0
vt 0.684066594 0.289873719 0
vt 0.690318167 0.296122223 0
vt 0.67781502 0.34172067 0
vt 0.67781502 0.296122223 0
vt 0.62155062 0.347969145 0
vt 0.627802193 0.34172067 0
vt 0.62155062 0.289873719 0
vt 0.627802193 0.296122223 0
vt 0.615298986 0.34172067 0
vt 0.615298986 0.296122223 0
vt 0.559034586 0.347969145 0
vt 0.56528616 0.34172067 0
vt 0.559034586 0.289873719 0
vt 0.56528616 0.296122223 0
vt 0.552783012 0.34172067 0
vt 0.552783012 0.296122223 0
vt 0.496518612 0.347969145 0
vt 0.502770185 0.34172067 0
vt 0.496518612 0.289873719 0
vt 0.502770185 0.296122223 0
vt 0.490267009 0.34172067 0
vt 0.490267009 0.296122223 0
vt 0.434002608 0.347969145 0
vt 0.440254182 0.34172067 0
vt 0.434002608 0.289873719 0
vt 0.440254182 0.296122223 0
vt 0.427751005 0.34172067 0
vt 0.427751005 0.296122223 0
vt 0.371486664 0.347969145 0
vt 0.377738267 0.34172067 0
vt 0.371486664 0.289873719 0
vt 0.377738267 0.296122223 0
vt 0.365235001 0.34172067 0
vt 0.365235001 0.296122223 0
vt 0.30897063 0.347969145 0
vt 0.315222263 0.34172067 0
vt 0.30897063 0.289873719 0
vt 0.315222263 0.296122223 0
vt 0.302719057 0.34172067 0
vt 0.302719057 0.296122223 0
vt 0.246454656 0.347969145 0
vt 0.25270623 0.34172067 0
vt 0.246454656 0.289873719 0
vt 0.25270623 0.296122223 0
vt 0.240203023 0.34172067 0
vt 0.240203023 0.296122223 0
vt 0.183938622 0.347969145 0
vt 0.190190256 0.34172067 0
vt 0.183938622 0.289873719 0
vt 0.190190256 0.296122223 0
vt 0.177687049 0.34172067 0
vt 0.177687049 0.296122223 0
vt 0.121422648 0.347969145 0
vt 0.127674222 0.34172067 0
vt 0.121422648 0.289873719 0
vt 0.127674222 0.296122223 0
vt 0.115171015 0.34172067 0
vt 0.115171015 0.296122223 0
vt 0.0589066148 0.347969145 0
vt 0.0651582479 0.34172067 0
vt 0.0589066148 0.289873719 0
vt 0.0651582479 0.296122223 0
vt 0.0526553392 0.341717839 0
vt 0.0526578426 0.296039522 0
vt 0.000811219215 0.347969145 0
vt 0.0069770813 0.341720372 0
vt 4.4408921e-16 0.2890625 0
vt 0.006336689 0.295399159 0
vt 0.93052125 0.406875789 0
vt 0.924184561 0.40053916 0
vt 0.923544228 0.354217917 0
vt 0.871614575 0.4060646 0
vt 0.877863348 0.399898767 0
vt 0.877865911 0.35422045 0
vt 0.865363002 0.399816126 0
vt 0.865363002 0.354217649 0
vt 0.809098601 0.4060646 0
vt 0.815350175 0.399816126 0
vt 0.815350235 0.354217649 0
vt 0.802846968 0.399816126 0
vt 0.802846968 0.354217649 0
vt 0.746582568 0.4060646 0
vt 0.752834201 0.399816126 0
vt 0.752834201 0.354217649 0
vt 0.740330994 0.399816126 0
vt 0.740330994 0.354217649 0
vt 0.684066594 0.4060646 0
vt 0.690318167 0.399816126 0
vt 0.690318167 0.354217649 0
vt 0.67781496 0.399816126 0
vt 0.67781502 0.354217649 0
vt 0.62155062 0.4060646 0
vt 0.627802193 0.399816126 0
vt 0.627802193 0.354217649 0
vt 0.615298986 0.399816126 0
vt 0.615298986 0.354217649 0
vt 0.559034586 0.4060646 0
vt 0.56528616 0.399816126 0
vt 0.56528616 0.354217649 0
vt 0.552783012 0.399816126 0
vt 0.552783012 0.354217649 0
vt 0.496518612 0.4060646 0
vt 0.502770185 0.399816126 0
vt 0.502770185 0.354217649 0
vt 0.490267009 0.399816126 0
vt 0.490267009 0.354217649 0
vt 0.434002608 0.4060646 0
vt 0.440254182 0.399816126 0
vt 0.440254182 0.354217649 0
vt 0.427751005 0.399816126 0
vt 0.427751005 0.354217649 0
vt 0.371486664 0.4060646 0
vt 0.377738267 0.399816126 0
vt 0.377738267 0.354217649 0
vt 0.365235001 0.399816126 0
vt 0.365235001 0.354217649 0
vt 0.30897063 0.4060646 0
vt 0.315222263 0.399816126 0
vt 0.315222263 0.354217649 0
vt 0.302719057 0.399816126 0
vt 0.302719057 0.354217649 0
vt 0.246454656 0.4060646 0
vt 0.25270623 0.399816126 0
vt 0.25270623 0.354217649 0
vt 0.240203023 0.399816126 0
vt 0.240203023 0.354217649 0
vt 0.183938622 0.4060646 0
vt 0.190190256 0.399816126 0
vt 0.190190256 0.354217649 0
vt 0.177687049 0.399816126 0
vt 0.177687049 0.354217649 0
vt 0.121422648 0.4060646 0
vt 0.127674222 0.399816126 0
vt 0.127674222 0.354217649 0
vt 0.115171015 0.399816126 0
vt 0.115171015 0.354217649 0
vt 0.0589066148 0.4060646 0
vt 0.0651582479 0.399816126 0
vt 0.0651582479 0.354217649 0
vt 0.0526578426 0.399898767 0
vt 0.0526553392 0.35422045 0
vt 0 0.406875789 0
vt 0.006336689 0.40053916 0
vt 0.0069770813 0.354217917 0
vt 0.166015625 0.764648438 0
vt 0.224925011 0.765459657 0
vt 0.218675941 0.771625757 0
vt 0.172352582 0.770985365 0
vt 0.224925011 0.823557854 0
vt 0.218673408 0.817306221 0
vt 0.166826844 0.823557854 0
vt 0.172992975 0.817308784 0
vt 0.283834398 0.764648438 0
vt 0.277497441 0.770985365 0
vt 0.231174082 0.771625757 0
vt 0.283023179 0.823557854 0
vt 0.276857048 0.817308784 0
vt 0.231176615 0.817306221 0
vt 0.93052125 0.526016355 0
vt 0.871614575 0.525205195 0
vt 0.877863348 0.519039333 0
vt 0.924184561 0.519679725 0
vt 0.871614575 0.46710974 0
vt 0.877865911 0.473361075 0
vt 0.92971009 0.46710974 0
vt 0.923544228 0.473358512 0
vt 0.809098601 0.525205195 0
vt 0.815350175 0.518956721 0
vt 0.865363002 0.518956721 0
vt 0.809098601 0.46710974 0
vt 0.815350235 0.473358274 0
vt 0.865363002 0.473358274 0
vt 0.746582568 0.525205195 0
vt 0.752834201 0.518956721 0
vt 0.802846968 0.518956721 0
vt 0.746582627 0.46710974 0
vt 0.752834201 0.473358274 0
vt 0.802846968 0.473358274 0
vt 0.684066594 0.525205195 0
vt 0.690318167 0.518956721 0
vt 0.740330994 0.518956721 0
vt 0.684066594 0.46710974 0
vt 0.690318167 0.473358274 0
vt 0.740330994 0.473358274 0
vt 0.62155062 0.525205195 0
vt 0.627802193 0.518956721 0
vt 0.67781496 0.518956721 0
vt 0.62155062 0.46710974 0
vt 0.627802193 0.473358274 0
vt 0.67781502 0.473358274 0
vt 0.559034586 0.525205195 0
vt 0.56528616 0.518956721 0
vt 0.615298986 0.518956721 0
vt 0.559034586 0.46710974 0
vt 0.56528616 0.473358274 0
vt 0.615298986 0.473358274 0
vt 0.496518612 0.525205195 0
vt 0.502770185 0.518956721 0
vt 0.552783012 0.518956721 0
vt 0.496518612 0.46710974 0
vt 0.502770185 0.473358274 0
vt 0.552783012 0.473358274 0
vt 0.434002608 0.525205195 0
vt 0.440254182 0.518956721 0
vt 0.490267009 0.518956721 0
vt 0.434002608 0.46710974 0
vt 0.440254182 0.473358274 0
vt 0.490267009 0.473358274 0
vt 0.371486664 0.525205195 0
vt 0.377738267 0.518956721 0
vt 0.427751005 0.518956721 0
vt 0.371486664 0.46710974 0
vt 0.377738267 0.473358274 0
vt 0.427751005 0.473358274 0
vt 0.30897063 0.525205195 0
vt 0.315222263 0.518956721 0
vt 0.365235001 0.518956721 0
vt 0.30897063 0.46710974 0
vt 0.315222263 0.473358274 0
vt 0.365235001 0.473358274 0
vt 0.246454656 0.525205195 0
vt 0.25270623 0.518956721 0
vt 0.302719057 0.518956721 0
vt 0.246454656 0.46710974 0
vt 0.25270623 0.473358274 0
vt 0.302719057 0.473358274 0
vt 0.183938622 0.525205195 0
vt 0.190190256 0.518956721 0
vt 0.240203023 0.518956721 0
vt 0.183938622 0.46710974 0
vt 0.190190256 0.473358274 0
vt 0.240203023 0.473358274 0
vt 0.121422648 0.525205195 0
vt 0.127674222 0.518956721 0
vt 0.177687049 0.518956721 0
vt 0.121422648 0.46710974 0
vt 0.127674222 0.473358274 0
vt 0.177687049 0.473358274 0
vt 0.0589066148 0.525205195 0
vt 0.0651582479 0.518956721 0
vt 0.115171015 0.518956721 0
vt 0.0589066148 0.46710974 0
vt 0.0651582479 0.473358274 0
vt 0.115171015 0.473358274 0
vt 0 0.526016355 0
vt 0.006336689 0.519679725 0
vt 0.0526578426 0.519039333 0
vt 0.000811219215 0.46710974 0
vt 0.0069770813 0.473358512 0
vt 0.0526553392 0.473361075 0
vt 0.046875 0.764648438 0
vt 0.105784416 0.765459657 0
vt 0.099535346 0.771625757 0
vt 0.0532119498 0.770985365 0
vt 0.105784416 0.823557854 0
vt 0.0995328128 0.81730628 0
vt 0.0476862267 0.823557854 0
vt 0.0538523495 0.817308784 0
vt 0.164693832 0.764648438 0
vt 0.158356875 0.770985365 0
vt 0.112033486 0.771625757 0
vt 0.163882613 0.823557854 0
vt 0.157716483 0.817308784 0
vt 0.11203602 0.81730628 0
vt 0.930520654 0.64515686 0
vt 0.871614099 0.644345641 0
vt 0.877862811 0.638179898 0
vt 0.924183965 0.638820231 0
vt 0.871614099 0.586250305 0
vt 0.877865434 0.592501581 0
vt 0.929709435 0.586250305 0
vt 0.923543632 0.592499077 0
vt 0.809098125 0.644345641 0
vt 0.815349698 0.638097227 0
vt 0.865362406 0.638097227 0
vt 0.809098125 0.586250305 0
vt 0.815349698 0.592498839 0
vt 0.865362406 0.592498839 0
vt 0.74658215 0.644345641 0
vt 0.752833784 0.638097227 0
vt 0.802846491 0.638097227 0
vt 0.74658215 0.586250305 0
vt 0.752833784 0.592498839 0
vt 0.802846491 0.592498839 0
vt 0.684066176 0.644345641 0
vt 0.69031781 0.638097227 0
vt 0.740330517 0.638097227 0
vt 0.684066176 0.586250305 0
vt 0.69031781 0.592498839 0
vt 0.740330517 0.592498839 0
vt 0.621550262 0.644345641 0
vt 0.627801836 0.638097227 0
vt 0.677814543 0.638097227 0
vt 0.621550262 0.586250305 0
vt 0.627801836 0.592498839 0
vt 0.677814543 0.592498839 0
vt 0.559034288 0.644345641 0
vt 0.565285921 0.638097227 0
vt 0.615298629 0.638097227 0
vt 0.559034288 0.586250305 0
vt 0.565285921 0.592498839 0
vt 0.615298629 0.592498839 0
vt 0.496518314 0.644345641 0
vt 0.502769947 0.638097227 0
vt 0.552782655 0.638097227 0
vt 0.496518314 0.586250305 0
vt 0.502769947 0.592498839 0
vt 0.552782655 0.592498839 0
vt 0.43400237 0.644345641 0
vt 0.440253943 0.638097227 0
vt 0.490266711 0.638097227 0
vt 0.43400237 0.586250305 0
vt 0.440253943 0.592498839 0
vt 0.490266711 0.592498839 0
vt 0.371486396 0.644345641 0
vt 0.377737999 0.638097227 0
vt 0.427750707 0.638097227 0
vt 0.371486396 0.586250305 0
vt 0.377737999 0.592498839 0
vt 0.427750707 0.592498839 0
vt 0.308970392 0.644345641 0
vt 0.315222085 0.638097227 0
vt 0.365234762 0.638097227 0
vt 0.308970392 0.586250305 0
vt 0.315222085 0.592498839 0
vt 0.365234762 0.592498839 0
vt 0.246454477 0.644345641 0
vt 0.252706051 0.638097227 0
vt 0.302718818 0.638097227 0
vt 0.246454477 0.586250305 0
vt 0.252706051 0.592498839 0
vt 0.302718818 0.592498839 0
vt 0.183938444 0.644345641 0
vt 0.190190136 0.638097227 0
vt 0.240202844 0.638097227 0
vt 0.183938444 0.586250305 0
vt 0.190190136 0.592498839 0
vt 0.240202844 0.592498839 0
vt 0.121422589 0.644345641 0
vt 0.127674162 0.638097227 0
vt 0.17768693 0.638097227 0
vt 0.121422589 0.586250305 0
vt 0.127674162 0.592498839 0
vt 0.17768693 0.592498839 0
vt 0.0589065552 0.644345641 0
vt 0.0651581883 0.638097227 0
vt 0.115170896 0.638097227 0
vt 0.0589065552 0.586250305 0
vt 0.0651581883 0.592498839 0
vt 0.115171015 0.592498839 0
vt 0 0.64515686 0
vt 0.006336689 0.638820231 0
vt 0.052657783 0.638179898 0
vt 0.000811219215 0.586250305 0
vt 0.00697702169 0.592499077 0
vt 0.0526553988 0.592501581 0
vt 0.218673408 0.829809427 0
vt 0.172992975 0.829806924 0
vt 0.224925011 0.881655991 0
vt 0.218675941 0.875489891 0
vt 0.166015625 0.88246721 0
vt 0.172352582 0.876130283 0
vt 0.276857048 0.829806924 0
vt 0.231176615 0.829809427 0
vt 0.283834398 0.88246721 0
vt 0.277497441 0.876130283 0
vt 0.231174082 0.875489891 0
vt 0.877865911 0.460858464 0
vt 0.923544228 0.460860968 0
vt 0.871614575 0.409014344 0
vt 0.877863348 0.415180087 0
vt 0.93052125 0.408203125 0
vt 0.924184561 0.414539754 0
vt 0.815350235 0.460861206 0
vt 0.865363002 0.460861206 0
vt 0.809098601 0.409014344 0
vt 0.815350235 0.415262759 0
vt 0.865363002 0.415262759 0
vt 0.752834201 0.460861206 0
vt 0.802846968 0.460861206 0
vt 0.746582568 0.409014344 0
vt 0.752834201 0.415262759 0
vt 0.802846968 0.415262759 0
vt 0.690318167 0.460861206 0
vt 0.740330994 0.460861206 0
vt 0.684066594 0.409014344 0
vt 0.690318167 0.415262759 0
vt 0.740330994 0.415262759 0
vt 0.627802193 0.460861206 0
vt 0.67781502 0.460861206 0
vt 0.62155062 0.409014344 0
vt 0.627802193 0.415262759 0
vt 0.67781502 0.415262759 0
vt 0.56528616 0.460861206 0
vt 0.615298986 0.460861206 0
vt 0.559034586 0.409014344 0
vt 0.56528616 0.415262759 0
vt 0.615298986 0.415262759 0
vt 0.502770185 0.460861206 0
vt 0.552783012 0.460861206 0
vt 0.496518612 0.409014344 0
vt 0.502770185 0.415262759 0
vt 0.552783012 0.415262759 0
vt 0.440254182 0.460861206 0
vt 0.490267009 0.460861206 0
vt 0.434002608 0.409014344 0
vt 0.440254182 0.415262759 0
vt 0.490267009 0.415262759 0
vt 0.377738267 0.460861206 0
vt 0.427751005 0.460861206 0
vt 0.371486664 0.409014344 0
vt 0.377738267 0.415262759 0
vt 0.427751005 0.415262759 0
vt 0.315222263 0.460861206 0
vt 0.365235001 0.460861206 0
vt 0.30897063 0.409014344 0
vt 0.315222263 0.415262759 0
vt 0.365235001 0.415262759 0
vt 0.25270623 0.460861206 0
vt 0.302719057 0.460861206 0
vt 0.246454656 0.409014344 0
vt 0.25270623 0.415262759 0
vt 0.302719057 0.415262759 0
vt 0.190190256 0.460861206 0
vt 0.240203023 0.460861206 0
vt 0.183938622 0.409014344 0
vt 0.190190256 0.415262759 0
vt 0.240203023 0.415262759 0
vt 0.127674222 0.460861206 0
vt 0.177687049 0.460861206 0
vt 0.121422648 0.409014344 0
vt 0.127674222 0.415262759 0
vt 0.177687049 0.415262759 0
vt 0.0651582479 0.460861206 0
vt 0.115171015 0.460861206 0
vt 0.0589066148 0.409014344 0
vt 0.0651582479 0.415262759 0
vt 0.115171015 0.415262759 0
vt 0.0069770813 0.460860968 0
vt 0.0526553392 0.460858464 0
vt 2.22044605e-16 0.408203125 0
vt 0.006336689 0.414539754 0
vt 0.0526578426 0.415180087 0
vt 0.0995328128 0.829809427 0
vt 0.0538523495 0.829806924 0
vt 0.105784416 0.881656051 0
vt 0.099535346 0.87548995 0
vt 0.046875 0.88246727 0
vt 0.0532119498 0.876130342 0
vt 0.157716483 0.829806924 0
vt 0.11203602 0.829809427 0
vt 0.164693832 0.88246727 0
vt 0.158356875 0.876130342 0
vt 0.112033486 0.87548995 0
vt 0.877865434 0.57999903 0
vt 0.923543632 0.580001533 0
vt 0.871614099 0.528154969 0
vt 0.877862811 0.534320712 0
vt 0.930520654 0.52734375 0
vt 0.924183965 0.533680379 0
vt 0.815349698 0.580001771 0
vt 0.865362406 0.580001771 0
vt 0.809098125 0.528154969 0
vt 0.815349698 0.534403384 0
vt 0.865362406 0.534403384 0
vt 0.752833784 0.580001771 0
vt 0.802846491 0.580001771 0
vt 0.74658215 0.528154969 0
vt 0.752833784 0.534403384 0
vt 0.802846491 0.534403384 0
vt 0.69031781 0.580001771 0
vt 0.740330517 0.580001771 0
vt 0.684066176 0.528154969 0
vt 0.69031781 0.534403384 0
vt 0.740330517 0.534403384 0
vt 0.627801836 0.580001771 0
vt 0.677814543 0.580001771 0
vt 0.621550262 0.528154969 0
vt 0.627801836 0.534403384 0
vt 0.677814543 0.534403384 0
vt 0.565285921 0.580001771 0
vt 0.615298629 0.580001771 0
vt 0.559034288 0.528154969 0
vt 0.565285921 0.534403384 0
vt 0.615298629 0.534403384 0
vt 0.502769947 0.580001771 0
vt 0.552782655 0.580001771 0
vt 0.496518314 0.528154969 0
vt 0.502769947 0.534403384 0
vt 0.552782655 0.534403384 0
vt 0.440253943 0.580001771 0
vt 0.490266711 0.580001771 0
vt 0.43400237 0.528154969 0
vt 0.440253943 0.534403384 0
vt 0.490266711 0.534403384 0
vt 0.377737999 0.580001771 0
vt 0.427750707 0.580001771 0
vt 0.371486396 0.528154969 0
vt 0.377737999 0.534403384 0
vt 0.427750707 0.534403384 0
vt 0.315222085 0.580001771 0
vt 0.365234762 0.580001771 0
vt 0.308970392 0.528154969 0
vt 0.315222085 0.534403384 0
vt 0.365234762 0.534403384 0
vt 0.252706051 0.580001771 0
vt 0.302718818 0.580001771 0
vt 0.246454477 0.528154969 0
vt 0.252706051 0.534403384 0
vt 0.302718818 0.534403384 0
vt 0.190190136 0.580001771 0
vt 0.240202844 0.580001771 0
vt 0.183938444 0.528154969 0
vt 0.190190136 0.534403384 0
vt 0.240202844 0.534403384 0
vt 0.127674162 0.580001771 0
vt 0.17768693 0.580001771 0
vt 0.121422589 0.528154969 0
vt 0.127674162 0.534403384 0
vt 0.17768693 0.534403384 0
vt 0.0651581883 0.580001771 0
vt 0.115171015 0.580001771 0
vt 0.0589065552 0.528154969 0
vt 0.0651581883 0.534403384 0
vt 0.115170896 0.534403384 0
vt 0.00697702169 0.580001533 0
vt 0.0526553988 0.57999903 0
vt 0 0.52734375 0
vt 0.006336689 0.533680379 0
vt 0.052657783 0.534320712 0
vt 0.658237934 0.918952227 0
vt 0.596377373 0.918952227 0
vt 0.596377373 0.911529064 0
vt 0.658237934 0.911529064 0
vt 0.596377373 0.904105783 0
vt 0.658237934 0.904105783 0
vt 0.596377373 0.896682501 0
vt 0.658237934 0.896682501 0
vt 0.596377373 0.889259219 0
vt 0.658237934 0.889259219 0
vt 0.596377373 0.881835938 0
vt 0.658237934 0.881835938 0
vt 0.534516811 0.918952227 0
vt 0.534516811 0.911529064 0
vt 0.534516811 0.904105783 0
vt 0.534516811 0.896682501 0
vt 0.534516811 0.889259219 0
vt 0.534516811 0.881835938 0
vt 0.47265625 0.918952227 0
vt 0.47265625 0.911529064 0
vt 0.47265625 0.904105783 0
vt 0.47265625 0.896682501 0
vt 0.47265625 0.889259219 0
vt 0.47265625 0.881835938 0
vt 0.845737934 0.918952227 0
vt 0.845737934 0.911529064 0
vt 0.783877373 0.911529064 0
vt 0.783877373 0.918952227 0
vt 0.845737934 0.904105783 0
vt 0.783877373 0.904105783 0
vt 0.845737934 0.896682501 0
vt 0.783877373 0.896682501 0
vt 0.845737934 0.889259219 0
vt 0.783877373 0.889259219 0
vt 0.845737934 0.881835938 0
vt 0.783877373 0.881835938 0
vt 0.722016811 0.911529064 0
vt 0.722016811 0.918952227 0
vt 0.722016811 0.904105783 0
vt 0.722016811 0.896682501 0
vt 0.722016811 0.889259219 0
vt 0.722016811 0.881835938 0
vt 0.66015625 0.911529064 0
vt 0.66015625 0.918952227 0
vt 0.66015625 0.904105783 0
vt 0.66015625 0.896682501 0
vt 0.66015625 0.889259219 0
vt 0.66015625 0.881835938 0
vt 1.93362856 0.0371162891 0
vt 1.871768 0.0371162891 0
vt 1.871768 0.0296930671 0
vt 1.93362856 0.0296930671 0
vt 1.871768 0.0222697854 0
vt 1.93362856 0.0222697854 0
vt 1.871768 0.0148465037 0
vt 1.93362856 0.0148465037 0
vt 1.871768 0.00742325187 0
vt 1.93362856 0.00742325187 0
vt 1.871768 3.78786682e-18 0
vt 1.93362856 0 0
vt 1.80990744 0.0371162891 0
vt 1.80990744 0.0296930671 0
vt 1.80990744 0.0222697854 0
vt 1.80990744 0.0148465037 0
vt 1.80990744 0.00742325187 0
vt 1.80990744 7.57573364e-18 0
vt 1.74804688 0.0371162891 0
vt 1.74804688 0.0296930671 0
vt 1.74804688 0.0222697854 0
vt 1.74804688 0.0148465037 0
vt 1.74804688 0.00742325187 0
vt 1.74804688 1.13636005e-17 0
vt 1.74612856 0.0761787891 0
vt 1.74612856 0.0687555671 0
vt 1.684268 0.0687555671 0
vt 1.684268 0.0761787891 0
vt 1.74612856 0.0613322854 0
vt 1.684268 0.0613322854 0
vt 1.74612856 0.0539090037 0
vt 1.684268 0.0539090037 0
vt 1.74612856 0.0464857519 0
vt 1.684268 0.0464857519 0
vt 1.74612856 0.0390625 0
vt 1.684268 0.0390625 0
vt 1.62240744 0.0687555671 0
vt 1.62240744 0.0761787891 0
vt 1.62240744 0.0613322854 0
vt 1.62240744 0.0539090037 0
vt 1.62240744 0.0464857519 0
vt 1.62240744 0.0390625 0
vt 1.56054688 0.0687555671 0
vt 1.56054688 0.0761787891 0
vt 1.56054688 0.0613322854 0
vt 1.56054688 0.0539090037 0
vt 1.56054688 0.0464857519 0
vt 1.56054688 0.0390625 0
vt 1.93362856 0.0761787891 0
vt 1.871768 0.0761787891 0
vt 1.871768 0.0687555671 0
vt 1.93362856 0.0687555671 0
vt 1.871768 0.0613322854 0
vt 1.93362856 0.0613322854 0
vt 1.871768 0.0539090037 0
vt 1.93362856 0.0539090037 0
vt 1.871768 0.0464857519 0
vt 1.93362856 0.0464857519 0
vt 1.871768 0.0390625 0
vt 1.93362856 0.0390625 0
vt 1.80990744 0.0761787891 0
vt 1.80990744 0.0687555671 0
vt 1.80990744 0.0613322854 0
vt 1.80990744 0.0539090037 0
vt 1.80990744 0.0464857519 0
vt 1.80990744 0.0390625 0
vt 1.74804688 0.0761787891 0
vt 1.74804688 0.0687555671 0
vt 1.74804688 0.0613322854 0
vt 1.74804688 0.0539090037 0
vt 1.74804688 0.0464857519 0
vt 1.74804688 0.0390625 0
vt 1.74612856 0.115241289 0
vt 1.74612856 0.107818067 0
vt 1.684268 0.107818067 0
vt 1.684268 0.115241289 0
vt 1.74612856 0.100394785 0
vt 1.684268 0.100394785 0
vt 1.74612856 0.0929715037 0
vt 1.684268 0.0929715037 0
vt 1.74612856 0.0855482519 0
vt 1.684268 0.0855482519 0
vt 1.74612856 0.078125 0
vt 1.684268 0.078125 0
vt 1.62240744 0.107818067 0
vt 1.62240744 0.115241289 0
vt 1.62240744 0.100394785 0
vt 1.62240744 0.0929715037 0
vt 1.62240744 0.0855482519 0
vt 1.62240744 0.078125 0
vt 1.56054688 0.107818067 0
vt 1.56054688 0.115241289 0
vt 1.56054688 0.100394785 0
vt 1.56054688 0.0929715037 0
vt 1.56054688 0.0855482519 0
vt 1.56054688 0.078125 0
vt 0.231480122 0.920905352 0
vt 0.16961956 0.920905352 0
vt 0.16961956 0.913482189 0
vt 0.231480122 0.913482189 0
vt 0.16961956 0.906058908 0
vt 0.231480122 0.906058908 0
vt 0.16961956 0.898635626 0
vt 0.231480122 0.898635626 0
vt 0.16961956 0.891212344 0
vt 0.231480122 0.891212344 0
vt 0.16961956 0.883789062 0
vt 0.231480122 0.883789062 0
vt 0.107758999 0.920905352 0
vt 0.107758999 0.913482189 0
vt 0.107758999 0.906058908 0
vt 0.107758999 0.898635626 0
vt 0.107758999 0.891212344 0
vt 0.107758999 0.883789062 0
vt 0.0458984375 0.920905352 0
vt 0.0458984375 0.913482189 0
vt 0.0458984375 0.906058908 0
vt 0.0458984375 0.898635626 0
vt 0.0458984375 0.891212344 0
vt 0.0458984375 0.883789062 0
vt 0.469761372 0.958014727 0
vt 0.469761372 0.950591564 0
vt 0.40790081 0.950591564 0
vt 0.40790081 0.958014727 0
vt 0.469761372 0.943168283 0
vt 0.40790081 0.943168283 0
vt 0.469761372 0.935745001 0
vt 0.40790081 0.935745001 0
vt 0.469761372 0.928321719 0
vt 0.40790081 0.928321719 0
vt 0.469761372 0.920898438 0
vt 0.40790081 0.920898438 0
vt 0.346040249 0.950591564 0
vt 0.346040249 0.958014727 0
vt 0.346040249 0.943168283 0
vt 0.346040249 0.935745001 0
vt 0.346040249 0.928321719 0
vt 0.346040249 0.920898438 0
vt 0.284179688 0.950591564 0
vt 0.284179688 0.958014727 0
vt 0.284179688 0.943168283 0
vt 0.284179688 0.935745001 0
vt 0.284179688 0.928321719 0
vt 0.284179688 0.920898438 0
vt 0.657261372 0.958014727 0
vt 0.59540081 0.958014727 0
vt 0.59540081 0.950591564 0
vt 0.657261372 0.950591564 0
vt 0.59540081 0.943168283 0
vt 0.657261372 0.943168283 0
vt 0.59540081 0.935745001 0
vt 0.657261372 0.935745001 0
vt 0.59540081 0.928321719 0
vt 0.657261372 0.928321719 0
vt 0.59540081 0.920898438 0
vt 0.657261372 0.920898438 0
vt 0.533540249 0.958014727 0
vt 0.533540249 0.950591564 0
vt 0.533540249 0.943168283 0
vt 0.533540249 0.935745001 0
vt 0.533540249 0.928321719 0
vt 0.533540249 0.920898438 0
vt 0.471679688 0.958014727 0
vt 0.471679688 0.950591564 0
vt 0.471679688 0.943168283 0
vt 0.471679688 0.935745001 0
vt 0.471679688 0.928321719 0
vt 0.471679688 0.920898438 0
vt 0.844761372 0.958014727 0
vt 0.844761372 0.950591564 0
vt 0.78290081 0.950591564 0
vt 0.78290081 0.958014727 0
vt 0.844761372 0.943168283 0
vt 0.78290081 0.943168283 0
vt 0.844761372 0.935745001 0
vt 0.78290081 0.935745001 0
vt 0.844761372 0.928321719 0
vt 0.78290081 0.928321719 0
vt 0.844761372 0.920898438 0
vt 0.78290081 0.920898438 0
vt 0.721040249 0.950591564 0
vt 0.721040249 0.958014727 0
vt 0.721040249 0.943168283 0
vt 0.721040249 0.935745001 0
vt 0.721040249 0.928321719 0
vt 0.721040249 0.920898438 0
vt 0.659179688 0.950591564 0
vt 0.659179688 0.958014727 0
vt 0.659179688 0.943168283 0
vt 0.659179688 0.935745001 0
vt 0.659179688 0.928321719 0
vt 0.659179688 0.920898438 0
vt 0.230503559 0.959967852 0
vt 0.168642998 0.959967852 0
vt 0.168642998 0.952544689 0
vt 0.230503559 0.952544689 0
vt 0.168642998 0.945121408 0
vt 0.230503559 0.945121408 0
vt 0.168642998 0.937698126 0
vt 0.230503559 0.937698126 0
vt 0.168642998 0.930274844 0
vt 0.230503559 0.930274844 0
vt 0.168642998 0.922851562 0
vt 0.230503559 0.922851562 0
vt 0.106782436 0.959967852 0
vt 0.106782436 0.952544689 0
vt 0.106782436 0.945121408 0
vt 0.106782436 0.937698126 0
vt 0.106782436 0.930274844 0
vt 0.106782436 0.922851562 0
vt 0.044921875 0.959967852 0
vt 0.044921875 0.952544689 0
vt 0.044921875 0.945121408 0
vt 0.044921875 0.937698126 0
vt 0.044921875 0.930274844 0
vt 0.044921875 0.922851562 0
vt 0.468784809 0.997077227 0
vt 0.468784809 0.989654064 0
vt 0.406924248 0.989654064 0
vt 0.406924248 0.997077227 0
vt 0.468784809 0.982230783 0
vt 0.406924248 0.982230783 0
vt 0.468784809 0.974807501 0
vt 0.406924248 0.974807501 0
vt 0.468784809 0.967384219 0
vt 0.406924248 0.967384219 0
vt 0.468784809 0.959960938 0
vt 0.406924248 0.959960938 0
vt 0.345063686 0.989654064 0
vt 0.345063686 0.997077227 0
vt 0.345063686 0.982230783 0
vt 0.345063686 0.974807501 0
vt 0.345063686 0.967384219 0
vt 0.345063686 0.959960938 0
vt 0.283203125 0.989654064 0
vt 0.283203125 0.997077227 0
vt 0.283203125 0.982230783 0
vt 0.283203125 0.974807501 0
vt 0.283203125 0.967384219 0
vt 0.283203125 0.959960938 0
vt 0.656284809 0.997077227 0
vt 0.594424248 0.997077227 0
vt 0.594424248 0.989654064 0
vt 0.656284809 0.989654064 0
vt 0.594424248 0.982230783 0
vt 0.656284809 0.982230783 0
vt 0.594424248 0.974807501 0
vt 0.656284809 0.974807501 0
vt 0.594424248 0.967384219 0
vt 0.656284809 0.967384219 0
vt 0.594424248 0.959960938 0
vt 0.656284809 0.959960938 0
vt 0.532563686 0.997077227 0
vt 0.532563686 0.989654064 0
vt 0.532563686 0.982230783 0
vt 0.532563686 0.974807501 0
vt 0.532563686 0.967384219 0
vt 0.532563686 0.959960938 0
vt 0.470703125 0.997077227 0
vt 0.470703125 0.989654064 0
vt 0.470703125 0.982230783 0
vt 0.470703125 0.974807501 0
vt 0.470703125 0.967384219 0
vt 0.470703125 0.959960938 0
vt 0.843784809 0.997077227 0
vt 0.843784809 0.989654064 0
vt 0.781924248 0.989654064 0
vt 0.781924248 0.997077227 0
vt 0.843784809 0.982230783 0
vt 0.781924248 0.982230783 0
vt 0.843784809 0.974807501 0
vt 0.781924248 0.974807501 0
vt 0.843784809 0.967384219 0
vt 0.781924248 0.967384219 0
vt 0.843784809 0.959960938 0
vt 0.781924248 0.959960938 0
vt 0.720063686 0.989654064 0
vt 0.720063686 0.997077227 0
vt 0.720063686 0.982230783 0
vt 0.720063686 0.974807501 0
vt 0.720063686 0.967384219 0
vt 0.720063686 0.959960938 0
vt 0.658203125 0.989654064 0
vt 0.658203125 0.997077227 0
vt 0.658203125 0.982230783 0
vt 0.658203125 0.974807501 0
vt 0.658203125 0.967384219 0
vt 0.658203125 0.959960938 0
vt 0.229526997 0.999030352 0
vt 0.167666435 0.999030352 0
vt 0.167666435 0.991607189 0
vt 0.229526997 0.991607189 0
vt 0.167666435 0.984183908 0
vt 0.229526997 0.984183908 0
vt 0.167666435 0.976760626 0
vt 0.229526997 0.976760626 0
vt 0.167666435 0.969337344 0
vt 0.229526997 0.969337344 0
vt 0.167666435 0.961914062 0
vt 0.229526997 0.961914062 0
vt 0.105805874 0.999030352 0
vt 0.105805874 0.991607189 0
vt 0.105805874 0.984183908 0
vt 0.105805874 0.976760626 0
vt 0.105805874 0.969337344 0
vt 0.105805874 0.961914062 0
vt 0.0439453125 0.999030352 0
vt 0.0439453125 0.991607189 0
vt 0.0439453125 0.984183908 0
vt 0.0439453125 0.976760626 0
vt 0.0439453125 0.969337344 0
vt 0.0439453125 0.961914062 0
vt 1.74612856 0.0371163189 0
vt 1.74612856 0.0296930969 0
vt 1.684268 0.0296930969 0
vt 1.684268 0.0371163189 0
vt 1.74612856 0.0222698152 0
vt 1.684268 0.0222698152 0
vt 1.74612856 0.0148465335 0
vt 1.684268 0.0148465335 0
vt 1.74612856 0.00742328167 0
vt 1.684268 0.00742328167 0
vt 1.74612856 0 0
vt 1.684268 3.78786682e-18 0
vt 1.62240744 0.0296930969 0
vt 1.62240744 0.0371163189 0
vt 1.62240744 0.0222698152 0
vt 1.62240744 0.0148465335 0
vt 1.62240744 0.00742328167 0
vt 1.62240744 7.57573364e-18 0
vt 1.56054688 0.0296930969 0
vt 1.56054688 0.0371163189 0
vt 1.56054688 0.0222698152 0
vt 1.56054688 0.0148465335 0
vt 1.56054688 0.00742328167 0
vt 1.56054688 1.13636005e-17 0
vt 0.470737934 0.801764846 0
vt 0.408877373 0.801764846 0
vt 0.408877373 0.794341564 0
vt 0.470737934 0.794341564 0
vt 0.408877373 0.786918283 0
vt 0.470737934 0.786918283 0
vt 0.408877373 0.779495001 0
vt 0.470737934 0.779495001 0
vt 0.408877373 0.772071719 0
vt 0.470737934 0.772071719 0
vt 0.408877373 0.764648438 0
vt 0.470737934 0.764648438 0
vt 0.347016811 0.801764846 0
vt 0.347016811 0.794341564 0
vt 0.347016811 0.786918283 0
vt 0.347016811 0.779495001 0
vt 0.347016811 0.772071719 0
vt 0.347016811 0.764648438 0
vt 0.28515625 0.801764846 0
vt 0.28515625 0.794341564 0
vt 0.28515625 0.786918283 0
vt 0.28515625 0.779495001 0
vt 0.28515625 0.772071719 0
vt 0.28515625 0.764648438 0
vt 0.658237934 0.801764846 0
vt 0.658237934 0.794341564 0
vt 0.596377373 0.794341564 0
vt 0.596377373 0.801764846 0
vt 0.658237934 0.786918283 0
vt 0.596377373 0.786918283 0
vt 0.658237934 0.779495001 0
vt 0.596377373 0.779495001 0
vt 0.658237934 0.772071719 0
vt 0.596377373 0.772071719 0
vt 0.658237934 0.764648438 0
vt 0.596377373 0.764648438 0
vt 0.534516811 0.794341564 0
vt 0.534516811 0.801764846 0
vt 0.534516811 0.786918283 0
vt 0.534516811 0.779495001 0
vt 0.534516811 0.772071719 0
vt 0.534516811 0.764648438 0
vt 0.47265625 0.794341564 0
vt 0.47265625 0.801764846 0
vt 0.47265625 0.786918283 0
vt 0.47265625 0.779495001 0
vt 0.47265625 0.772071719 0
vt 0.47265625 0.764648438 0
vt 0.845737934 0.801764846 0
vt 0.783877373 0.801764846 0
vt 0.783877373 0.794341564 0
vt 0.845737934 0.794341564 0
vt 0.783877373 0.786918283 0
vt 0.845737934 0.786918283 0
vt 0.783877373 0.779495001 0
vt 0.845737934 0.779495001 0
vt 0.783877373 0.772071719 0
vt 0.845737934 0.772071719 0
vt 0.783877373 0.764648438 0
vt 0.845737934 0.764648438 0
vt 0.722016811 0.801764846 0
vt 0.722016811 0.794341564 0
vt 0.722016811 0.786918283 0
vt 0.722016811 0.779495001 0
vt 0.722016811 0.772071719 0
vt 0.722016811 0.764648438 0
vt 0.66015625 0.801764846 0
vt 0.66015625 0.794341564 0
vt 0.66015625 0.786918283 0
vt 0.66015625 0.779495001 0
vt 0.66015625 0.772071719 0
vt 0.66015625 0.764648438 0
vt 0.470737934 0.840827346 0
vt 0.470737934 0.833404064 0
vt 0.408877373 0.833404064 0
vt 0.408877373 0.840827346 0
vt 0.470737934 0.825980783 0
vt 0.408877373 0.825980783 0
vt 0.470737934 0.818557501 0
vt 0.408877373 0.818557501 0
vt 0.470737934 0.811134219 0
vt 0.408877373 0.811134219 0
vt 0.470737934 0.803710938 0
vt 0.408877373 0.803710938 0
vt 0.347016811 0.833404064 0
vt 0.347016811 0.840827346 0
vt 0.347016811 0.825980783 0
vt 0.347016811 0.818557501 0
vt 0.347016811 0.811134219 0
vt 0.347016811 0.803710938 0
vt 0.28515625 0.833404064 0
vt 0.28515625 0.840827346 0
vt 0.28515625 0.825980783 0
vt 0.28515625 0.818557501 0
vt 0.28515625 0.811134219 0
vt 0.28515625 0.803710938 0
vt 0.658237934 0.840827346 0
vt 0.596377373 0.840827346 0
vt 0.596377373 0.833404064 0
vt 0.658237934 0.833404064 0
vt 0.596377373 0.825980783 0
vt 0.658237934 0.825980783 0
vt 0.596377373 0.818557501 0
vt 0.658237934 0.818557501 0
vt 0.596377373 0.811134219 0
vt 0.658237934 0.811134219 0
vt 0.596377373 0.803710938 0
vt 0.658237934 0.803710938 0
vt 0.534516811 0.840827346 0
vt 0.534516811 0.833404064 0
vt 0.534516811 0.825980783 0
vt 0.534516811 0.818557501 0
vt 0.534516811 0.811134219 0
vt 0.534516811 0.803710938 0
vt 0.47265625 0.840827346 0
vt 0.47265625 0.833404064 0
vt 0.47265625 0.825980783 0
vt 0.47265625 0.818557501 0
vt 0.47265625 0.811134219 0
vt 0.47265625 0.803710938 0
vt 0.845737934 0.840827346 0
vt 0.845737934 0.833404064 0
vt 0.783877373 0.833404064 0
vt 0.783877373 0.840827346 0
vt 0.845737934 0.825980783 0
vt 0.783877373 0.825980783 0
vt 0.845737934 0.818557501 0
vt 0.783877373 0.818557501 0
vt 0.845737934 0.811134219 0
vt 0.783877373 0.811134219 0
vt 0.845737934 0.803710938 0
vt 0.783877373 0.803710938 0
vt 0.722016811 0.833404064 0
vt 0.722016811 0.840827346 0
vt 0.722016811 0.825980783 0
vt 0.722016811 0.818557501 0
vt 0.722016811 0.811134219 0
vt 0.722016811 0.803710938 0
vt 0.66015625 0.833404064 0
vt 0.66015625 0.840827346 0
vt 0.66015625 0.825980783 0
vt 0.66015625 0.818557501 0
vt 0.66015625 0.811134219 0
vt 0.66015625 0.803710938 0
vt 0.470737934 0.879889846 0
vt 0.408877373 0.879889846 0
vt 0.408877373 0.872466564 0
vt 0.470737934 0.872466564 0
vt 0.408877373 0.865043283 0
vt 0.470737934 0.865043283 0
vt 0.408877373 0.857620001 0
vt 0.470737934 0.857620001 0
vt 0.408877373 0.850196719 0
vt 0.470737934 0.850196719 0
vt 0.408877373 0.842773438 0
vt 0.470737934 0.842773438 0
vt 0.347016811 0.879889846 0
vt 0.347016811 0.872466564 0
vt 0.347016811 0.865043283 0
vt 0.347016811 0.857620001 0
vt 0.347016811 0.850196719 0
vt 0.347016811 0.842773438 0
vt 0.28515625 0.879889846 0
vt 0.28515625 0.872466564 0
vt 0.28515625 0.865043283 0
vt 0.28515625 0.857620001 0
vt 0.28515625 0.850196719 0
vt 0.28515625 0.842773438 0
vt 0.658237934 0.879889846 0
vt 0.658237934 0.872466564 0
vt 0.596377373 0.872466564 0
vt 0.596377373 0.879889846 0
vt 0.658237934 0.865043283 0
vt 0.596377373 0.865043283 0
vt 0.658237934 0.857620001 0
vt 0.596377373 0.857620001 0
vt 0.658237934 0.850196719 0
vt 0.596377373 0.850196719 0
vt 0.658237934 0.842773438 0
vt 0.596377373 0.842773438 0
vt 0.534516811 0.872466564 0
vt 0.534516811 0.879889846 0
vt 0.534516811 0.865043283 0
vt 0.534516811 0.857620001 0
vt 0.534516811 0.850196719 0
vt 0.534516811 0.842773438 0
vt 0.47265625 0.872466564 0
vt 0.47265625 0.879889846 0
vt 0.47265625 0.865043283 0
vt 0.47265625 0.857620001 0
vt 0.47265625 0.850196719 0
vt 0.47265625 0.842773438 0
vt 0.845737934 0.879889846 0
vt 0.783877373 0.879889846 0
vt 0.783877373 0.872466564 0
vt 0.845737934 0.872466564 0
vt 0.783877373 0.865043283 0
vt 0.845737934 0.865043283 0
vt 0.783877373 0.857620001 0
vt 0.845737934 0.857620001 0
vt 0.783877373 0.850196719 0
vt 0.845737934 0.850196719 0
vt 0.783877373 0.842773438 0
vt 0.845737934 0.842773438 0
vt 0.722016811 0.879889846 0
vt 0.722016811 0.872466564 0
vt 0.722016811 0.865043283 0
vt 0.722016811 0.857620001 0
vt 0.722016811 0.850196719 0
vt 0.722016811 0.842773438 0
vt 0.66015625 0.879889846 0
vt 0.66015625 0.872466564 0
vt 0.66015625 0.865043283 0
vt 0.66015625 0.857620001 0
vt 0.66015625 0.850196719 0
vt 0.66015625 0.842773438 0
vt 0.470737934 0.918952346 0
vt 0.470737934 0.911529064 0
vt 0.408877373 0.911529064 0
vt 0.408877373 0.918952346 0
vt 0.470737934 0.904105783 0
vt 0.408877373 0.904105783 0
vt 0.470737934 0.896682501 0
vt 0.408877373 0.896682501 0
vt 0.470737934 0.889259219 0
vt 0.408877373 0.889259219 0
vt 0.470737934 0.881835938 0
vt 0.408877373 0.881835938 0
vt 0.347016811 0.911529064 0
vt 0.347016811 0.918952346 0
vt 0.347016811 0.904105783 0
vt 0.347016811 0.896682501 0
vt 0.347016811 0.889259219 0
vt 0.347016811 0.881835938 0
vt 0.28515625 0.911529064 0
vt 0.28515625 0.918952346 0
vt 0.28515625 0.904105783 0
vt 0.28515625 0.896682501 0
vt 0.28515625 0.889259219 0
vt 0.28515625 0.881835938 0
vt 0.40625006 0.206249952 0
vt 0.40625006 0.143749967 0
vt 0.609375119 0.143750072 0
vt 0.609375119 0.206250057 0
vt 0.812500119 0.143750086 0
vt 0.812500119 0.206250072 0
vt 0.609375119 0.0812500939 0
vt 0.812500119 0.0812501088 0
vt 0.406250119 0.081250079 0
vt 0.203125134 0.143750057 0
vt 0.203125075 0.0812500715 0
vt 6.83091983e-08 0.143750042 0
vt 1.91303087e-07 0.0812500566 0
vt 0.20312506 0.206250042 0
vt 1.83733903e-07 0.206250027 0
vt 0.40625006 0.0406249426 0
vt 0.609375119 0.0406249538 0
vt 0.812500119 0.040624965 0
vt 0.609375119 3.68997668e-08 0
vt 0.812500119 4.91996879e-08 0
vt 0.406250149 2.45998422e-08 0
vt 0.203125134 0.0406251363 0
vt 0.203125075 1.22999158e-08 0
vt 7.45537818e-08 0.0406249166 0
vt 1.96223056e-07 0 0
vt 0.40625006 0.287499994 0
vt 0.40625006 0.246874973 0
vt 0.60937506 0.246874988 0
vt 0.60937506 0.287499994 0
vt 0.812500119 0.246875092 0
vt 0.812500119 0.287500024 0
vt 0.203125119 0.246875063 0
vt 6.20646219e-08 0.246875048 0
vt 0.20312506 0.287499964 0
vt 0 0.287499964 0
g A
usemtl /obj/serverCables/texel_density1/uvquickshade1/shop_definition/texture_material
f 1/1 6/2 7/3 2/4
f 2/4 7/3 8/5 3/6
f 3/6 8/5 9/7 4/8
f 4/8 9/7 10/9 5/10
f 5/10 10/9 6/11 1/12
f 6/2 11/13 12/14 7/3
f 7/3 12/14 13/15 8/5
f 8/5 13/15 14/16 9/7
f 9/7 14/16 15/17 10/9
f 10/9 15/17 11/18 6/11
f 11/13 16/19 17/20 12/14
f 12/14 17/20 18/21 13/15
f 13/15 18/21 19/22 14/16
f 14/16 19/22 20/23 15/17
f 15/17 20/23 16/24 11/18
f 16/19 21/25 22/26 17/20
f 17/20 22/26 23/27 18/21
f 18/21 23/27 24/28 19/22
f 19/22 24/28 25/29 20/23
f 20/23 25/29 21/30 16/24
f 21/25 26/31 27/32 22/26
f 22/26 27/32 28/33 23/27
f 23/27 28/33 29/34 24/28
f 24/28 29/34 30/35 25/29
f 25/29 30/35 26/36 21/30
f 31/37 36/38 37/39 32/40
f 32/40 37/39 38/41 33/42
f 33/42 38/41 39/43 34/44
f 34/44 39/43 40/45 35/46
f 35/46 40/45 36/47 31/48
f 36/38 41/49 42/50 37/39
f 37/39 42/50 43/51 38/41
f 38/41 43/51 44/52 39/43
f 39/43 44/52 45/53 40/45
f 40/45 45/53 41/54 36/47
f 41/49 46/55 47/56 42/50
f 42/50 47/56 48/57 43/51
f 43/51 48/57 49/58 44/52
f 44/52 49/58 50/59 45/53
f 45/53 50/59 46/60 41/54
f 46/55 51/61 52/62 47/56
f 47/56 52/62 53/63 48/57
f 48/57 53/63 54/64 49/58
f 49/58 54/64 55/65 50/59
f 50/59 55/65 51/66 46/60
f 51/61 56/67 57/68 52/62
f 52/62 57/68 58/69 53/63
f 53/63 58/69 59/70 54/64
f 54/64 59/70 60/71 55/65
f 55/65 60/71 56/72 51/66
f 61/73 66/74 67/75 62/76
f 62/76 67/75 68/77 63/78
f 63/78 68/77 69/79 64/80
f 64/80 69/79 70/81 65/82
f 65/82 70/81 66/83 61/84
f 66/74 71/85 72/86 67/75
f 67/75 72/86 73/87 68/77
f 68/77 73/87 74/88 69/79
f 69/79 74/88 75/89 70/81
f 70/81 75/89 71/90 66/83
f 71/85 76/91 77/92 72/86
f 72/86 77/92 78/93 73/87
f 73/87 78/93 79/94 74/88
f 74/88 79/94 80/95 75/89
f 75/89 80/95 76/96 71/90
f 76/91 81/97 82/98 77/92
f 77/92 82/98 83/99 78/93
f 78/93 83/99 84/100 79/94
f 79/94 84/100 85/101 80/95
f 80/95 85/101 81/102 76/96
f 81/97 86/103 87/104 82/98
f 82/98 87/104 88/105 83/99
f 83/99 88/105 89/106 84/100
f 84/100 89/106 90/107 85/101
f 85/101 90/107 86/108 81/102
f 86/103 91/109 92/110 87/104
f 87/104 92/110 93/111 88/105
f 88/105 93/111 94/112 89/106
f 89/106 94/112 95/113 90/107
f 90/107 95/113 91/114 86/108
f 91/109 96/115 97/116 92/110
f 92/110 97/116 98/117 93/111
f 93/111 98/117 99/118 94/112
f 94/112 99/118 100/119 95/113
f 95/113 100/119 96/120 91/114
f 96/115 101/121 102/122 97/116
f 97/116 102/122 103/123 98/117
f 98/117 103/123 104/124 99/118
f 99/118 104/124 105/125 100/119
f 100/119 105/125 101/126 96/120
f 101/121 106/127 107/128 102/122
f 102/122 107/128 108/129 103/123
f 103/123 108/129 109/130 104/124
f 104/124 109/130 110/131 105/125
f 105/125 110/131 106/132 101/126
f 106/127 111/133 112/134 107/128
f 107/128 112/134 113/135 108/129
f 108/129 113/135 114/136 109/130
f 109/130 114/136 115/137 110/131
f 110/131 115/137 111/138 106/132
f 111/133 116/139 117/140 112/134
f 112/134 117/140 118/141 113/135
f 113/135 118/141 119/142 114/136
f 114/136 119/142 120/143 115/137
f 115/137 120/143 116/144 111/138
f 116/139 121/145 122/146 117/140
f 117/140 122/146 123/147 118/141
f 118/141 123/147 124/148 119/142
f 119/142 124/148 125/149 120/143
f 120/143 125/149 121/150 116/144
f 121/145 126/151 127/152 122/146
f 122/146 127/152 128/153 123/147
f 123/147 128/153 129/154 124/148
f 124/148 129/154 130/155 125/149
f 125/149 130/155 126/156 121/150
f 126/151 131/157 132/158 127/152
f 127/152 132/158 133/159 128/153
f 128/153 133/159 134/160 129/154
f 129/154 134/160 135/161 130/155
f 130/155 135/161 131/162 126/156
f 131/157 136/163 137/164 132/158
f 132/158 137/164 138/165 133/159
f 133/159 138/165 139/166 134/160
f 134/160 139/166 140/167 135/161
f 135/161 140/167 136/168 131/162
f 136/163 141/169 142/170 137/164
f 137/164 142/170 143/171 138/165
f 138/165 143/171 144/172 139/166
f 139/166 144/172 145/173 140/167
f 140/167 145/173 141/174 136/168
f 141/169 146/175 147/176 142/170
f 142/170 147/176 148/177 143/171
f 143/171 148/177 149/178 144/172
f 144/172 149/178 150/179 145/173
f 145/173 150/179 146/180 141/174
f 146/175 151/181 152/182 147/176
f 147/176 152/182 153/183 148/177
f 148/177 153/183 154/184 149/178
f 149/178 154/184 155/185 150/179
f 150/179 155/185 151/186 146/180
f 151/181 156/187 157/188 152/182
f 152/182 157/188 158/189 153/183
f 153/183 158/189 159/190 154/184
f 154/184 159/190 160/191 155/185
f 155/185 160/191 156/192 151/186
f 156/187 161/193 162/194 157/188
f 157/188 162/194 163/195 158/189
f 158/189 163/195 164/196 159/190
f 159/190 164/196 165/197 160/191
f 160/191 165/197 161/198 156/192
g B
usemtl /obj/serverCables/texel_density1/uvquickshade1/shop_definition/texture_material
f 166/199 168/200 297/201 296/202
f 168/200 169/203 298/204 297/201
f 169/203 167/205 299/206 298/204
f 167/205 166/199 296/202 299/206
f 168/200 170/207 301/208 300/209
f 170/207 171/210 302/211 301/208
f 171/210 169/203 303/212 302/211
f 169/203 168/200 300/209 303/212
f 170/207 172/213 305/214 304/215
f 172/213 173/216 306/217 305/214
f 173/216 171/210 307/218 306/217
f 171/210 170/207 304/215 307/218
f 172/213 174/219 309/220 308/221
f 174/219 175/222 310/223 309/220
f 175/222 173/216 311/224 310/223
f 173/216 172/213 308/221 311/224
f 174/219 176/225 313/226 312/227
f 176/225 177/228 314/229 313/226
f 177/228 175/222 315/230 314/229
f 175/222 174/219 312/227 315/230
f 176/225 178/231 317/232 316/233
f 178/231 179/234 318/235 317/232
f 179/234 177/228 319/236 318/235
f 177/228 176/225 316/233 319/236
f 178/231 180/237 321/238 320/239
f 180/237 181/240 322/241 321/238
f 181/240 179/234 323/242 322/241
f 179/234 178/231 320/239 323/242
f 180/237 182/243 325/244 324/245
f 182/243 183/246 326/247 325/244
f 183/246 181/240 327/248 326/247
f 181/240 180/237 324/245 327/248
f 182/243 184/249 329/250 328/251
f 184/249 185/252 330/253 329/250
f 185/252 183/246 331/254 330/253
f 183/246 182/243 328/251 331/254
f 184/249 186/255 333/256 332/257
f 186/255 187/258 334/259 333/256
f 187/258 185/252 335/260 334/259
f 185/252 184/249 332/257 335/260
f 186/255 188/261 337/262 336/263
f 188/261 189/264 338/265 337/262
f 189/264 187/258 339/266 338/265
f 187/258 186/255 336/263 339/266
f 188/261 190/267 341/268 340/269
f 190/267 191/270 342/271 341/268
f 191/270 189/264 343/272 342/271
f 189/264 188/261 340/269 343/272
f 190/267 192/273 345/274 344/275
f 192/273 193/276 346/277 345/274
f 193/276 191/270 347/278 346/277
f 191/270 190/267 344/275 347/278
f 192/273 194/279 349/280 348/281
f 194/279 195/282 350/283 349/280
f 195/282 193/276 351/284 350/283
f 193/276 192/273 348/281 351/284
f 194/279 196/285 353/286 352/287
f 196/285 197/288 354/289 353/286
f 197/288 195/282 355/290 354/289
f 195/282 194/279 352/287 355/290
f 167/205 169/203 357/291 356/292
f 169/203 199/293 358/294 357/291
f 199/293 198/295 359/296 358/294
f 198/295 167/205 356/292 359/296
f 169/203 171/210 361/297 360/298
f 171/210 200/299 362/300 361/297
f 200/299 199/293 363/301 362/300
f 199/293 169/203 360/298 363/301
f 171/210 173/216 365/302 364/303
f 173/216 201/304 366/305 365/302
f 201/304 200/299 367/306 366/305
f 200/299 171/210 364/303 367/306
f 173/216 175/222 369/307 368/308
f 175/222 202/309 370/310 369/307
f 202/309 201/304 371/311 370/310
f 201/304 173/216 368/308 371/311
f 175/222 177/228 373/312 372/313
f 177/228 203/314 374/315 373/312
f 203/314 202/309 375/316 374/315
f 202/309 175/222 372/313 375/316
f 177/228 179/234 377/317 376/318
f 179/234 204/319 378/320 377/317
f 204/319 203/314 379/321 378/320
f 203/314 177/228 376/318 379/321
f 179/234 181/240 381/322 380/323
f 181/240 205/324 382/325 381/322
f 205/324 204/319 383/326 382/325
f 204/319 179/234 380/323 383/326
f 181/240 183/246 385/327 384/328
f 183/246 206/329 386/330 385/327
f 206/329 205/324 387/331 386/330
f 205/324 181/240 384/328 387/331
f 183/246 185/252 389/332 388/333
f 185/252 207/334 390/335 389/332
f 207/334 206/329 391/336 390/335
f 206/329 183/246 388/333 391/336
f 185/252 187/258 393/337 392/338
f 187/258 208/339 394/340 393/337
f 208/339 207/334 395/341 394/340
f 207/334 185/252 392/338 395/341
f 187/258 189/264 397/342 396/343
f 189/264 209/344 398/345 397/342
f 209/344 208/339 399/346 398/345
f 208/339 187/258 396/343 399/346
f 189/264 191/270 401/347 400/348
f 191/270 210/349 402/350 401/347
f 210/349 209/344 403/351 402/350
f 209/344 189/264 400/348 403/351
f 191/270 193/276 405/352 404/353
f 193/276 211/354 406/355 405/352
f 211/354 210/349 407/356 406/355
f 210/349 191/270 404/353 407/356
f 193/276 195/282 409/357 408/358
f 195/282 212/359 410/360 409/357
f 212/359 211/354 411/361 410/360
f 211/354 193/276 408/358 411/361
f 195/282 197/288 413/362 412/363
f 197/288 213/364 414/365 413/362
f 213/364 212/359 415/366 414/365
f 212/359 195/282 412/363 415/366
f 214/367 215/368 417/369 416/370
f 215/368 216/371 418/372 417/369
f 216/371 217/373 419/374 418/372
f 217/373 214/367 416/370 419/374
f 217/373 216/371 421/375 420/376
f 216/371 218/377 422/378 421/375
f 218/377 219/379 423/380 422/378
f 219/379 217/373 420/376 423/380
f 219/379 218/377 425/381 424/382
f 218/377 220/383 426/384 425/381
f 220/383 221/385 427/386 426/384
f 221/385 219/379 424/382 427/386
f 221/385 220/383 429/387 428/388
f 220/383 222/389 430/390 429/387
f 222/389 223/391 431/392 430/390
f 223/391 221/385 428/388 431/392
f 223/391 222/389 433/393 432/394
f 222/389 224/395 434/396 433/393
f 224/395 225/397 435/398 434/396
f 225/397 223/391 432/394 435/398
f 225/397 224/395 437/399 436/400
f 224/395 226/401 438/402 437/399
f 226/401 227/403 439/404 438/402
f 227/403 225/397 436/400 439/404
f 227/403 226/401 441/405 440/406
f 226/401 228/407 442/408 441/405
f 228/407 229/409 443/410 442/408
f 229/409 227/403 440/406 443/410
f 229/409 228/407 445/411 444/412
f 228/407 230/413 446/414 445/411
f 230/413 231/415 447/416 446/414
f 231/415 229/409 444/412 447/416
f 231/415 230/413 449/417 448/418
f 230/413 232/419 450/420 449/417
f 232/419 233/421 451/422 450/420
f 233/421 231/415 448/418 451/422
f 233/421 232/419 453/423 452/424
f 232/419 234/425 454/426 453/423
f 234/425 235/427 455/428 454/426
f 235/427 233/421 452/424 455/428
f 235/427 234/425 457/429 456/430
f 234/425 236/431 458/432 457/429
f 236/431 237/433 459/434 458/432
f 237/433 235/427 456/430 459/434
f 237/433 236/431 461/435 460/436
f 236/431 238/437 462/438 461/435
f 238/437 239/439 463/440 462/438
f 239/439 237/433 460/436 463/440
f 239/439 238/437 465/441 464/442
f 238/437 240/443 466/444 465/441
f 240/443 241/445 467/446 466/444
f 241/445 239/439 464/442 467/446
f 241/445 240/443 469/447 468/448
f 240/443 242/449 470/450 469/447
f 242/449 243/451 471/452 470/450
f 243/451 241/445 468/448 471/452
f 243/451 242/449 473/453 472/454
f 242/449 244/455 474/456 473/453
f 244/455 245/457 475/458 474/456
f 245/457 243/451 472/454 475/458
f 215/368 246/459 477/460 476/461
f 246/459 247/462 478/463 477/460
f 247/462 216/371 479/464 478/463
f 216/371 215/368 476/461 479/464
f 216/371 247/462 481/465 480/466
f 247/462 248/467 482/468 481/465
f 248/467 218/377 483/469 482/468
f 218/377 216/371 480/466 483/469
f 218/377 248/467 485/470 484/471
f 248/467 249/472 486/473 485/470
f 249/472 220/383 487/474 486/473
f 220/383 218/377 484/471 487/474
f 220/383 249/472 489/475 488/476
f 249/472 250/477 490/478 489/475
f 250/477 222/389 491/479 490/478
f 222/389 220/383 488/476 491/479
f 222/389 250/477 493/480 492/481
f 250/477 251/482 494/483 493/480
f 251/482 224/395 495/484 494/483
f 224/395 222/389 492/481 495/484
f 224/395 251/482 497/485 496/486
f 251/482 252/487 498/488 497/485
f 252/487 226/401 499/489 498/488
f 226/401 224/395 496/486 499/489
f 226/401 252/487 501/490 500/491
f 252/487 253/492 502/493 501/490
f 253/492 228/407 503/494 502/493
f 228/407 226/401 500/491 503/494
f 228/407 253/492 505/495 504/496
f 253/492 254/497 506/498 505/495
f 254/497 230/413 507/499 506/498
f 230/413 228/407 504/496 507/499
f 230/413 254/497 509/500 508/501
f 254/497 255/502 510/503 509/500
f 255/502 232/419 511/504 510/503
f 232/419 230/413 508/501 511/504
f 232/419 255/502 513/505 512/506
f 255/502 256/507 514/508 513/505
f 256/507 234/425 515/509 514/508
f 234/425 232/419 512/506 515/509
f 234/425 256/507 517/510 516/511
f 256/507 257/512 518/513 517/510
f 257/512 236/431 519/514 518/513
f 236/431 234/425 516/511 519/514
f 236/431 257/512 521/515 520/516
f 257/512 258/517 522/518 521/515
f 258/517 238/437 523/519 522/518
f 238/437 236/431 520/516 523/519
f 238/437 258/517 525/520 524/521
f 258/517 259/522 526/523 525/520
f 259/522 240/443 527/524 526/523
f 240/443 238/437 524/521 527/524
f 240/443 259/522 529/525 528/526
f 259/522 260/527 530/528 529/525
f 260/527 242/449 531/529 530/528
f 242/449 240/443 528/526 531/529
f 242/449 260/527 533/530 532/531
f 260/527 261/532 534/533 533/530
f 261/532 244/455 535/534 534/533
f 244/455 242/449 532/531 535/534
f 166/535 167/536 537/537 536/538
f 167/536 263/539 538/540 537/537
f 263/539 262/541 539/542 538/540
f 262/541 166/535 536/538 539/542
f 167/536 198/543 541/544 540/545
f 198/543 264/546 542/547 541/544
f 264/546 263/539 543/548 542/547
f 263/539 167/536 540/545 543/548
f 198/549 199/550 545/551 544/552
f 199/550 265/553 546/554 545/551
f 265/553 264/555 547/556 546/554
f 264/555 198/549 544/552 547/556
f 199/550 200/557 549/558 548/559
f 200/557 266/560 550/561 549/558
f 266/560 265/553 551/562 550/561
f 265/553 199/550 548/559 551/562
f 200/557 201/563 553/564 552/565
f 201/563 267/566 554/567 553/564
f 267/566 266/560 555/568 554/567
f 266/560 200/557 552/565 555/568
f 201/563 202/569 557/570 556/571
f 202/569 268/572 558/573 557/570
f 268/572 267/566 559/574 558/573
f 267/566 201/563 556/571 559/574
f 202/569 203/575 561/576 560/577
f 203/575 269/578 562/579 561/576
f 269/578 268/572 563/580 562/579
f 268/572 202/569 560/577 563/580
f 203/575 204/581 565/582 564/583
f 204/581 270/584 566/585 565/582
f 270/584 269/578 567/586 566/585
f 269/578 203/575 564/583 567/586
f 204/581 205/587 569/588 568/589
f 205/587 271/590 570/591 569/588
f 271/590 270/584 571/592 570/591
f 270/584 204/581 568/589 571/592
f 205/587 206/593 573/594 572/595
f 206/593 272/596 574/597 573/594
f 272/596 271/590 575/598 574/597
f 271/590 205/587 572/595 575/598
f 206/593 207/599 577/600 576/601
f 207/599 273/602 578/603 577/600
f 273/602 272/596 579/604 578/603
f 272/596 206/593 576/601 579/604
f 207/599 208/605 581/606 580/607
f 208/605 274/608 582/609 581/606
f 274/608 273/602 583/610 582/609
f 273/602 207/599 580/607 583/610
f 208/605 209/611 585/612 584/613
f 209/611 275/614 586/615 585/612
f 275/614 274/608 587/616 586/615
f 274/608 208/605 584/613 587/616
f 209/611 210/617 589/618 588/619
f 210/617 276/620 590/621 589/618
f 276/620 275/614 591/622 590/621
f 275/614 209/611 588/619 591/622
f 210/617 211/623 593/624 592/625
f 211/623 277/626 594/627 593/624
f 277/626 276/620 595/628 594/627
f 276/620 210/617 592/625 595/628
f 211/623 212/629 597/630 596/631
f 212/629 278/632 598/633 597/630
f 278/632 277/626 599/634 598/633
f 277/626 211/623 596/631 599/634
f 212/629 213/635 601/636 600/637
f 213/635 279/638 602/639 601/636
f 279/638 278/632 603/640 602/639
f 278/632 212/629 600/637 603/640
f 213/641 197/642 605/643 604/644
f 197/642 280/645 606/646 605/643
f 280/645 279/647 607/648 606/646
f 279/647 213/641 604/644 607/648
f 197/642 196/649 609/650 608/651
f 196/649 281/652 610/653 609/650
f 281/652 280/645 611/654 610/653
f 280/645 197/642 608/651 611/654
f 196/655 194/656 613/657 612/658
f 194/656 282/659 614/660 613/657
f 282/659 281/661 615/662 614/660
f 281/661 196/655 612/658 615/662
f 194/656 192/663 617/664 616/665
f 192/663 283/666 618/667 617/664
f 283/666 282/659 619/668 618/667
f 282/659 194/656 616/665 619/668
f 192/663 190/669 621/670 620/671
f 190/669 284/672 622/673 621/670
f 284/672 283/666 623/674 622/673
f 283/666 192/663 620/671 623/674
f 190/669 188/675 625/676 624/677
f 188/675 285/678 626/679 625/676
f 285/678 284/672 627/680 626/679
f 284/672 190/669 624/677 627/680
f 188/675 186/681 629/682 628/683
f 186/681 286/684 630/685 629/682
f 286/684 285/678 631/686 630/685
f 285/678 188/675 628/683 631/686
f 186/681 184/687 633/688 632/689
f 184/687 287/690 634/691 633/688
f 287/690 286/684 635/692 634/691
f 286/684 186/681 632/689 635/692
f 184/687 182/693 637/694 636/695
f 182/693 288/696 638/697 637/694
f 288/696 287/690 639/698 638/697
f 287/690 184/687 636/695 639/698
f 182/693 180/699 641/700 640/701
f 180/699 289/702 642/703 641/700
f 289/702 288/696 643/704 642/703
f 288/696 182/693 640/701 643/704
f 180/699 178/705 645/706 644/707
f 178/705 290/708 646/709 645/706
f 290/708 289/702 647/710 646/709
f 289/702 180/699 644/707 647/710
f 178/705 176/711 649/712 648/713
f 176/711 291/714 650/715 649/712
f 291/714 290/708 651/716 650/715
f 290/708 178/705 648/713 651/716
f 176/711 174/717 653/718 652/719
f 174/717 292/720 654/721 653/718
f 292/720 291/714 655/722 654/721
f 291/714 176/711 652/719 655/722
f 174/717 172/723 657/724 656/725
f 172/723 293/726 658/727 657/724
f 293/726 292/720 659/728 658/727
f 292/720 174/717 656/725 659/728
f 172/723 170/729 661/730 660/731
f 170/729 294/732 662/733 661/730
f 294/732 293/726 663/734 662/733
f 293/726 172/723 660/731 663/734
f 170/729 168/735 665/736 664/737
f 168/735 295/738 666/739 665/736
f 295/738 294/732 667/740 666/739
f 294/732 170/729 664/737 667/740
f 168/735 166/741 669/742 668/743
f 166/741 262/744 670/745 669/742
f 262/744 295/738 671/746 670/745
f 295/738 168/735 668/743 671/746
f 262/541 263/539 673/747 672/748
f 263/539 215/749 674/750 673/747
f 215/749 214/751 675/752 674/750
f 214/751 262/541 672/748 675/752
f 263/539 264/546 677/753 676/754
f 264/546 246/755 678/756 677/753
f 246/755 215/749 679/757 678/756
f 215/749 263/539 676/754 679/757
f 264/555 265/553 681/758 680/759
f 265/553 247/760 682/761 681/758
f 247/760 246/762 683/763 682/761
f 246/762 264/555 680/759 683/763
f 265/553 266/560 685/764 684/765
f 266/560 248/766 686/767 685/764
f 248/766 247/760 687/768 686/767
f 247/760 265/553 684/765 687/768
f 266/560 267/566 689/769 688/770
f 267/566 249/771 690/772 689/769
f 249/771 248/766 691/773 690/772
f 248/766 266/560 688/770 691/773
f 267/566 268/572 693/774 692/775
f 268/572 250/776 694/777 693/774
f 250/776 249/771 695/778 694/777
f 249/771 267/566 692/775 695/778
f 268/572 269/578 697/779 696/780
f 269/578 251/781 698/782 697/779
f 251/781 250/776 699/783 698/782
f 250/776 268/572 696/780 699/783
f 269/578 270/584 701/784 700/785
f 270/584 252/786 702/787 701/784
f 252/786 251/781 703/788 702/787
f 251/781 269/578 700/785 703/788
f 270/584 271/590 705/789 704/790
f 271/590 253/791 706/792 705/789
f 253/791 252/786 707/793 706/792
f 252/786 270/584 704/790 707/793
f 271/590 272/596 709/794 708/795
f 272/596 254/796 710/797 709/794
f 254/796 253/791 711/798 710/797
f 253/791 271/590 708/795 711/798
f 272/596 273/602 713/799 712/800
f 273/602 255/801 714/802 713/799
f 255/801 254/796 715/803 714/802
f 254/796 272/596 712/800 715/803
f 273/602 274/608 717/804 716/805
f 274/608 256/806 718/807 717/804
f 256/806 255/801 719/808 718/807
f 255/801 273/602 716/805 719/808
f 274/608 275/614 721/809 720/810
f 275/614 257/811 722/812 721/809
f 257/811 256/806 723/813 722/812
f 256/806 274/608 720/810 723/813
f 275/614 276/620 725/814 724/815
f 276/620 258/816 726/817 725/814
f 258/816 257/811 727/818 726/817
f 257/811 275/614 724/815 727/818
f 276/620 277/626 729/819 728/820
f 277/626 259/821 730/822 729/819
f 259/821 258/816 731/823 730/822
f 258/816 276/620 728/820 731/823
f 277/626 278/632 733/824 732/825
f 278/632 260/826 734/827 733/824
f 260/826 259/821 735/828 734/827
f 259/821 277/626 732/825 735/828
f 278/632 279/638 737/829 736/830
f 279/638 261/831 738/832 737/829
f 261/831 260/826 739/833 738/832
f 260/826 278/632 736/830 739/833
f 279/647 280/645 741/834 740/835
f 280/645 244/836 742/837 741/834
f 244/836 261/838 743/839 742/837
f 261/838 279/647 740/835 743/839
f 280/645 281/652 745/840 744/841
f 281/652 245/842 746/843 745/840
f 245/842 244/836 747/844 746/843
f 244/836 280/645 744/841 747/844
f 281/661 282/659 749/845 748/846
f 282/659 243/847 750/848 749/845
f 243/847 245/849 751/850 750/848
f 245/849 281/661 748/846 751/850
f 282/659 283/666 753/851 752/852
f 283/666 241/853 754/854 753/851
f 241/853 243/847 755/855 754/854
f 243/847 282/659 752/852 755/855
f 283/666 284/672 757/856 756/857
f 284/672 239/858 758/859 757/856
f 239/858 241/853 759/860 758/859
f 241/853 283/666 756/857 759/860
f 284/672 285/678 761/861 760/862
f 285/678 237/863 762/864 761/861
f 237/863 239/858 763/865 762/864
f 239/858 284/672 760/862 763/865
f 285/678 286/684 765/866 764/867
f 286/684 235/868 766/869 765/866
f 235/868 237/863 767/870 766/869
f 237/863 285/678 764/867 767/870
f 286/684 287/690 769/871 768/872
f 287/690 233/873 770/874 769/871
f 233/873 235/868 771/875 770/874
f 235/868 286/684 768/872 771/875
f 287/690 288/696 773/876 772/877
f 288/696 231/878 774/879 773/876
f 231/878 233/873 775/880 774/879
f 233/873 287/690 772/877 775/880
f 288/696 289/702 777/881 776/882
f 289/702 229/883 778/884 777/881
f 229/883 231/878 779/885 778/884
f 231/878 288/696 776/882 779/885
f 289/702 290/708 781/886 780/887
f 290/708 227/888 782/889 781/886
f 227/888 229/883 783/890 782/889
f 229/883 289/702 780/887 783/890
f 290/708 291/714 785/891 784/892
f 291/714 225/893 786/894 785/891
f 225/893 227/888 787/895 786/894
f 227/888 290/708 784/892 787/895
f 291/714 292/720 789/896 788/897
f 292/720 223/898 790/899 789/896
f 223/898 225/893 791/900 790/899
f 225/893 291/714 788/897 791/900
f 292/720 293/726 793/901 792/902
f 293/726 221/903 794/904 793/901
f 221/903 223/898 795/905 794/904
f 223/898 292/720 792/902 795/905
f 293/726 294/732 797/906 796/907
f 294/732 219/908 798/909 797/906
f 219/908 221/903 799/910 798/909
f 221/903 293/726 796/907 799/910
f 294/732 295/738 801/911 800/912
f 295/738 217/913 802/914 801/911
f 217/913 219/908 803/915 802/914
f 219/908 294/732 800/912 803/915
f 295/738 262/744 805/916 804/917
f 262/744 214/918 806/919 805/916
f 214/918 217/913 807/920 806/919
f 217/913 295/738 804/917 807/920
g C
usemtl /obj/serverCables/texel_density1/uvquickshade1/shop_definition/texture_material
f 808/921 813/922 814/923 809/924
f 809/924 814/923 815/925 810/926
f 810/926 815/925 816/927 811/928
f 811/928 816/927 817/929 812/930
f 812/930 817/929 813/931 808/932
f 813/922 818/933 819/934 814/923
f 814/923 819/934 820/935 815/925
f 815/925 820/935 821/936 816/927
f 816/927 821/936 822/937 817/929
f 817/929 822/937 818/938 813/931
f 818/933 823/939 824/940 819/934
f 819/934 824/940 825/941 820/935
f 820/935 825/941 826/942 821/936
f 821/936 826/942 827/943 822/937
f 822/937 827/943 823/944 818/938
f 828/945 829/946 834/947 833/948
f 829/946 830/949 835/950 834/947
f 830/949 831/951 836/952 835/950
f 831/951 832/953 837/954 836/952
f 832/953 828/955 833/956 837/954
f 833/948 834/947 839/957 838/958
f 834/947 835/950 840/959 839/957
f 835/950 836/952 841/960 840/959
f 836/952 837/954 842/961 841/960
f 837/954 833/956 838/962 842/961
f 838/958 839/957 844/963 843/964
f 839/957 840/959 845/965 844/963
f 840/959 841/960 846/966 845/965
f 841/960 842/961 847/967 846/966
f 842/961 838/962 843/968 847/967
f 848/969 853/970 854/971 849/972
f 849/972 854/971 855/973 850/974
f 850/974 855/973 856/975 851/976
f 851/976 856/975 857/977 852/978
f 852/978 857/977 853/979 848/980
f 853/970 858/981 859/982 854/971
f 854/971 859/982 860/983 855/973
f 855/973 860/983 861/984 856/975
f 856/975 861/984 862/985 857/977
f 857/977 862/985 858/986 853/979
f 858/981 863/987 864/988 859/982
f 859/982 864/988 865/989 860/983
f 860/983 865/989 866/990 861/984
f 861/984 866/990 867/991 862/985
f 862/985 867/991 863/992 858/986
f 868/993 869/994 874/995 873/996
f 869/994 870/997 875/998 874/995
f 870/997 871/999 876/1000 875/998
f 871/999 872/1001 877/1002 876/1000
f 872/1001 868/1003 873/1004 877/1002
f 873/996 874/995 879/1005 878/1006
f 874/995 875/998 880/1007 879/1005
f 875/998 876/1000 881/1008 880/1007
f 876/1000 877/1002 882/1009 881/1008
f 877/1002 873/1004 878/1010 882/1009
f 878/1006 879/1005 884/1011 883/1012
f 879/1005 880/1007 885/1013 884/1011
f 880/1007 881/1008 886/1014 885/1013
f 881/1008 882/1009 887/1015 886/1014
f 882/1009 878/1010 883/1016 887/1015
f 888/1017 893/1018 894/1019 889/1020
f 889/1020 894/1019 895/1021 890/1022
f 890/1022 895/1021 896/1023 891/1024
f 891/1024 896/1023 897/1025 892/1026
f 892/1026 897/1025 893/1027 888/1028
f 893/1018 898/1029 899/1030 894/1019
f 894/1019 899/1030 900/1031 895/1021
f 895/1021 900/1031 901/1032 896/1023
f 896/1023 901/1032 902/1033 897/1025
f 897/1025 902/1033 898/1034 893/1027
f 898/1029 903/1035 904/1036 899/1030
f 899/1030 904/1036 905/1037 900/1031
f 900/1031 905/1037 906/1038 901/1032
f 901/1032 906/1038 907/1039 902/1033
f 902/1033 907/1039 903/1040 898/1034
f 908/1041 909/1042 914/1043 913/1044
f 909/1042 910/1045 915/1046 914/1043
f 910/1045 911/1047 916/1048 915/1046
f 911/1047 912/1049 917/1050 916/1048
f 912/1049 908/1051 913/1052 917/1050
f 913/1044 914/1043 919/1053 918/1054
f 914/1043 915/1046 920/1055 919/1053
f 915/1046 916/1048 921/1056 920/1055
f 916/1048 917/1050 922/1057 921/1056
f 917/1050 913/1052 918/1058 922/1057
f 918/1054 919/1053 924/1059 923/1060
f 919/1053 920/1055 925/1061 924/1059
f 920/1055 921/1056 926/1062 925/1061
f 921/1056 922/1057 927/1063 926/1062
f 922/1057 918/1058 923/1064 927/1063
f 928/1065 933/1066 934/1067 929/1068
f 929/1068 934/1067 935/1069 930/1070
f 930/1070 935/1069 936/1071 931/1072
f 931/1072 936/1071 937/1073 932/1074
f 932/1074 937/1073 933/1075 928/1076
f 933/1066 938/1077 939/1078 934/1067
f 934/1067 939/1078 940/1079 935/1069
f 935/1069 940/1079 941/1080 936/1071
f 936/1071 941/1080 942/1081 937/1073
f 937/1073 942/1081 938/1082 933/1075
f 938/1077 943/1083 944/1084 939/1078
f 939/1078 944/1084 945/1085 940/1079
f 940/1079 945/1085 946/1086 941/1080
f 941/1080 946/1086 947/1087 942/1081
f 942/1081 947/1087 943/1088 938/1082
f 948/1089 949/1090 954/1091 953/1092
f 949/1090 950/1093 955/1094 954/1091
f 950/1093 951/1095 956/1096 955/1094
f 951/1095 952/1097 957/1098 956/1096
f 952/1097 948/1099 953/1100 957/1098
f 953/1092 954/1091 959/1101 958/1102
f 954/1091 955/1094 960/1103 959/1101
f 955/1094 956/1096 961/1104 960/1103
f 956/1096 957/1098 962/1105 961/1104
f 957/1098 953/1100 958/1106 962/1105
f 958/1102 959/1101 964/1107 963/1108
f 959/1101 960/1103 965/1109 964/1107
f 960/1103 961/1104 966/1110 965/1109
f 961/1104 962/1105 967/1111 966/1110
f 962/1105 958/1106 963/1112 967/1111
f 968/1113 973/1114 974/1115 969/1116
f 969/1116 974/1115 975/1117 970/1118
f 970/1118 975/1117 976/1119 971/1120
f 971/1120 976/1119 977/1121 972/1122
f 972/1122 977/1121 973/1123 968/1124
f 973/1114 978/1125 979/1126 974/1115
f 974/1115 979/1126 980/1127 975/1117
f 975/1117 980/1127 981/1128 976/1119
f 976/1119 981/1128 982/1129 977/1121
f 977/1121 982/1129 978/1130 973/1123
f 978/1125 983/1131 984/1132 979/1126
f 979/1126 984/1132 985/1133 980/1127
f 980/1127 985/1133 986/1134 981/1128
f 981/1128 986/1134 987/1135 982/1129
f 982/1129 987/1135 983/1136 978/1130
f 988/1137 989/1138 994/1139 993/1140
f 989/1138 990/1141 995/1142 994/1139
f 990/1141 991/1143 996/1144 995/1142
f 991/1143 992/1145 997/1146 996/1144
f 992/1145 988/1147 993/1148 997/1146
f 993/1140 994/1139 999/1149 998/1150
f 994/1139 995/1142 1000/1151 999/1149
f 995/1142 996/1144 1001/1152 1000/1151
f 996/1144 997/1146 1002/1153 1001/1152
f 997/1146 993/1148 998/1154 1002/1153
f 998/1150 999/1149 1004/1155 1003/1156
f 999/1149 1000/1151 1005/1157 1004/1155
f 1000/1151 1001/1152 1006/1158 1005/1157
f 1001/1152 1002/1153 1007/1159 1006/1158
f 1002/1153 998/1154 1003/1160 1007/1159
f 1008/1161 1013/1162 1014/1163 1009/1164
f 1009/1164 1014/1163 1015/1165 1010/1166
f 1010/1166 1015/1165 1016/1167 1011/1168
f 1011/1168 1016/1167 1017/1169 1012/1170
f 1012/1170 1017/1169 1013/1171 1008/1172
f 1013/1162 1018/1173 1019/1174 1014/1163
f 1014/1163 1019/1174 1020/1175 1015/1165
f 1015/1165 1020/1175 1021/1176 1016/1167
f 1016/1167 1021/1176 1022/1177 1017/1169
f 1017/1169 1022/1177 1018/1178 1013/1171
f 1018/1173 1023/1179 1024/1180 1019/1174
f 1019/1174 1024/1180 1025/1181 1020/1175
f 1020/1175 1025/1181 1026/1182 1021/1176
f 1021/1176 1026/1182 1027/1183 1022/1177
f 1022/1177 1027/1183 1023/1184 1018/1178
f 1028/1185 1029/1186 1034/1187 1033/1188
f 1029/1186 1030/1189 1035/1190 1034/1187
f 1030/1189 1031/1191 1036/1192 1035/1190
f 1031/1191 1032/1193 1037/1194 1036/1192
f 1032/1193 1028/1195 1033/1196 1037/1194
f 1033/1188 1034/1187 1039/1197 1038/1198
f 1034/1187 1035/1190 1040/1199 1039/1197
f 1035/1190 1036/1192 1041/1200 1040/1199
f 1036/1192 1037/1194 1042/1201 1041/1200
f 1037/1194 1033/1196 1038/1202 1042/1201
f 1038/1198 1039/1197 1044/1203 1043/1204
f 1039/1197 1040/1199 1045/1205 1044/1203
f 1040/1199 1041/1200 1046/1206 1045/1205
f 1041/1200 1042/1201 1047/1207 1046/1206
f 1042/1201 1038/1202 1043/1208 1047/1207
f 1048/1209 1053/1210 1054/1211 1049/1212
f 1049/1212 1054/1211 1055/1213 1050/1214
f 1050/1214 1055/1213 1056/1215 1051/1216
f 1051/1216 1056/1215 1057/1217 1052/1218
f 1052/1218 1057/1217 1053/1219 1048/1220
f 1053/1210 1058/1221 1059/1222 1054/1211
f 1054/1211 1059/1222 1060/1223 1055/1213
f 1055/1213 1060/1223 1061/1224 1056/1215
f 1056/1215 1061/1224 1062/1225 1057/1217
f 1057/1217 1062/1225 1058/1226 1053/1219
f 1058/1221 1063/1227 1064/1228 1059/1222
f 1059/1222 1064/1228 1065/1229 1060/1223
f 1060/1223 1065/1229 1066/1230 1061/1224
f 1061/1224 1066/1230 1067/1231 1062/1225
f 1062/1225 1067/1231 1063/1232 1058/1226
f 1068/1233 1069/1234 1074/1235 1073/1236
f 1069/1234 1070/1237 1075/1238 1074/1235
f 1070/1237 1071/1239 1076/1240 1075/1238
f 1071/1239 1072/1241 1077/1242 1076/1240
f 1072/1241 1068/1243 1073/1244 1077/1242
f 1073/1236 1074/1235 1079/1245 1078/1246
f 1074/1235 1075/1238 1080/1247 1079/1245
f 1075/1238 1076/1240 1081/1248 1080/1247
f 1076/1240 1077/1242 1082/1249 1081/1248
f 1077/1242 1073/1244 1078/1250 1082/1249
f 1078/1246 1079/1245 1084/1251 1083/1252
f 1079/1245 1080/1247 1085/1253 1084/1251
f 1080/1247 1081/1248 1086/1254 1085/1253
f 1081/1248 1082/1249 1087/1255 1086/1254
f 1082/1249 1078/1250 1083/1256 1087/1255
f 1088/1257 1093/1258 1094/1259 1089/1260
f 1089/1260 1094/1259 1095/1261 1090/1262
f 1090/1262 1095/1261 1096/1263 1091/1264
f 1091/1264 1096/1263 1097/1265 1092/1266
f 1092/1266 1097/1265 1093/1267 1088/1268
f 1093/1258 1098/1269 1099/1270 1094/1259
f 1094/1259 1099/1270 1100/1271 1095/1261
f 1095/1261 1100/1271 1101/1272 1096/1263
f 1096/1263 1101/1272 1102/1273 1097/1265
f 1097/1265 1102/1273 1098/1274 1093/1267
f 1098/1269 1103/1275 1104/1276 1099/1270
f 1099/1270 1104/1276 1105/1277 1100/1271
f 1100/1271 1105/1277 1106/1278 1101/1272
f 1101/1272 1106/1278 1107/1279 1102/1273
f 1102/1273 1107/1279 1103/1280 1098/1274
f 1108/1281 1109/1282 1114/1283 1113/1284
f 1109/1282 1110/1285 1115/1286 1114/1283
f 1110/1285 1111/1287 1116/1288 1115/1286
f 1111/1287 1112/1289 1117/1290 1116/1288
f 1112/1289 1108/1291 1113/1292 1117/1290
f 1113/1284 1114/1283 1119/1293 1118/1294
f 1114/1283 1115/1286 1120/1295 1119/1293
f 1115/1286 1116/1288 1121/1296 1120/1295
f 1116/1288 1117/1290 1122/1297 1121/1296
f 1117/1290 1113/1292 1118/1298 1122/1297
f 1118/1294 1119/1293 1124/1299 1123/1300
f 1119/1293 1120/1295 1125/1301 1124/1299
f 1120/1295 1121/1296 1126/1302 1125/1301
f 1121/1296 1122/1297 1127/1303 1126/1302
f 1122/1297 1118/1298 1123/1304 1127/1303
f 1128/1305 1133/1306 1134/1307 1129/1308
f 1129/1308 1134/1307 1135/1309 1130/1310
f 1130/1310 1135/1309 1136/1311 1131/1312
f 1131/1312 1136/1311 1137/1313 1132/1314
f 1132/1314 1137/1313 1133/1315 1128/1316
f 1133/1306 1138/1317 1139/1318 1134/1307
f 1134/1307 1139/1318 1140/1319 1135/1309
f 1135/1309 1140/1319 1141/1320 1136/1311
f 1136/1311 1141/1320 1142/1321 1137/1313
f 1137/1313 1142/1321 1138/1322 1133/1315
f 1138/1317 1143/1323 1144/1324 1139/1318
f 1139/1318 1144/1324 1145/1325 1140/1319
f 1140/1319 1145/1325 1146/1326 1141/1320
f 1141/1320 1146/1326 1147/1327 1142/1321
f 1142/1321 1147/1327 1143/1328 1138/1322
f 1148/1329 1149/1330 1154/1331 1153/1332
f 1149/1330 1150/1333 1155/1334 1154/1331
f 1150/1333 1151/1335 1156/1336 1155/1334
f 1151/1335 1152/1337 1157/1338 1156/1336
f 1152/1337 1148/1339 1153/1340 1157/1338
f 1153/1332 1154/1331 1159/1341 1158/1342
f 1154/1331 1155/1334 1160/1343 1159/1341
f 1155/1334 1156/1336 1161/1344 1160/1343
f 1156/1336 1157/1338 1162/1345 1161/1344
f 1157/1338 1153/1340 1158/1346 1162/1345
f 1158/1342 1159/1341 1164/1347 1163/1348
f 1159/1341 1160/1343 1165/1349 1164/1347
f 1160/1343 1161/1344 1166/1350 1165/1349
f 1161/1344 1162/1345 1167/1351 1166/1350
f 1162/1345 1158/1346 1163/1352 1167/1351
f 1168/1353 1173/1354 1174/1355 1169/1356
f 1169/1356 1174/1355 1175/1357 1170/1358
f 1170/1358 1175/1357 1176/1359 1171/1360
f 1171/1360 1176/1359 1177/1361 1172/1362
f 1172/1362 1177/1361 1173/1363 1168/1364
f 1173/1354 1178/1365 1179/1366 1174/1355
f 1174/1355 1179/1366 1180/1367 1175/1357
f 1175/1357 1180/1367 1181/1368 1176/1359
f 1176/1359 1181/1368 1182/1369 1177/1361
f 1177/1361 1182/1369 1178/1370 1173/1363
f 1178/1365 1183/1371 1184/1372 1179/1366
f 1179/1366 1184/1372 1185/1373 1180/1367
f 1180/1367 1185/1373 1186/1374 1181/1368
f 1181/1368 1186/1374 1187/1375 1182/1369
f 1182/1369 1187/1375 1183/1376 1178/1370
f 1188/1377 1189/1378 1194/1379 1193/1380
f 1189/1378 1190/1381 1195/1382 1194/1379
f 1190/1381 1191/1383 1196/1384 1195/1382
f 1191/1383 1192/1385 1197/1386 1196/1384
f 1192/1385 1188/1387 1193/1388 1197/1386
f 1193/1380 1194/1379 1199/1389 1198/1390
f 1194/1379 1195/1382 1200/1391 1199/1389
f 1195/1382 1196/1384 1201/1392 1200/1391
f 1196/1384 1197/1386 1202/1393 1201/1392
f 1197/1386 1193/1388 1198/1394 1202/1393
f 1198/1390 1199/1389 1204/1395 1203/1396
f 1199/1389 1200/1391 1205/1397 1204/1395
f 1200/1391 1201/1392 1206/1398 1205/1397
f 1201/1392 1202/1393 1207/1399 1206/1398
f 1202/1393 1198/1394 1203/1400 1207/1399
f 1208/1401 1213/1402 1214/1403 1209/1404
f 1209/1404 1214/1403 1215/1405 1210/1406
f 1210/1406 1215/1405 1216/1407 1211/1408
f 1211/1408 1216/1407 1217/1409 1212/1410
f 1212/1410 1217/1409 1213/1411 1208/1412
f 1213/1402 1218/1413 1219/1414 1214/1403
f 1214/1403 1219/1414 1220/1415 1215/1405
f 1215/1405 1220/1415 1221/1416 1216/1407
f 1216/1407 1221/1416 1222/1417 1217/1409
f 1217/1409 1222/1417 1218/1418 1213/1411
f 1218/1413 1223/1419 1224/1420 1219/1414
f 1219/1414 1224/1420 1225/1421 1220/1415
f 1220/1415 1225/1421 1226/1422 1221/1416
f 1221/1416 1226/1422 1227/1423 1222/1417
f 1222/1417 1227/1423 1223/1424 1218/1418
f 1228/1425 1229/1426 1234/1427 1233/1428
f 1229/1426 1230/1429 1235/1430 1234/1427
f 1230/1429 1231/1431 1236/1432 1235/1430
f 1231/1431 1232/1433 1237/1434 1236/1432
f 1232/1433 1228/1435 1233/1436 1237/1434
f 1233/1428 1234/1427 1239/1437 1238/1438
f 1234/1427 1235/1430 1240/1439 1239/1437
f 1235/1430 1236/1432 1241/1440 1240/1439
f 1236/1432 1237/1434 1242/1441 1241/1440
f 1237/1434 1233/1436 1238/1442 1242/1441
f 1238/1438 1239/1437 1244/1443 1243/1444
f 1239/1437 1240/1439 1245/1445 1244/1443
f 1240/1439 1241/1440 1246/1446 1245/1445
f 1241/1440 1242/1441 1247/1447 1246/1446
f 1242/1441 1238/1442 1243/1448 1247/1447
f 1248/1449 1253/1450 1254/1451 1249/1452
f 1249/1452 1254/1451 1255/1453 1250/1454
f 1250/1454 1255/1453 1256/1455 1251/1456
f 1251/1456 1256/1455 1257/1457 1252/1458
f 1252/1458 1257/1457 1253/1459 1248/1460
f 1253/1450 1258/1461 1259/1462 1254/1451
f 1254/1451 1259/1462 1260/1463 1255/1453
f 1255/1453 1260/1463 1261/1464 1256/1455
f 1256/1455 1261/1464 1262/1465 1257/1457
f 1257/1457 1262/1465 1258/1466 1253/1459
f 1258/1461 1263/1467 1264/1468 1259/1462
f 1259/1462 1264/1468 1265/1469 1260/1463
f 1260/1463 1265/1469 1266/1470 1261/1464
f 1261/1464 1266/1470 1267/1471 1262/1465
f 1262/1465 1267/1471 1263/1472 1258/1466
f 1268/1473 1269/1474 1274/1475 1273/1476
f 1269/1474 1270/1477 1275/1478 1274/1475
f 1270/1477 1271/1479 1276/1480 1275/1478
f 1271/1479 1272/1481 1277/1482 1276/1480
f 1272/1481 1268/1483 1273/1484 1277/1482
f 1273/1476 1274/1475 1279/1485 1278/1486
f 1274/1475 1275/1478 1280/1487 1279/1485
f 1275/1478 1276/1480 1281/1488 1280/1487
f 1276/1480 1277/1482 1282/1489 1281/1488
f 1277/1482 1273/1484 1278/1490 1282/1489
f 1278/1486 1279/1485 1284/1491 1283/1492
f 1279/1485 1280/1487 1285/1493 1284/1491
f 1280/1487 1281/1488 1286/1494 1285/1493
f 1281/1488 1282/1489 1287/1495 1286/1494
f 1282/1489 1278/1490 1283/1496 1287/1495
f 1288/1497 1293/1498 1294/1499 1289/1500
f 1289/1500 1294/1499 1295/1501 1290/1502
f 1290/1502 1295/1501 1296/1503 1291/1504
f 1291/1504 1296/1503 1297/1505 1292/1506
f 1292/1506 1297/1505 1293/1507 1288/1508
f 1293/1498 1298/1509 1299/1510 1294/1499
f 1294/1499 1299/1510 1300/1511 1295/1501
f 1295/1501 1300/1511 1301/1512 1296/1503
f 1296/1503 1301/1512 1302/1513 1297/1505
f 1297/1505 1302/1513 1298/1514 1293/1507
f 1298/1509 1303/1515 1304/1516 1299/1510
f 1299/1510 1304/1516 1305/1517 1300/1511
f 1300/1511 1305/1517 1306/1518 1301/1512
f 1301/1512 1306/1518 1307/1519 1302/1513
f 1302/1513 1307/1519 1303/1520 1298/1514
f 1308/1521 1309/1522 1314/1523 1313/1524
f 1309/1522 1310/1525 1315/1526 1314/1523
f 1310/1525 1311/1527 1316/1528 1315/1526
f 1311/1527 1312/1529 1317/1530 1316/1528
f 1312/1529 1308/1531 1313/1532 1317/1530
f 1313/1524 1314/1523 1319/1533 1318/1534
f 1314/1523 1315/1526 1320/1535 1319/1533
f 1315/1526 1316/1528 1321/1536 1320/1535
f 1316/1528 1317/1530 1322/1537 1321/1536
f 1317/1530 1313/1532 1318/1538 1322/1537
f 1318/1534 1319/1533 1324/1539 1323/1540
f 1319/1533 1320/1535 1325/1541 1324/1539
f 1320/1535 1321/1536 1326/1542 1325/1541
f 1321/1536 1322/1537 1327/1543 1326/1542
f 1322/1537 1318/1538 1323/1544 1327/1543
g D
usemtl /obj/serverCables/texel_density1/uvquickshade1/shop_definition/texture_material
f 1336/1545 1349/1546 1340/1547 1346/1548
f 1346/1548 1340/1547 1347/1549 1332/1550
f 1340/1547 1348/1551 1333/1552 1347/1549
f 1349/1546 1337/1553 1348/1551 1340/1547
f 1337/1553 1349/1546 1341/1554 1350/1555
f 1350/1555 1341/1554 1351/1556 1328/1557
f 1341/1554 1352/1558 1329/1559 1351/1556
f 1349/1546 1336/1545 1352/1558 1341/1554
f 1337/1553 1355/1560 1342/1561 1348/1551
f 1348/1551 1342/1561 1353/1562 1333/1552
f 1342/1561 1354/1563 1335/1564 1353/1562
f 1355/1560 1338/1565 1354/1563 1342/1561
f 1338/1565 1355/1560 1343/1566 1356/1567
f 1356/1567 1343/1566 1357/1568 1331/1569
f 1343/1566 1350/1555 1328/1557 1357/1568
f 1355/1560 1337/1553 1350/1555 1343/1566
f 1339/1570 1360/1571 1344/1572 1358/1573
f 1358/1573 1344/1572 1359/1574 1334/1575
f 1344/1572 1346/1548 1332/1550 1359/1574
f 1360/1571 1336/1545 1346/1548 1344/1572
f 1336/1545 1360/1571 1345/1576 1352/1558
f 1352/1558 1345/1576 1361/1577 1329/1559
f 1345/1576 1362/1578 1330/1579 1361/1577
f 1360/1571 1339/1570 1362/1578 1345/1576
