# File exported by Houdini 20.5.584 (www.sidefx.com)
# 3974 points
# 13900 vertices
# 3476 primitives
# Bounds: [-10, -9.34603804e-07, -29] to [30, 10, 0]
g 
v -10 0 -3
v -10 0 -2
v -9 0 -2
v -8 0 -2
v -7 0 -2
v -6 0 -2
v -5 0 -2
v -4 0 -2
v -3 0 -2
v -2 0 -2
v -1 0 -2
v -10 0 -4
v -10 0 -5
v -10 0 -6
v -9 0 -6
v -8 0 -6
v -7 0 -6
v -6 0 -6
v -5 0 -6
v -4 0 -6
v -3 0 -6
v -2 0 -6
v -1 0 -6
v -10 3.5999999 -3
v -9 3.5999999 -2
v -10 3.5999999 -2
v -8 3.5999999 -2
v -7 3.5999999 -2
v -6 3.5999999 -2
v -5 3.5999999 -2
v -4 3.5999999 -2
v -3 3.5999999 -2
v -2 3.5999999 -2
v -1 3.5999999 -2
v -10 3.5999999 -4
v -10 3.5999999 -5
v -10 3.5999999 -6
v -9 3.5999999 -6
v -8 3.5999999 -6
v -7 3.5999999 -6
v -6 3.5999999 -6
v -5 3.5999999 -6
v -4 3.5999999 -6
v -3 3.5999999 -6
v -2 3.5999999 -6
v -1 3.5999999 -6
v -9 1 -2
v -10 1 -2
v -10 1 -3
v -10 1 -4
v -10 1 -5
v -10 1 -6
v -9 1 -6
v -8 1 -6
v -7 1 -6
v -6 1 -6
v -5 1 -6
v -4 1 -6
v -3 1 -6
v -2 1 -6
v -1 1 -6
v -1 1 -2
v -2 1 -2
v -3 1 -2
v -4 1 -2
v -5 1 -2
v -6 1 -2
v -7 1 -2
v -8 1 -2
v -9 2 -2.00000095
v -10 2 -2.00000095
v -10 2 -3.00000095
v -10 2 -4.00000095
v -9.99999905 2 -5.00000095
v -9.99999905 2 -6.00000095
v -8.99999905 2 -6.00000048
v -7.99999952 2 -6.00000048
v -6.99999952 2 -6.00000048
v -5.99999952 2 -6
v -4.99999952 2 -6
v -3.99999976 2 -5.99999952
v -2.99999976 2 -5.99999952
v -1.99999988 2 -5.99999952
v -0.999999881 2 -5.99999905
v -1.0000006 2 -1.9999994
v -2.00000072 2 -1.99999952
v -3.00000048 2 -1.99999976
v -4.00000048 2 -1.99999988
v -5.00000048 2 -2
v -6.00000048 2 -2.00000024
v -7.00000048 2 -2.00000048
v -8 2 -2.00000072
v -0.5 -9.34603804e-07 -5.39999866
v -0.5 9.34603975e-07 -2.59999895
v -0.5 1.00000095 -2.59999943
v -0.500000536 2.00000095 -2.59999967
v -0.5 3.60000086 -2.60000062
v -0.5 3.59999895 -5.40000057
v -0.49999997 1.99999905 -5.39999962
v -0.5 0.999999046 -5.39999914
v -0.499999702 1 -6
v -0.499999642 2 -5.99999905
v -0.499999702 3.5999999 -6
v -0.499999702 3.5999999 -1.99999988
v -0.500000298 2 -1.99999928
v -0.499999702 1 -2
v -0.499999702 0 -2
v -0.499999702 0 -6
v -0.499999672 3.00000834 -5.99999952
v -0.5 3.00000739 -5.4000001
v -0.99999994 3.00000834 -5.99999952
v -2 3.00000834 -6
v -3 3.00000834 -6
v -4 3.00000834 -6
v -5 3.00000834 -6
v -6 3.00000834 -6
v -7 3.00000834 -6
v -8 3.00000834 -6
v -9 3.00000834 -6
v -10 3.00000834 -6.00000048
v -10 3.00000834 -5.00000048
v -10 3.00000834 -4.00000048
v -10 3.00000834 -3.00000048
v -10 3.00000834 -2.00000048
v -9 3.00000834 -2.00000048
v -8 3.00000834 -2.00000048
v -7 3.00000834 -2.00000024
v -6 3.00000834 -2
v -5 3.00000834 -2
v -4 3.00000834 -2
v -3.00000024 3.00000834 -1.99999988
v -2.00000048 3.00000834 -1.99999976
v -1.00000024 3.00000834 -1.99999976
v -0.5 3.00000834 -1.99999952
v -0.500000238 3.0000093 -2.60000014
v -0.5 3.60000038 -2.99999976
v -0.500000238 3.00000882 -2.99999928
v -0.5 3.5999999 -4.00000048
v -0.500000119 3.00000834 -4
v -0.49999997 3.59999943 -5.00000048
v -0.50000006 3.00000787 -5
v -10 3.5999999 -3
v -9 3.5999999 -2
v -10 3.5999999 -2
v -8 3.5999999 -2
v -7 3.5999999 -2
v -6 3.5999999 -2
v -5 3.5999999 -2
v -4 3.5999999 -2
v -3 3.5999999 -2
v -2 3.5999999 -2
v -1 3.5999999 -2
v -10 3.5999999 -4
v -10 3.5999999 -5
v -10 3.5999999 -6
v -9 3.5999999 -6
v -8 3.5999999 -6
v -7 3.5999999 -6
v -6 3.5999999 -6
v -5 3.5999999 -6
v -4 3.5999999 -6
v -3 3.5999999 -6
v -2 3.5999999 -6
v -1 3.5999999 -6
v -9 3.5999999 -3
v -8 3.5999999 -3
v -7 3.5999999 -3
v -6 3.5999999 -3
v -5 3.5999999 -3
v -4 3.5999999 -3
v -3 3.5999999 -3
v -2 3.5999999 -3
v -1 3.5999999 -3
v -9 3.5999999 -4
v -8 3.5999999 -4
v -7 3.5999999 -4
v -6 3.5999999 -4
v -5 3.5999999 -4
v -4 3.5999999 -4
v -3 3.5999999 -4
v -2 3.5999999 -4
v -1 3.5999999 -4
v -9 3.5999999 -5
v -8 3.5999999 -5
v -7 3.5999999 -5
v -6 3.5999999 -5
v -5 3.5999999 -5
v -4 3.5999999 -5
v -3 3.5999999 -5
v -2 3.5999999 -5
v -1 3.5999999 -5
v -0.5 3.60000086 -2.60000062
v -0.5 3.5999999 -2.99999976
v -0.5 3.5999999 -3.99999976
v -0.5 3.5999999 -5
v -0.5 3.59999895 -5.40000057
v -0.499999702 3.5999999 -6
v -0.499999702 3.5999999 -1.99999988
v 0 9.34603975e-07 -2.59999895
v 0 -9.34603804e-07 -5.39999866
v 0 3.00000095 -2.60000038
v 0 2.99999905 -5.40000057
v 0 0.999999046 -5.39999914
v 0 1.00000095 -2.59999943
v -5.11650704e-08 1.99999905 -5.4000001
v -4.25672084e-07 2.00000095 -2.59999943
v 0 3 -2.99999952
v 0 3 -3.99999952
v 0 3 -4.99999952
v 0 0 -1
v 0 0 0
v 1 0 0
v 2 0 0
v 3 0 0
v 4 0 0
v 5 0 0
v 6 0 0
v 7 0 0
v 8 0 0
v 9 0 0
v 10 0 0
v 11 0 0
v 12 0 0
v 13 0 0
v 14 0 0
v 15 0 0
v 16 0 0
v 17 0 0
v 18 0 0
v 19 0 0
v 20 0 0
v 21 0 0
v 22 0 0
v 23 0 0
v 24 0 0
v 25 0 0
v 26 0 0
v 27 0 0
v 28 0 0
v 29 0 0
v 30 0 -1
v 30 0 0
v 30 0 -2
v 30 0 -3
v 30 0 -4
v 30 0 -5
v 30 0 -6
v 0 0 -7
v 30 0 -7
v 0 0 -8
v 1 0 -8
v 2 0 -8
v 3 0 -8
v 24 0 -8
v 25 0 -8
v 26 0 -8
v 27 0 -8
v 28 0 -8
v 29 0 -8
v 30 0 -8
v 0 10 -1
v 0 10 0
v 1 10 0
v 2 10 0
v 3 10 0
v 4 10 0
v 5 10 0
v 6 10 0
v 7 10 0
v 8 10 0
v 9 10 0
v 10 10 0
v 11 10 0
v 12 10 0
v 13 10 0
v 14 10 0
v 15 10 0
v 16 10 0
v 17 10 0
v 18 10 0
v 19 10 0
v 20 10 0
v 21 10 0
v 22 10 0
v 23 10 0
v 24 10 0
v 25 10 0
v 26 10 0
v 27 10 0
v 28 10 0
v 29 10 0
v 30 10 0
v 30 10 -1
v 30 10 -2
v 30 10 -3
v 30 10 -4
v 30 10 -5
v 30 10 -6
v 30 10 -7
v 30 10 -8
v 29 10 -8
v 28 10 -8
v 27 10 -8
v 26 10 -8
v 25 10 -8
v 24 10 -8
v 3 10 -8
v 2 10 -8
v 1 10 -8
v 0 10 -8
v 0 10 -7
v 0 10 -6
v 0 10 -5
v 0 10 -4
v 0 10 -3
v 0 10 -2
v 0 1 -1
v 0 1 0
v 1 1 0
v 1.99999905 1 0
v 3 1 0
v 4 1 0
v 5 1 0
v 6 1 0
v 7 1 0
v 8 1 0
v 9 1 0
v 10 1 0
v 11 1 0
v 12 1 0
v 13 1 0
v 14 1 0
v 15 1 0
v 16 1 0
v 17 1 0
v 18 1 0
v 19 1 0
v 20 1 0
v 21 1 0
v 22 1 0
v 23 1 0
v 24 1 0
v 25 1 0
v 26 1 0
v 27 1 0
v 28 1 0
v 29 1 0
v 30 1 0
v 30 1 -1
v 30 1 -2
v 30 1 -3
v 30 1 -3.99999905
v 30 1 -5
v 30 1 -6
v 30 1 -7
v 30 1 -8
v 29 1 -8
v 28 1 -8
v 27 1 -8
v 26 1 -8
v 25 1 -8
v 24 1 -8
v 3 1 -8
v 1.99999905 1 -8
v 1 1 -8
v 0 1 -8
v 0 1 -7
v 0 2 -1.00000095
v 0 2 0
v 1.00000095 2 0
v 2.00000095 2 0
v 3.00000095 2 0
v 4.00000191 2 0
v 5 2 0
v 6.00000095 2 0
v 7.00000095 2 0
v 8.00000095 2 0
v 9.00000095 2 0
v 10.000001 2 0
v 11.000001 2 0
v 12.000001 2 0
v 13.000001 2 0
v 14.000001 2 0
v 15.000001 2 0
v 16 2 0
v 17 2 0
v 18 2 0
v 19 2 0
v 20 2 0
v 21 2 0
v 22 2 0
v 23 2 0
v 24 2 0
v 25 2 0
v 26 2 0
v 27 2 0
v 28 2 0
v 29.0000019 2 0
v 30 2 0
v 30 2 -1.00000095
v 30 2 -1.99999905
v 30 2 -3
v 30 2 -4
v 30 2 -5
v 30 2 -6
v 30 2 -7
v 30 2 -8
v 29.0000019 2 -8
v 28 2 -8
v 27 2 -8
v 26 2 -8
v 25 2 -8
v 24 2 -8
v 3.00000095 2 -8
v 2.00000095 2 -8
v 1.00000095 2 -8
v 0 2 -8
v 0 2 -7
v 0 3 -0.999999046
v 0 3 0
v 0.999999046 3 0
v 2.00000095 3 0
v 3 3 0
v 4 3 0
v 5 3 0
v 6 3 0
v 7 3 0
v 8 3 0
v 9 3 0
v 10 3 0
v 11 3 0
v 12 3 0
v 13 3 0
v 14 3 0
v 15 3 0
v 16 3 0
v 17 3 0
v 18 3 0
v 19 3 0
v 20 3 0
v 21 3 0
v 22 3 0
v 23 3 0
v 24 3 0
v 25 3 0
v 26 3 0
v 27 3 0
v 28 3 0
v 29 3 0
v 30 3 0
v 30 3 -0.999999046
v 30 3 -1.99999905
v 30 3 -2.99999905
v 30 3 -3.99999905
v 30 3 -4.99999905
v 30 3 -5.99999905
v 30 3 -6.99999905
v 30 3 -7.99999905
v 29 3 -7.99999905
v 28 3 -7.99999905
v 27 3 -7.99999905
v 26 3 -7.99999905
v 25 3 -7.99999905
v 24 3 -7.99999905
v 3 3 -7.99999905
v 2.00000095 3 -7.99999905
v 0.999999046 3 -7.99999905
v 0 3 -7.99999905
v 0 3 -6.99999905
v 0 4 -0.999999046
v 0 4 0
v 0.999999046 4 0
v 2 4 0
v 3 4 0
v 4 4 0
v 5 4 0
v 6 4 0
v 7 4 0
v 8 4 0
v 9 4 0
v 10 4 0
v 11 4 0
v 12 4 0
v 13 4 0
v 14 4 0
v 15 4 0
v 16 4 0
v 17 4 0
v 18 4 0
v 19 4 0
v 20 4 0
v 21 4 0
v 22 4 0
v 23 4 0
v 24 4 0
v 25 4 0
v 26 4 0
v 27 4 0
v 28 4 0
v 29 4 0
v 30 4 0
v 30 4 -0.999999046
v 30 4 -1.99999905
v 30 4 -2.99999905
v 30 4 -3.99999905
v 30 4 -4.99999905
v 30 4 -5.99999905
v 30 4 -6.99999905
v 30 4 -7.99999905
v 29 4 -7.99999905
v 28 4 -7.99999905
v 27 4 -7.99999905
v 26 4 -7.99999905
v 25 4 -7.99999905
v 24 4 -7.99999905
v 3 4 -7.99999905
v 2 4 -7.99999905
v 0.999999046 4 -7.99999905
v 0 4 -7.99999905
v 0 4 -6.99999905
v 0 4 -5.99999905
v 0 4 -4.99999905
v 0 4 -3.99999905
v 0 4 -2.99999905
v 0 4 -1.99999905
v 0 5 -1
v 0 5 0
v 1 5 0
v 2 5 0
v 3 5 0
v 4 5 0
v 5 5 0
v 6 5 0
v 7 5 0
v 8 5 0
v 9 5 0
v 10 5 0
v 11 5 0
v 12 5 0
v 13 5 0
v 14 5 0
v 15 5 0
v 16 5 0
v 17 5 0
v 18 5 0
v 19 5 0
v 20 5 0
v 21 5 0
v 22 5 0
v 23 5 0
v 24 5 0
v 25 5 0
v 26 5 0
v 27 5 0
v 28 5 0
v 29 5 0
v 30 5 0
v 30 5 -1
v 30 5 -2
v 30 5 -3
v 30 5 -4
v 30 5 -5
v 30 5 -6
v 30 5 -7
v 30 5 -8
v 29 5 -8
v 28 5 -8
v 27 5 -8
v 26 5 -8
v 25 5 -8
v 24 5 -8
v 3 5 -8
v 2 5 -8
v 1 5 -8
v 0 5 -8
v 0 5 -7
v 0 5 -6
v 0 5 -5
v 0 5 -4
v 0 5 -3
v 0 5 -2
v 0 6 -0.999999046
v 0 6 0
v 0.999999046 6 0
v 2 6 0
v 3 6 0
v 4 6 0
v 5 6 0
v 6 6 0
v 7 6 0
v 8 6 0
v 9 6 0
v 10 6 0
v 11 6 0
v 12 6 0
v 13 6 0
v 14 6 0
v 15 6 0
v 16 6 0
v 17 6 0
v 18 6 0
v 19 6 0
v 20 6 0
v 21 6 0
v 22 6 0
v 23 6 0
v 24 6 0
v 25 6 0
v 26 6 0
v 27 6 0
v 28 6 0
v 29 6 0
v 30 6 0
v 30 6 -0.999999046
v 30 6 -1.99999905
v 30 6 -2.99999905
v 30 6 -3.99999905
v 30 6 -4.99999905
v 30 6 -5.99999905
v 30 6 -6.99999905
v 30 6 -7.99999905
v 29 6 -7.99999905
v 28 6 -7.99999905
v 27 6 -7.99999905
v 26 6 -7.99999905
v 25 6 -7.99999905
v 24 6 -7.99999905
v 3 6 -7.99999905
v 2 6 -7.99999905
v 0.999999046 6 -7.99999905
v 0 6 -7.99999905
v 0 6 -6.99999905
v 0 6 -5.99999905
v 0 6 -4.99999905
v 0 6 -3.99999905
v 0 6 -2.99999905
v 0 6 -1.99999905
v 0 7 -0.999999046
v 0 7 0
v 0.999999046 7 0
v 1.99999905 7 0
v 3 7 0
v 4 7 0
v 5 7 0
v 6 7 0
v 7 7 0
v 8 7 0
v 9 7 0
v 10 7 0
v 11 7 0
v 12 7 0
v 13 7 0
v 14 7 0
v 15 7 0
v 16 7 0
v 17 7 0
v 18 7 0
v 19 7 0
v 20 7 0
v 21 7 0
v 22 7 0
v 23 7 0
v 24 7 0
v 25 7 0
v 26 7 0
v 27 7 0
v 28 7 0
v 29 7 0
v 30 7 0
v 30 7 -0.999999046
v 30 7 -1.99999905
v 30 7 -2.99999905
v 30 7 -3.99999905
v 30 7 -4.99999905
v 30 7 -5.99999905
v 30 7 -6.99999905
v 30 7 -7.99999905
v 29 7 -7.99999905
v 28 7 -7.99999905
v 27 7 -7.99999905
v 26 7 -7.99999905
v 25 7 -7.99999905
v 24 7 -7.99999905
v 3 7 -7.99999905
v 1.99999905 7 -7.99999905
v 0.999999046 7 -7.99999905
v 0 7 -7.99999905
v 0 7 -6.99999905
v 0 7 -5.99999905
v 0 7 -4.99999905
v 0 7 -3.99999905
v 0 7 -2.99999905
v 0 7 -1.99999905
v 0 8 -1.00000095
v 0 8 0
v 1.00000095 8 0
v 2.00000095 8 0
v 3.00000095 8 0
v 4.00000191 8 0
v 5 8 0
v 6.00000095 8 0
v 7.00000095 8 0
v 8.00000095 8 0
v 9.00000095 8 0
v 10.000001 8 0
v 11.000001 8 0
v 12.000001 8 0
v 13.000001 8 0
v 14.000001 8 0
v 15.000001 8 0
v 16 8 0
v 17 8 0
v 18 8 0
v 19 8 0
v 20 8 0
v 21 8 0
v 22 8 0
v 23 8 0
v 24 8 0
v 25 8 0
v 26 8 0
v 27 8 0
v 28 8 0
v 29.0000019 8 0
v 30 8 0
v 30 8 -1.00000095
v 30 8 -1.99999905
v 30 8 -3
v 30 8 -4
v 30 8 -5
v 30 8 -6
v 30 8 -7
v 30 8 -8
v 29.0000019 8 -8
v 28 8 -8
v 27 8 -8
v 26 8 -8
v 25 8 -8
v 24 8 -8
v 3.00000048 8 -8
v 2.00000095 8 -8
v 1.00000095 8 -8
v 0 8 -8
v 0 8 -7
v 0 8 -6
v 0 8 -5
v 0 8 -4
v 0 8 -3
v 0 8 -1.99999905
v 0 9 -1
v 0 9 0
v 1 9 0
v 1.99999905 9 0
v 3 9 0
v 4 9 0
v 5 9 0
v 6 9 0
v 7 9 0
v 8 9 0
v 9 9 0
v 10 9 0
v 11 9 0
v 12 9 0
v 13 9 0
v 14 9 0
v 15 9 0
v 16 9 0
v 17 9 0
v 18 9 0
v 19 9 0
v 20 9 0
v 21 9 0
v 22 9 0
v 23 9 0
v 24 9 0
v 25 9 0
v 26 9 0
v 27 9 0
v 28 9 0
v 29 9 0
v 30 9 0
v 30 9 -1
v 30 9 -2
v 30 9 -3
v 30 9 -3.99999905
v 30 9 -5
v 30 9 -6
v 30 9 -7
v 30 9 -8
v 29 9 -8
v 28 9 -8
v 27 9 -8
v 26 9 -8
v 25 9 -8
v 24 9 -8
v 3 9 -8
v 1.99999905 9 -8
v 1 9 -8
v 0 9 -8
v 0 9 -7
v 0 9 -6
v 0 9 -5
v 0 9 -3.99999905
v 0 9 -3
v 0 9 -2
v 23 5 -8
v 23 10 -8
v 23 9 -8
v 23 8 -8
v 23 7 -7.99999905
v 23 6 -7.99999905
v 22 5 -8.00000095
v 22 10 -7.99999952
v 22 9 -8
v 22 8 -8
v 22 7 -7.99999905
v 22 6 -7.99999952
v 21 5 -8
v 21 10 -8
v 21 9 -8
v 21 8 -8
v 21 7 -7.99999905
v 21 6 -7.99999905
v 20 5 -8.00000095
v 20 10 -7.99999952
v 20 9 -8
v 20 8 -8
v 20 7 -7.99999905
v 20 6 -7.99999952
v 19 5 -8
v 19 10 -8
v 19 9 -8
v 19 8 -8
v 19 7 -7.99999905
v 19 6 -7.99999905
v 18 5 -8
v 18 10 -8
v 18 9 -8
v 18 8 -8
v 18 7 -7.99999905
v 18 6 -7.99999905
v 17 5 -8
v 17 10 -8
v 17 9 -8
v 17 8 -8
v 17 7 -7.99999905
v 17 6 -7.99999905
v 16 5 -8.00000095
v 16 10 -7.99999952
v 16 9 -8
v 16 8 -8
v 16 7 -7.99999905
v 16 6 -7.99999952
v 15 5 -7.99999905
v 15 10 -8.00000095
v 15 9 -8.00000095
v 15 8 -8
v 15 7 -7.99999905
v 15 6 -7.99999857
v 14 5 -8.00000095
v 14 10 -7.99999952
v 14 9 -8
v 14 8 -8
v 14 7 -7.99999905
v 14 6 -7.99999952
v 13 5 -8
v 13 10 -8
v 13 9 -8
v 13 8 -8
v 13 7 -7.99999905
v 13 6 -7.99999905
v 12 5 -8
v 12 10 -8
v 12 9 -8
v 12 8 -8
v 12 7 -7.99999905
v 12 6 -7.99999905
v 11 5 -8.00000095
v 11 10 -7.99999952
v 11 9 -8
v 11 8 -8
v 11 7 -7.99999905
v 11 6 -7.99999952
v 10 5 -8.00000095
v 10 10 -7.99999952
v 10 9 -8
v 10 8 -8
v 10 7 -7.99999905
v 10 6 -7.99999952
v 9 5 -8
v 9 10 -8
v 9 9 -8
v 9 8 -8
v 9 7 -7.99999905
v 9 6 -7.99999905
v 8 5 -8
v 8 10 -8
v 8 9 -8
v 8 8 -8
v 8 7 -7.99999905
v 8 6 -7.99999905
v 7 5 -8
v 7 10 -8
v 7 9 -8
v 7 8 -8
v 7 7 -7.99999905
v 7 6 -7.99999905
v 6 5 -8.00000095
v 6 10 -7.99999952
v 6 9 -8
v 6 8 -8
v 6 7 -7.99999905
v 6 6 -7.99999952
v 5 5 -8
v 5 10 -8
v 5 9 -8
v 5 8 -8
v 5 7 -7.99999905
v 5 6 -7.99999905
v 4 5 -8
v 4 10 -8
v 4 9 -8
v 4 8 -8
v 4 7 -7.99999905
v 4 6 -7.99999905
v 0 0 -9
v 1 0 -9
v 2 0 -9
v 3 0 -9
v 24 0 -9
v 25 0 -9
v 26 0 -9
v 27 0 -9
v 28 0 -9
v 29 0 -9
v 30 0 -9
v 0 0 -10
v 30 0 -10
v 0 0 -11
v 30 0 -11
v 0 0 -12
v 30 0 -12
v 0 0 -13
v 30 0 -13
v 0 0 -14
v 30 0 -14
v 0 0 -15
v 30 0 -15
v 0 0 -16
v 30 0 -16
v 0 0 -17
v 30 0 -17
v 0 0 -18
v 30 0 -18
v 0 0 -19
v 30 0 -19
v 0 0 -20
v 30 0 -20
v 0 0 -21
v 30 0 -21
v 0 0 -22
v 30 0 -22
v 0 0 -23
v 30 0 -23
v 0 0 -24
v 30 0 -24
v 0 0 -25
v 30 0 -25
v 0 0 -26
v 30 0 -26
v 0 0 -27
v 30 0 -27
v 0 0 -28
v 30 0 -28
v 0 0 -29
v 1 0 -29
v 2 0 -29
v 3 0 -29
v 4 0 -29
v 5 0 -29
v 6 0 -29
v 7 0 -29
v 8 0 -29
v 9 0 -29
v 10 0 -29
v 11 0 -29
v 12 0 -29
v 13 0 -29
v 14 0 -29
v 15 0 -29
v 16 0 -29
v 17 0 -29
v 18 0 -29
v 19 0 -29
v 20 0 -29
v 21 0 -29
v 22 0 -29
v 23 0 -29
v 24 0 -29
v 25 0 -29
v 26 0 -29
v 27 0 -29
v 28 0 -29
v 29 0 -29
v 30 0 -29
v 24 10 -9
v 25 10 -9
v 26 10 -9
v 27 10 -9
v 28 10 -9
v 29 10 -9
v 30 10 -9
v 30 10 -10
v 30 10 -11
v 30 10 -12
v 30 10 -13
v 30 10 -14
v 30 10 -15
v 30 10 -16
v 30 10 -17
v 30 10 -18
v 30 10 -19
v 30 10 -20
v 30 10 -21
v 30 10 -22
v 30 10 -23
v 30 10 -24
v 30 10 -25
v 30 10 -26
v 30 10 -27
v 30 10 -28
v 30 10 -29
v 29 10 -29
v 28 10 -29
v 27 10 -29
v 26 10 -29
v 25 10 -29
v 24 10 -29
v 23 10 -29
v 22 10 -29
v 21 10 -29
v 20 10 -29
v 19 10 -29
v 18 10 -29
v 17 10 -29
v 16 10 -29
v 15 10 -29
v 14 10 -29
v 13 10 -29
v 12 10 -29
v 11 10 -29
v 10 10 -29
v 9 10 -29
v 8 10 -29
v 7 10 -29
v 6 10 -29
v 5 10 -29
v 4 10 -29
v 3 10 -29
v 2 10 -29
v 1 10 -29
v 0 10 -29
v 0 10 -28
v 0 10 -27
v 0 10 -26
v 0 10 -25
v 0 10 -24
v 0 10 -23
v 0 10 -22
v 0 10 -21
v 0 10 -20
v 0 10 -19
v 0 10 -18
v 0 10 -17
v 0 10 -16
v 0 10 -15
v 0 10 -14
v 0 10 -13
v 0 10 -12
v 0 10 -11
v 0 10 -10
v 0 10 -9
v 1 10 -9
v 2 10 -9
v 3 10 -9
v 24 1 -9
v 25 1 -9
v 26 1 -9
v 27 1 -9
v 28 1 -9
v 29 1 -9
v 30 1 -9
v 30 1 -10
v 30 1 -11
v 30 1 -12
v 30 1 -13
v 30 1 -14
v 30 1 -15
v 30 1 -16
v 30 1 -17
v 30 1 -18
v 30 1 -19
v 30 1 -20
v 30 1 -21
v 30 1 -22
v 30 1 -23
v 30 1 -24
v 30 1 -25
v 30 1 -26
v 30 1 -27
v 30 1 -28
v 30 1 -29
v 29 1 -29
v 28 1 -29
v 27 1 -29
v 26 1 -29
v 25 1 -29
v 24 1 -29
v 23 1 -29
v 22 1 -29
v 21 1 -29
v 20 1 -29
v 19 1 -29
v 18 1 -29
v 17 1 -29
v 16 1 -29
v 15 1 -29
v 14 1 -29
v 13 1 -29
v 12 1 -29
v 11 1 -29
v 10 1 -29
v 9 1 -29
v 8 1 -29
v 7 1 -29
v 6 1 -29
v 5 1 -29
v 4 1 -29
v 3 1 -29
v 1.99999905 1 -29
v 1 1 -29
v 0 1 -29
v 0 1 -28
v 0 1 -27
v 0 1 -26
v 0 1 -25
v 0 1 -24
v 0 1 -23
v 0 1 -22
v 0 1 -21
v 0 1 -20
v 0 1 -19
v 0 1 -18
v 0 1 -17
v 0 1 -16
v 0 1 -15
v 0 1 -14
v 0 1 -13
v 0 1 -12
v 0 1 -11
v 0 1 -10
v 0 1 -9
v 1 1 -9
v 1.99999905 1 -9
v 3 1 -9
v 24 2 -9
v 25 2 -9
v 26 2 -9
v 27 2 -9
v 28 2 -9
v 29.0000019 2 -9
v 30 2 -9
v 30 2 -10
v 30 2 -11
v 30 2 -12
v 30 2 -13
v 30 2 -14
v 30 2 -15
v 30 2 -16
v 30 2 -17
v 30 2 -18
v 30 2 -19
v 30 2 -20
v 30 2 -21
v 30 2 -22
v 30 2 -23
v 30 2 -24
v 30 2 -25
v 30 2 -26
v 30 2 -27
v 30 2 -28
v 30 2 -29
v 29.0000019 2 -29
v 28 2 -29
v 27 2 -29
v 26 2 -29
v 25 2 -29
v 24 2 -29
v 23 2 -29
v 22 2 -29
v 21 2 -29
v 20 2 -29
v 19 2 -29
v 18 2 -29
v 17 2 -29
v 16 2 -29
v 15.000001 2 -29
v 14.000001 2 -29
v 13.000001 2 -29
v 12.000001 2 -29
v 11.000001 2 -29
v 10.000001 2 -29
v 9.00000095 2 -29
v 8.00000095 2 -29
v 7.00000095 2 -29
v 6.00000095 2 -29
v 5 2 -29
v 4.00000191 2 -29
v 3.00000095 2 -29
v 2.00000095 2 -29
v 1.00000095 2 -29
v 0 2 -29
v 0 2 -28
v 0 2 -27
v 0 2 -26
v 0 2 -25
v 0 2 -24
v 0 2 -23
v 0 2 -22
v 0 2 -21
v 0 2 -20
v 0 2 -19
v 0 2 -18
v 0 2 -17
v 0 2 -16
v 0 2 -15
v 0 2 -14
v 0 2 -13
v 0 2 -12
v 0 2 -11
v 0 2 -10
v 0 2 -9
v 1.00000095 2 -9
v 2.00000095 2 -9
v 3.00000095 2 -9
v 24 3 -8.99999905
v 25 3 -8.99999905
v 26 3 -8.99999905
v 27 3 -8.99999905
v 28 3 -8.99999905
v 29 3 -8.99999905
v 30 3 -8.99999905
v 30 3 -9.99999905
v 30 3 -10.999999
v 30 3 -11.999999
v 30 3 -12.999999
v 30 3 -13.999999
v 30 3 -14.999999
v 30 3 -15.999999
v 30 3 -17
v 30 3 -18
v 30 3 -19
v 30 3 -20
v 30 3 -21
v 30 3 -22
v 30 3 -23
v 30 3 -24
v 30 3 -25
v 30 3 -26
v 30 3 -27
v 30 3 -27.9999981
v 30 3 -29
v 29 3 -29
v 28 3 -29
v 27 3 -29
v 26 3 -29
v 25 3 -29
v 24 3 -29
v 23 3 -29
v 22 3 -29
v 21 3 -29
v 20 3 -29
v 19 3 -29
v 18 3 -29
v 17 3 -29
v 16 3 -29
v 15 3 -29
v 14 3 -29
v 13 3 -29
v 12 3 -29
v 11 3 -29
v 10 3 -29
v 9 3 -29
v 8 3 -29
v 7 3 -29
v 6 3 -29
v 5 3 -29
v 4 3 -29
v 3 3 -29
v 2.00000095 3 -29
v 0.999999046 3 -29
v 0 3 -29
v 0 3 -27.9999981
v 0 3 -27
v 0 3 -26
v 0 3 -25
v 0 3 -24
v 0 3 -23
v 0 3 -22
v 0 3 -21
v 0 3 -20
v 0 3 -19
v 0 3 -18
v 0 3 -17
v 0 3 -15.999999
v 0 3 -14.999999
v 0 3 -13.999999
v 0 3 -12.999999
v 0 3 -11.999999
v 0 3 -10.999999
v 0 3 -9.99999905
v 0 3 -8.99999905
v 0.999999046 3 -8.99999905
v 2.00000095 3 -8.99999905
v 3 3 -8.99999905
v 24 4 -8.99999905
v 25 4 -8.99999905
v 26 4 -8.99999905
v 27 4 -8.99999905
v 28 4 -8.99999905
v 29 4 -8.99999905
v 30 4 -8.99999905
v 30 4 -9.99999905
v 30 4 -10.999999
v 30 4 -11.999999
v 30 4 -12.999999
v 30 4 -13.999999
v 30 4 -14.999999
v 30 4 -15.999999
v 30 4 -17
v 30 4 -18
v 30 4 -19
v 30 4 -20
v 30 4 -21
v 30 4 -22
v 30 4 -23
v 30 4 -24
v 30 4 -25
v 30 4 -26
v 30 4 -27
v 30 4 -27.9999981
v 30 4 -29
v 29 4 -29
v 28 4 -29
v 27 4 -29
v 26 4 -29
v 25 4 -29
v 24 4 -29
v 23 4 -29
v 22 4 -29
v 21 4 -29
v 20 4 -29
v 19 4 -29
v 18 4 -29
v 17 4 -29
v 16 4 -29
v 15 4 -29
v 14 4 -29
v 13 4 -29
v 12 4 -29
v 11 4 -29
v 10 4 -29
v 9 4 -29
v 8 4 -29
v 7 4 -29
v 6 4 -29
v 5 4 -29
v 4 4 -29
v 3 4 -29
v 2 4 -29
v 0.999999046 4 -29
v 0 4 -29
v 0 4 -27.9999981
v 0 4 -27
v 0 4 -26
v 0 4 -25
v 0 4 -24
v 0 4 -23
v 0 4 -22
v 0 4 -21
v 0 4 -20
v 0 4 -19
v 0 4 -18
v 0 4 -17
v 0 4 -15.999999
v 0 4 -14.999999
v 0 4 -13.999999
v 0 4 -12.999999
v 0 4 -11.999999
v 0 4 -10.999999
v 0 4 -9.99999905
v 0 4 -8.99999905
v 0.999999046 4 -8.99999905
v 2 4 -8.99999905
v 3 4 -8.99999905
v 24 5 -9
v 25 5 -9
v 26 5 -9
v 27 5 -9
v 28 5 -9
v 29 5 -9
v 30 5 -9
v 30 5 -10
v 30 5 -11
v 30 5 -12
v 30 5 -13
v 30 5 -14
v 30 5 -15
v 30 5 -16
v 30 5 -17
v 30 5 -18
v 30 5 -19
v 30 5 -20
v 30 5 -21
v 30 5 -22
v 30 5 -23
v 30 5 -24
v 30 5 -25
v 30 5 -26
v 30 5 -27
v 30 5 -28
v 30 5 -29
v 29 5 -29
v 28 5 -29
v 27 5 -29
v 26 5 -29
v 25 5 -29
v 24 5 -29
v 23 5 -29
v 22 5 -29
v 21 5 -29
v 20 5 -29
v 19 5 -29
v 18 5 -29
v 17 5 -29
v 16 5 -29
v 15 5 -29
v 14 5 -29
v 13 5 -29
v 12 5 -29
v 11 5 -29
v 10 5 -29
v 9 5 -29
v 8 5 -29
v 7 5 -29
v 6 5 -29
v 5 5 -29
v 4 5 -29
v 3 5 -29
v 2 5 -29
v 1 5 -29
v 0 5 -29
v 0 5 -28
v 0 5 -27
v 0 5 -26
v 0 5 -25
v 0 5 -24
v 0 5 -23
v 0 5 -22
v 0 5 -21
v 0 5 -20
v 0 5 -19
v 0 5 -18
v 0 5 -17
v 0 5 -16
v 0 5 -15
v 0 5 -14
v 0 5 -13
v 0 5 -12
v 0 5 -11
v 0 5 -10
v 0 5 -9
v 1 5 -9
v 2 5 -9
v 3 5 -9
v 24 6 -8.99999905
v 25 6 -8.99999905
v 26 6 -8.99999905
v 27 6 -8.99999905
v 28 6 -8.99999905
v 29 6 -8.99999905
v 30 6 -8.99999905
v 30 6 -9.99999905
v 30 6 -10.999999
v 30 6 -11.999999
v 30 6 -12.999999
v 30 6 -13.999999
v 30 6 -14.999999
v 30 6 -15.999999
v 30 6 -17
v 30 6 -18
v 30 6 -19
v 30 6 -20
v 30 6 -21
v 30 6 -22
v 30 6 -23
v 30 6 -24
v 30 6 -25
v 30 6 -26
v 30 6 -27
v 30 6 -27.9999981
v 30 6 -29
v 29 6 -29
v 28 6 -29
v 27 6 -29
v 26 6 -29
v 25 6 -29
v 24 6 -29
v 23 6 -29
v 22 6 -29
v 21 6 -29
v 20 6 -29
v 19 6 -29
v 18 6 -29
v 17 6 -29
v 16 6 -29
v 15 6 -29
v 14 6 -29
v 13 6 -29
v 12 6 -29
v 11 6 -29
v 10 6 -29
v 9 6 -29
v 8 6 -29
v 7 6 -29
v 6 6 -29
v 5 6 -29
v 4 6 -29
v 3 6 -29
v 2 6 -29
v 0.999999046 6 -29
v 0 6 -29
v 0 6 -27.9999981
v 0 6 -27
v 0 6 -26
v 0 6 -25
v 0 6 -24
v 0 6 -23
v 0 6 -22
v 0 6 -21
v 0 6 -20
v 0 6 -19
v 0 6 -18
v 0 6 -17
v 0 6 -15.999999
v 0 6 -14.999999
v 0 6 -13.999999
v 0 6 -12.999999
v 0 6 -11.999999
v 0 6 -10.999999
v 0 6 -9.99999905
v 0 6 -8.99999905
v 0.999999046 6 -8.99999905
v 2 6 -8.99999905
v 3 6 -8.99999905
v 24 7 -8.99999905
v 25 7 -8.99999905
v 26 7 -8.99999905
v 27 7 -8.99999905
v 28 7 -8.99999905
v 29 7 -8.99999905
v 30 7 -8.99999905
v 30 7 -9.99999905
v 30 7 -10.999999
v 30 7 -11.999999
v 30 7 -12.999999
v 30 7 -13.999999
v 30 7 -14.999999
v 30 7 -15.999999
v 30 7 -17
v 30 7 -18
v 30 7 -19
v 30 7 -20
v 30 7 -21
v 30 7 -22
v 30 7 -23
v 30 7 -24
v 30 7 -25
v 30 7 -26
v 30 7 -27
v 30 7 -27.9999981
v 30 7 -29
v 29 7 -29
v 28 7 -29
v 27 7 -29
v 26 7 -29
v 25 7 -29
v 24 7 -29
v 23 7 -29
v 22 7 -29
v 21 7 -29
v 20 7 -29
v 19 7 -29
v 18 7 -29
v 17 7 -29
v 16 7 -29
v 15 7 -29
v 14 7 -29
v 13 7 -29
v 12 7 -29
v 11 7 -29
v 10 7 -29
v 9 7 -29
v 8 7 -29
v 7 7 -29
v 6 7 -29
v 5 7 -29
v 4 7 -29
v 3 7 -29
v 1.99999905 7 -29
v 0.999999046 7 -29
v 0 7 -29
v 0 7 -27.9999981
v 0 7 -27
v 0 7 -26
v 0 7 -25
v 0 7 -24
v 0 7 -23
v 0 7 -22
v 0 7 -21
v 0 7 -20
v 0 7 -19
v 0 7 -18
v 0 7 -17
v 0 7 -15.999999
v 0 7 -14.999999
v 0 7 -13.999999
v 0 7 -12.999999
v 0 7 -11.999999
v 0 7 -10.999999
v 0 7 -9.99999905
v 0 7 -8.99999905
v 0.999999046 7 -8.99999905
v 1.99999905 7 -8.99999905
v 3 7 -8.99999905
v 24 8 -9
v 25 8 -9
v 26 8 -9
v 27 8 -9
v 28 8 -9
v 29.0000019 8 -9
v 30 8 -9
v 30 8 -10
v 30 8 -11
v 30 8 -12
v 30 8 -13
v 30 8 -14
v 30 8 -15
v 30 8 -16
v 30 8 -17
v 30 8 -18
v 30 8 -19
v 30 8 -20
v 30 8 -21
v 30 8 -22
v 30 8 -23
v 30 8 -24
v 30 8 -25
v 30 8 -26
v 30 8 -27
v 30 8 -28
v 30 8 -29
v 29.0000019 8 -29
v 28 8 -29
v 27 8 -29
v 26 8 -29
v 25 8 -29
v 24 8 -29
v 23 8 -29
v 22 8 -29
v 21 8 -29
v 20 8 -29
v 19 8 -29
v 18 8 -29
v 17 8 -29
v 16 8 -29
v 15.000001 8 -29
v 14.000001 8 -29
v 13.000001 8 -29
v 12.000001 8 -29
v 11.000001 8 -29
v 10.000001 8 -29
v 9.00000095 8 -29
v 8.00000095 8 -29
v 7.00000095 8 -29
v 6.00000095 8 -29
v 5 8 -29
v 4.00000191 8 -29
v 3.00000095 8 -29
v 2.00000095 8 -29
v 1.00000095 8 -29
v 0 8 -29
v 0 8 -28
v 0 8 -27
v 0 8 -26
v 0 8 -25
v 0 8 -24
v 0 8 -23
v 0 8 -22
v 0 8 -21
v 0 8 -20
v 0 8 -19
v 0 8 -18
v 0 8 -17
v 0 8 -16
v 0 8 -15
v 0 8 -14
v 0 8 -13
v 0 8 -12
v 0 8 -11
v 0 8 -10
v 0 8 -9
v 1.00000095 8 -9
v 2.00000095 8 -9
v 3.00000048 8 -9
v 24 9 -9
v 25 9 -9
v 26 9 -9
v 27 9 -9
v 28 9 -9
v 29 9 -9
v 30 9 -9
v 30 9 -10
v 30 9 -11
v 30 9 -12
v 30 9 -13
v 30 9 -14
v 30 9 -15
v 30 9 -16
v 30 9 -17
v 30 9 -18
v 30 9 -19
v 30 9 -20
v 30 9 -21
v 30 9 -22
v 30 9 -23
v 30 9 -24
v 30 9 -25
v 30 9 -26
v 30 9 -27
v 30 9 -28
v 30 9 -29
v 29 9 -29
v 28 9 -29
v 27 9 -29
v 26 9 -29
v 25 9 -29
v 24 9 -29
v 23 9 -29
v 22 9 -29
v 21 9 -29
v 20 9 -29
v 19 9 -29
v 18 9 -29
v 17 9 -29
v 16 9 -29
v 15 9 -29
v 14 9 -29
v 13 9 -29
v 12 9 -29
v 11 9 -29
v 10 9 -29
v 9 9 -29
v 8 9 -29
v 7 9 -29
v 6 9 -29
v 5 9 -29
v 4 9 -29
v 3 9 -29
v 1.99999905 9 -29
v 1 9 -29
v 0 9 -29
v 0 9 -28
v 0 9 -27
v 0 9 -26
v 0 9 -25
v 0 9 -24
v 0 9 -23
v 0 9 -22
v 0 9 -21
v 0 9 -20
v 0 9 -19
v 0 9 -18
v 0 9 -17
v 0 9 -16
v 0 9 -15
v 0 9 -14
v 0 9 -13
v 0 9 -12
v 0 9 -11
v 0 9 -10
v 0 9 -9
v 1 9 -9
v 1.99999905 9 -9
v 3 9 -9
v 23 5 -9
v 23 6 -8.99999905
v 23 7 -8.99999905
v 23 8 -9
v 23 9 -9
v 23 10 -9
v 22 5.00000048 -9
v 22 6 -8.99999905
v 22 7 -8.99999905
v 22 8 -9
v 22 9 -9
v 22 10 -8.99999905
v 21 5 -9
v 21 6 -8.99999905
v 21 7 -8.99999905
v 21 8 -9
v 21 9 -9
v 21 10 -9
v 20 5.00000048 -9
v 20 6 -8.99999905
v 20 7 -8.99999905
v 20 8 -9
v 20 9 -9
v 20 10 -8.99999905
v 19 5 -9
v 19 6 -8.99999905
v 19 7 -8.99999905
v 19 8 -9
v 19 9 -9
v 19 10 -9
v 18 5 -9
v 18 6 -8.99999905
v 18 7 -8.99999905
v 18 8 -9
v 18 9 -9
v 18 10 -9
v 17 5 -9
v 17 6 -8.99999905
v 17 7 -8.99999905
v 17 8 -9
v 17 9 -9
v 17 10 -9
v 16 5.00000048 -9
v 16 6 -8.99999905
v 16 7 -8.99999905
v 16 8 -9
v 16 9 -9
v 16 10 -8.99999905
v 15 4.99999952 -8.99999905
v 15 5.99999952 -8.99999809
v 15 7 -8.99999905
v 15 8 -9
v 15 9 -9.00000095
v 15 10 -9.00000095
v 14 5.00000048 -9
v 14 6 -8.99999905
v 14 7 -8.99999905
v 14 8 -9
v 14 9 -9
v 14 10 -8.99999905
v 13 5 -9
v 13 6 -8.99999905
v 13 7 -8.99999905
v 13 8 -9
v 13 9 -9
v 13 10 -9
v 12 5 -9
v 12 6 -8.99999905
v 12 7 -8.99999905
v 12 8 -9
v 12 9 -9
v 12 10 -9
v 11 5.00000048 -9
v 11 6 -8.99999905
v 11 7 -8.99999905
v 11 8 -9
v 11 9 -9
v 11 10 -8.99999905
v 10 5.00000048 -9
v 10 6 -8.99999905
v 10 7 -8.99999905
v 10 8 -9
v 10 9 -9
v 10 10 -8.99999905
v 9 5 -9
v 9 6 -8.99999905
v 9 7 -8.99999905
v 9 8 -9
v 9 9 -9
v 9 10 -9
v 8 5 -9
v 8 6 -8.99999905
v 8 7 -8.99999905
v 8 8 -9
v 8 9 -9
v 8 10 -9
v 7 5 -9
v 7 6 -8.99999905
v 7 7 -8.99999905
v 7 8 -9
v 7 9 -9
v 7 10 -9
v 6 5.00000048 -9
v 6 6 -8.99999905
v 6 7 -8.99999905
v 6 8 -9
v 6 9 -9
v 6 10 -8.99999905
v 5 5 -9
v 5 6 -8.99999905
v 5 7 -8.99999905
v 5 8 -9
v 5 9 -9
v 5 10 -9
v 4 5 -9
v 4 6 -8.99999905
v 4 7 -8.99999905
v 4 8 -9
v 4 9 -9
v 4 10 -9
v -10 0 -3
v -9 0 -3
v -10 0 -2
v -9 0 -2
v -8 0 -3
v -8 0 -2
v -7 0 -3
v -7 0 -2
v -6 0 -3
v -6 0 -2
v -5 0 -3
v -5 0 -2
v -4 0 -3
v -4 0 -2
v -3 0 -3
v -3 0 -2
v -2 0 -3
v -2 0 -2
v -1 0 -3
v -1 0 -2
v 0 0 -3
v 0 9.34603975e-07 -2.59999895
v -10 0 -4
v -9 0 -4
v -8 0 -4
v -7 0 -4
v -6 0 -4
v -5 0 -4
v -4 0 -4
v -3 0 -4
v -2 0 -4
v -1 0 -4
v 0 0 -4
v -10 0 -5
v -9 0 -5
v -8 0 -5
v -7 0 -5
v -6 0 -5
v -5 0 -5
v -4 0 -5
v -3 0 -5
v -2 0 -5
v -1 0 -5
v 0 0 -5
v -10 0 -6
v -9 0 -6
v -8 0 -6
v -7 0 -6
v -6 0 -6
v -5 0 -6
v -4 0 -6
v -3 0 -6
v -2 0 -6
v -1 0 -6
v 0 -9.34603804e-07 -5.39999866
v 0 0 -1
v 1 0 -1
v 0 0 0
v 1 0 0
v 2 0 -1
v 2 0 0
v 3 0 -1
v 3 0 0
v 4 0 -1
v 4 0 0
v 5 0 -1
v 5 0 0
v 6 0 -1
v 6 0 0
v 7 0 -1
v 7 0 0
v 8 0 -1
v 8 0 0
v 9 0 -1
v 9 0 0
v 10 0 -1
v 10 0 0
v 11 0 -1
v 11 0 0
v 12 0 -1
v 12 0 0
v 13 0 -1
v 13 0 0
v 14 0 -1
v 14 0 0
v 15 0 -1
v 15 0 0
v 16 0 -1
v 16 0 0
v 17 0 -1
v 17 0 0
v 18 0 -1
v 18 0 0
v 19 0 -1
v 19 0 0
v 20 0 -1
v 20 0 0
v 21 0 -1
v 21 0 0
v 22 0 -1
v 22 0 0
v 23 0 -1
v 23 0 0
v 24 0 -1
v 24 0 0
v 25 0 -1
v 25 0 0
v 26 0 -1
v 26 0 0
v 27 0 -1
v 27 0 0
v 28 0 -1
v 28 0 0
v 29 0 -1
v 29 0 0
v 30 0 -1
v 30 0 0
v 1 0 -2
v 2 0 -2
v 3 0 -2
v 4 0 -2
v 5 0 -2
v 6 0 -2
v 7 0 -2
v 8 0 -2
v 9 0 -2
v 10 0 -2
v 11 0 -2
v 12 0 -2
v 13 0 -2
v 14 0 -2
v 15 0 -2
v 16 0 -2
v 17 0 -2
v 18 0 -2
v 19 0 -2
v 20 0 -2
v 21 0 -2
v 22 0 -2
v 23 0 -2
v 24 0 -2
v 25 0 -2
v 26 0 -2
v 27 0 -2
v 28 0 -2
v 29 0 -2
v 30 0 -2
v 1 0 -3
v 2 0 -3
v 3 0 -3
v 4 0 -3
v 5 0 -3
v 6 0 -3
v 7 0 -3
v 8 0 -3
v 9 0 -3
v 10 0 -3
v 11 0 -3
v 12 0 -3
v 13 0 -3
v 14 0 -3
v 15 0 -3
v 16 0 -3
v 17 0 -3
v 18 0 -3
v 19 0 -3
v 20 0 -3
v 21 0 -3
v 22 0 -3
v 23 0 -3
v 24 0 -3
v 25 0 -3
v 26 0 -3
v 27 0 -3
v 28 0 -3
v 29 0 -3
v 30 0 -3
v 1 0 -4
v 2 0 -4
v 3 0 -4
v 4 0 -4
v 5 0 -4
v 6 0 -4
v 7 0 -4
v 8 0 -4
v 9 0 -4
v 10 0 -4
v 11 0 -4
v 12 0 -4
v 13 0 -4
v 14 0 -4
v 15 0 -4
v 16 0 -4
v 17 0 -4
v 18 0 -4
v 19 0 -4
v 20 0 -4
v 21 0 -4
v 22 0 -4
v 23 0 -4
v 24 0 -4
v 25 0 -4
v 26 0 -4
v 27 0 -4
v 28 0 -4
v 29 0 -4
v 30 0 -4
v 1 0 -5
v 2 0 -5
v 3 0 -5
v 4 0 -5
v 5 0 -5
v 6 0 -5
v 7 0 -5
v 8 0 -5
v 9 0 -5
v 10 0 -5
v 11 0 -5
v 12 0 -5
v 13 0 -5
v 14 0 -5
v 15 0 -5
v 16 0 -5
v 17 0 -5
v 18 0 -5
v 19 0 -5
v 20 0 -5
v 21 0 -5
v 22 0 -5
v 23 0 -5
v 24 0 -5
v 25 0 -5
v 26 0 -5
v 27 0 -5
v 28 0 -5
v 29 0 -5
v 30 0 -5
v 1 0 -6
v 2 0 -6
v 3 0 -6
v 4 0 -6
v 5 0 -6
v 6 0 -6
v 7 0 -6
v 8 0 -6
v 9 0 -6
v 10 0 -6
v 11 0 -6
v 12 0 -6
v 13 0 -6
v 14 0 -6
v 15 0 -6
v 16 0 -6
v 17 0 -6
v 18 0 -6
v 19 0 -6
v 20 0 -6
v 21 0 -6
v 22 0 -6
v 23 0 -6
v 24 0 -6
v 25 0 -6
v 26 0 -6
v 27 0 -6
v 28 0 -6
v 29 0 -6
v 30 0 -6
v 0 0 -7
v 1 0 -7
v 2 0 -7
v 3 0 -7
v 4 0 -7
v 5 0 -7
v 6 0 -7
v 7 0 -7
v 8 0 -7
v 9 0 -7
v 10 0 -7
v 11 0 -7
v 12 0 -7
v 13 0 -7
v 14 0 -7
v 15 0 -7
v 16 0 -7
v 17 0 -7
v 18 0 -7
v 19 0 -7
v 20 0 -7
v 21 0 -7
v 22 0 -7
v 23 0 -7
v 24 0 -7
v 25 0 -7
v 26 0 -7
v 27 0 -7
v 28 0 -7
v 29 0 -7
v 30 0 -7
v 0 0 -8
v 1 0 -8
v 2 0 -8
v 3 0 -8
v 4 0 -8
v 5 0 -8
v 6 0 -8
v 7 0 -8
v 8 0 -8
v 9 0 -8
v 10 0 -8
v 11 0 -8
v 12 0 -8
v 13 0 -8
v 14 0 -8
v 15 0 -8
v 16 0 -8
v 17 0 -8
v 18 0 -8
v 19 0 -8
v 20 0 -8
v 21 0 -8
v 22 0 -8
v 23 0 -8
v 24 0 -8
v 25 0 -8
v 26 0 -8
v 27 0 -8
v 28 0 -8
v 29 0 -8
v 30 0 -8
v 0 0 -9
v 1 0 -9
v 2 0 -9
v 3 0 -9
v 4 0 -9
v 5 0 -9
v 6 0 -9
v 7 0 -9
v 8 0 -9
v 9 0 -9
v 10 0 -9
v 11 0 -9
v 12 0 -9
v 13 0 -9
v 14 0 -9
v 15 0 -9
v 16 0 -9
v 17 0 -9
v 18 0 -9
v 19 0 -9
v 20 0 -9
v 21 0 -9
v 22 0 -9
v 23 0 -9
v 24 0 -9
v 25 0 -9
v 26 0 -9
v 27 0 -9
v 28 0 -9
v 29 0 -9
v 30 0 -9
v 0 0 -10
v 1 0 -10
v 2 0 -10
v 3 0 -10
v 4 0 -10
v 5 0 -10
v 6 0 -10
v 7 0 -10
v 8 0 -10
v 9 0 -10
v 10 0 -10
v 11 0 -10
v 12 0 -10
v 13 0 -10
v 14 0 -10
v 15 0 -10
v 16 0 -10
v 17 0 -10
v 18 0 -10
v 19 0 -10
v 20 0 -10
v 21 0 -10
v 22 0 -10
v 23 0 -10
v 24 0 -10
v 25 0 -10
v 26 0 -10
v 27 0 -10
v 28 0 -10
v 29 0 -10
v 30 0 -10
v 0 0 -11
v 1 0 -11
v 2 0 -11
v 3 0 -11
v 4 0 -11
v 5 0 -11
v 6 0 -11
v 7 0 -11
v 8 0 -11
v 9 0 -11
v 10 0 -11
v 11 0 -11
v 12 0 -11
v 13 0 -11
v 14 0 -11
v 15 0 -11
v 16 0 -11
v 17 0 -11
v 18 0 -11
v 19 0 -11
v 20 0 -11
v 21 0 -11
v 22 0 -11
v 23 0 -11
v 24 0 -11
v 25 0 -11
v 26 0 -11
v 27 0 -11
v 28 0 -11
v 29 0 -11
v 30 0 -11
v 0 0 -12
v 1 0 -12
v 2 0 -12
v 3 0 -12
v 4 0 -12
v 5 0 -12
v 6 0 -12
v 7 0 -12
v 8 0 -12
v 9 0 -12
v 10 0 -12
v 11 0 -12
v 12 0 -12
v 13 0 -12
v 14 0 -12
v 15 0 -12
v 16 0 -12
v 17 0 -12
v 18 0 -12
v 19 0 -12
v 20 0 -12
v 21 0 -12
v 22 0 -12
v 23 0 -12
v 24 0 -12
v 25 0 -12
v 26 0 -12
v 27 0 -12
v 28 0 -12
v 29 0 -12
v 30 0 -12
v 0 0 -13
v 1 0 -13
v 2 0 -13
v 3 0 -13
v 4 0 -13
v 5 0 -13
v 6 0 -13
v 7 0 -13
v 8 0 -13
v 9 0 -13
v 10 0 -13
v 11 0 -13
v 12 0 -13
v 13 0 -13
v 14 0 -13
v 15 0 -13
v 16 0 -13
v 17 0 -13
v 18 0 -13
v 19 0 -13
v 20 0 -13
v 21 0 -13
v 22 0 -13
v 23 0 -13
v 24 0 -13
v 25 0 -13
v 26 0 -13
v 27 0 -13
v 28 0 -13
v 29 0 -13
v 30 0 -13
v 0 0 -14
v 1 0 -14
v 2 0 -14
v 3 0 -14
v 4 0 -14
v 5 0 -14
v 6 0 -14
v 7 0 -14
v 8 0 -14
v 9 0 -14
v 10 0 -14
v 11 0 -14
v 12 0 -14
v 13 0 -14
v 14 0 -14
v 15 0 -14
v 16 0 -14
v 17 0 -14
v 18 0 -14
v 19 0 -14
v 20 0 -14
v 21 0 -14
v 22 0 -14
v 23 0 -14
v 24 0 -14
v 25 0 -14
v 26 0 -14
v 27 0 -14
v 28 0 -14
v 29 0 -14
v 30 0 -14
v 0 0 -15
v 1 0 -15
v 2 0 -15
v 3 0 -15
v 4 0 -15
v 5 0 -15
v 6 0 -15
v 7 0 -15
v 8 0 -15
v 9 0 -15
v 10 0 -15
v 11 0 -15
v 12 0 -15
v 13 0 -15
v 14 0 -15
v 15 0 -15
v 16 0 -15
v 17 0 -15
v 18 0 -15
v 19 0 -15
v 20 0 -15
v 21 0 -15
v 22 0 -15
v 23 0 -15
v 24 0 -15
v 25 0 -15
v 26 0 -15
v 27 0 -15
v 28 0 -15
v 29 0 -15
v 30 0 -15
v 0 0 -16
v 1 0 -16
v 2 0 -16
v 3 0 -16
v 4 0 -16
v 5 0 -16
v 6 0 -16
v 7 0 -16
v 8 0 -16
v 9 0 -16
v 10 0 -16
v 11 0 -16
v 12 0 -16
v 13 0 -16
v 14 0 -16
v 15 0 -16
v 16 0 -16
v 17 0 -16
v 18 0 -16
v 19 0 -16
v 20 0 -16
v 21 0 -16
v 22 0 -16
v 23 0 -16
v 24 0 -16
v 25 0 -16
v 26 0 -16
v 27 0 -16
v 28 0 -16
v 29 0 -16
v 30 0 -16
v 0 0 -17
v 1 0 -17
v 2 0 -17
v 3 0 -17
v 4 0 -17
v 5 0 -17
v 6 0 -17
v 7 0 -17
v 8 0 -17
v 9 0 -17
v 10 0 -17
v 11 0 -17
v 12 0 -17
v 13 0 -17
v 14 0 -17
v 15 0 -17
v 16 0 -17
v 17 0 -17
v 18 0 -17
v 19 0 -17
v 20 0 -17
v 21 0 -17
v 22 0 -17
v 23 0 -17
v 24 0 -17
v 25 0 -17
v 26 0 -17
v 27 0 -17
v 28 0 -17
v 29 0 -17
v 30 0 -17
v 0 0 -18
v 1 0 -18
v 2 0 -18
v 3 0 -18
v 4 0 -18
v 5 0 -18
v 6 0 -18
v 7 0 -18
v 8 0 -18
v 9 0 -18
v 10 0 -18
v 11 0 -18
v 12 0 -18
v 13 0 -18
v 14 0 -18
v 15 0 -18
v 16 0 -18
v 17 0 -18
v 18 0 -18
v 19 0 -18
v 20 0 -18
v 21 0 -18
v 22 0 -18
v 23 0 -18
v 24 0 -18
v 25 0 -18
v 26 0 -18
v 27 0 -18
v 28 0 -18
v 29 0 -18
v 30 0 -18
v 0 0 -19
v 1 0 -19
v 2 0 -19
v 3 0 -19
v 4 0 -19
v 5 0 -19
v 6 0 -19
v 7 0 -19
v 8 0 -19
v 9 0 -19
v 10 0 -19
v 11 0 -19
v 12 0 -19
v 13 0 -19
v 14 0 -19
v 15 0 -19
v 16 0 -19
v 17 0 -19
v 18 0 -19
v 19 0 -19
v 20 0 -19
v 21 0 -19
v 22 0 -19
v 23 0 -19
v 24 0 -19
v 25 0 -19
v 26 0 -19
v 27 0 -19
v 28 0 -19
v 29 0 -19
v 30 0 -19
v 0 0 -20
v 1 0 -20
v 2 0 -20
v 3 0 -20
v 4 0 -20
v 5 0 -20
v 6 0 -20
v 7 0 -20
v 8 0 -20
v 9 0 -20
v 10 0 -20
v 11 0 -20
v 12 0 -20
v 13 0 -20
v 14 0 -20
v 15 0 -20
v 16 0 -20
v 17 0 -20
v 18 0 -20
v 19 0 -20
v 20 0 -20
v 21 0 -20
v 22 0 -20
v 23 0 -20
v 24 0 -20
v 25 0 -20
v 26 0 -20
v 27 0 -20
v 28 0 -20
v 29 0 -20
v 30 0 -20
v 0 0 -21
v 1 0 -21
v 2 0 -21
v 3 0 -21
v 4 0 -21
v 5 0 -21
v 6 0 -21
v 7 0 -21
v 8 0 -21
v 9 0 -21
v 10 0 -21
v 11 0 -21
v 12 0 -21
v 13 0 -21
v 14 0 -21
v 15 0 -21
v 16 0 -21
v 17 0 -21
v 18 0 -21
v 19 0 -21
v 20 0 -21
v 21 0 -21
v 22 0 -21
v 23 0 -21
v 24 0 -21
v 25 0 -21
v 26 0 -21
v 27 0 -21
v 28 0 -21
v 29 0 -21
v 30 0 -21
v 0 0 -22
v 1 0 -22
v 2 0 -22
v 3 0 -22
v 4 0 -22
v 5 0 -22
v 6 0 -22
v 7 0 -22
v 8 0 -22
v 9 0 -22
v 10 0 -22
v 11 0 -22
v 12 0 -22
v 13 0 -22
v 14 0 -22
v 15 0 -22
v 16 0 -22
v 17 0 -22
v 18 0 -22
v 19 0 -22
v 20 0 -22
v 21 0 -22
v 22 0 -22
v 23 0 -22
v 24 0 -22
v 25 0 -22
v 26 0 -22
v 27 0 -22
v 28 0 -22
v 29 0 -22
v 30 0 -22
v 0 0 -23
v 1 0 -23
v 2 0 -23
v 3 0 -23
v 4 0 -23
v 5 0 -23
v 6 0 -23
v 7 0 -23
v 8 0 -23
v 9 0 -23
v 10 0 -23
v 11 0 -23
v 12 0 -23
v 13 0 -23
v 14 0 -23
v 15 0 -23
v 16 0 -23
v 17 0 -23
v 18 0 -23
v 19 0 -23
v 20 0 -23
v 21 0 -23
v 22 0 -23
v 23 0 -23
v 24 0 -23
v 25 0 -23
v 26 0 -23
v 27 0 -23
v 28 0 -23
v 29 0 -23
v 30 0 -23
v 0 0 -24
v 1 0 -24
v 2 0 -24
v 3 0 -24
v 4 0 -24
v 5 0 -24
v 6 0 -24
v 7 0 -24
v 8 0 -24
v 9 0 -24
v 10 0 -24
v 11 0 -24
v 12 0 -24
v 13 0 -24
v 14 0 -24
v 15 0 -24
v 16 0 -24
v 17 0 -24
v 18 0 -24
v 19 0 -24
v 20 0 -24
v 21 0 -24
v 22 0 -24
v 23 0 -24
v 24 0 -24
v 25 0 -24
v 26 0 -24
v 27 0 -24
v 28 0 -24
v 29 0 -24
v 30 0 -24
v 0 0 -25
v 1 0 -25
v 2 0 -25
v 3 0 -25
v 4 0 -25
v 5 0 -25
v 6 0 -25
v 7 0 -25
v 8 0 -25
v 9 0 -25
v 10 0 -25
v 11 0 -25
v 12 0 -25
v 13 0 -25
v 14 0 -25
v 15 0 -25
v 16 0 -25
v 17 0 -25
v 18 0 -25
v 19 0 -25
v 20 0 -25
v 21 0 -25
v 22 0 -25
v 23 0 -25
v 24 0 -25
v 25 0 -25
v 26 0 -25
v 27 0 -25
v 28 0 -25
v 29 0 -25
v 30 0 -25
v 0 0 -26
v 1 0 -26
v 2 0 -26
v 3 0 -26
v 4 0 -26
v 5 0 -26
v 6 0 -26
v 7 0 -26
v 8 0 -26
v 9 0 -26
v 10 0 -26
v 11 0 -26
v 12 0 -26
v 13 0 -26
v 14 0 -26
v 15 0 -26
v 16 0 -26
v 17 0 -26
v 18 0 -26
v 19 0 -26
v 20 0 -26
v 21 0 -26
v 22 0 -26
v 23 0 -26
v 24 0 -26
v 25 0 -26
v 26 0 -26
v 27 0 -26
v 28 0 -26
v 29 0 -26
v 30 0 -26
v 0 0 -27
v 1 0 -27
v 2 0 -27
v 3 0 -27
v 4 0 -27
v 5 0 -27
v 6 0 -27
v 7 0 -27
v 8 0 -27
v 9 0 -27
v 10 0 -27
v 11 0 -27
v 12 0 -27
v 13 0 -27
v 14 0 -27
v 15 0 -27
v 16 0 -27
v 17 0 -27
v 18 0 -27
v 19 0 -27
v 20 0 -27
v 21 0 -27
v 22 0 -27
v 23 0 -27
v 24 0 -27
v 25 0 -27
v 26 0 -27
v 27 0 -27
v 28 0 -27
v 29 0 -27
v 30 0 -27
v 0 0 -28
v 1 0 -28
v 2 0 -28
v 3 0 -28
v 4 0 -28
v 5 0 -28
v 6 0 -28
v 7 0 -28
v 8 0 -28
v 9 0 -28
v 10 0 -28
v 11 0 -28
v 12 0 -28
v 13 0 -28
v 14 0 -28
v 15 0 -28
v 16 0 -28
v 17 0 -28
v 18 0 -28
v 19 0 -28
v 20 0 -28
v 21 0 -28
v 22 0 -28
v 23 0 -28
v 24 0 -28
v 25 0 -28
v 26 0 -28
v 27 0 -28
v 28 0 -28
v 29 0 -28
v 30 0 -28
v 0 0 -29
v 1 0 -29
v 2 0 -29
v 3 0 -29
v 4 0 -29
v 5 0 -29
v 6 0 -29
v 7 0 -29
v 8 0 -29
v 9 0 -29
v 10 0 -29
v 11 0 -29
v 12 0 -29
v 13 0 -29
v 14 0 -29
v 15 0 -29
v 16 0 -29
v 17 0 -29
v 18 0 -29
v 19 0 -29
v 20 0 -29
v 21 0 -29
v 22 0 -29
v 23 0 -29
v 24 0 -29
v 25 0 -29
v 26 0 -29
v 27 0 -29
v 28 0 -29
v 29 0 -29
v 30 0 -29
v -0.5 -9.34603804e-07 -5.39999866
v -0.5 0 -5
v -0.5 0 -4
v -0.5 0 -3
v -0.5 9.34603975e-07 -2.59999895
v -0.499999702 0 -2
v -0.499999702 0 -6
v 0 0 -3
v 0 9.34603975e-07 -2.59999895
v 0 0 -4
v 0 0 -5
v 0 -9.34603804e-07 -5.39999866
v 0 3.00000095 -2.60000038
v 0 2.99999905 -5.40000057
v 0 0.999999046 -5.39999914
v 0 1.00000095 -2.59999943
v -5.11650704e-08 1.99999905 -5.4000001
v -4.25672084e-07 2.00000095 -2.59999943
v 0 3 -2.99999952
v 0 3 -3.99999952
v 0 3 -4.99999952
v -0.5 -9.34603804e-07 -5.39999866
v -0.5 0 -5
v -0.5 0 -4
v -0.5 0 -3
v -0.5 9.34603975e-07 -2.59999895
v -0.5 1.00000095 -2.59999943
v -0.500000536 2.00000095 -2.59999967
v -0.5 3.00000095 -2.60000062
v -0.5 3 -2.99999976
v -0.5 3 -3.99999976
v -0.5 3 -5
v -0.5 2.99999905 -5.40000057
v -0.49999997 1.99999905 -5.39999962
v -0.5 0.999999046 -5.39999914
v 3 0 -8
v 4 0 -8
v 5 0 -8
v 6 0 -8
v 7 0 -8
v 8 0 -8
v 9 0 -8
v 10 0 -8
v 11 0 -8
v 12 0 -8
v 13 0 -8
v 14 0 -8
v 15 0 -8
v 16 0 -8
v 17 0 -8
v 18 0 -8
v 19 0 -8
v 20 0 -8
v 21 0 -8
v 22 0 -8
v 23 0 -8
v 24 0 -8
v 3 0 -9
v 4 0 -9
v 5 0 -9
v 6 0 -9
v 7 0 -9
v 8 0 -9
v 9 0 -9
v 10 0 -9
v 11 0 -9
v 12 0 -9
v 13 0 -9
v 14 0 -9
v 15 0 -9
v 16 0 -9
v 17 0 -9
v 18 0 -9
v 19 0 -9
v 20 0 -9
v 21 0 -9
v 22 0 -9
v 23 0 -9
v 24 0 -9
v 24 1 -8
v 24 1 -9
v 3 1 -9
v 3 1 -8
v 24 2 -8
v 24 2 -9
v 3.00000095 2 -9
v 3.00000095 2 -8
v 24 3 -7.99999905
v 24 3 -8.99999905
v 3 3 -8.99999905
v 3 3 -7.99999905
v 24 4 -7.99999905
v 24 4 -8.99999905
v 3 4 -8.99999905
v 3 4 -7.99999905
v 24 5 -8
v 24 5 -9
v 3 5 -9
v 3 5 -8
v 23 5 -8
v 23 5 -9
v 22 5 -8.00000095
v 22 5.00000048 -9
v 21 5 -8
v 21 5 -9
v 20 5 -8.00000095
v 20 5.00000048 -9
v 19 5 -8
v 19 5 -9
v 18 5 -8
v 18 5 -9
v 17 5 -8
v 17 5 -9
v 16 5 -8.00000095
v 16 5.00000048 -9
v 15 5 -7.99999905
v 15 4.99999952 -8.99999905
v 14 5 -8.00000095
v 14 5.00000048 -9
v 13 5 -8
v 13 5 -9
v 12 5 -8
v 12 5 -9
v 11 5 -8.00000095
v 11 5.00000048 -9
v 10 5 -8.00000095
v 10 5.00000048 -9
v 9 5 -8
v 9 5 -9
v 8 5 -8
v 8 5 -9
v 7 5 -8
v 7 5 -9
v 6 5 -8.00000095
v 6 5.00000048 -9
v 5 5 -8
v 5 5 -9
v 4 5 -8
v 4 5 -9
v 0 10 -1
v 1 10 -1
v 1 10 0
v 0 10 0
v 2 10 -1
v 2 10 0
v 3 10 -1
v 3 10 0
v 4 10 -1
v 4 10 0
v 5 10 -1
v 5 10 0
v 6 10 -1
v 6 10 0
v 7 10 -1
v 7 10 0
v 8 10 -1
v 8 10 0
v 9 10 -1
v 9 10 0
v 10 10 -1
v 10 10 0
v 11 10 -1
v 11 10 0
v 12 10 -1
v 12 10 0
v 13 10 -1
v 13 10 0
v 14 10 -1
v 14 10 0
v 15 10 -1
v 15 10 0
v 16 10 -1
v 16 10 0
v 17 10 -1
v 17 10 0
v 18 10 -1
v 18 10 0
v 19 10 -1
v 19 10 0
v 20 10 -1
v 20 10 0
v 21 10 -1
v 21 10 0
v 22 10 -1
v 22 10 0
v 23 10 -1
v 23 10 0
v 24 10 -1
v 24 10 0
v 25 10 -1
v 25 10 0
v 26 10 -1
v 26 10 0
v 27 10 -1
v 27 10 0
v 28 10 -1
v 28 10 0
v 29 10 -1
v 29 10 0
v 30 10 -1
v 30 10 0
v 0 10 -2
v 1 10 -2
v 2 10 -2
v 3 10 -2
v 4 10 -2
v 5 10 -2
v 6 10 -2
v 7 10 -2
v 8 10 -2
v 9 10 -2
v 10 10 -2
v 11 10 -2
v 12 10 -2
v 13 10 -2
v 14 10 -2
v 15 10 -2
v 16 10 -2
v 17 10 -2
v 18 10 -2
v 19 10 -2
v 20 10 -2
v 21 10 -2
v 22 10 -2
v 23 10 -2
v 24 10 -2
v 25 10 -2
v 26 10 -2
v 27 10 -2
v 28 10 -2
v 29 10 -2
v 30 10 -2
v 0 10 -3
v 1 10 -3
v 2 10 -3
v 3 10 -3
v 4 10 -3
v 5 10 -3
v 6 10 -3
v 7 10 -3
v 8 10 -3
v 9 10 -3
v 10 10 -3
v 11 10 -3
v 12 10 -3
v 13 10 -3
v 14 10 -3
v 15 10 -3
v 16 10 -3
v 17 10 -3
v 18 10 -3
v 19 10 -3
v 20 10 -3
v 21 10 -3
v 22 10 -3
v 23 10 -3
v 24 10 -3
v 25 10 -3
v 26 10 -3
v 27 10 -3
v 28 10 -3
v 29 10 -3
v 30 10 -3
v 0 10 -4
v 1 10 -4
v 2 10 -4
v 3 10 -4
v 4 10 -4
v 5 10 -4
v 6 10 -4
v 7 10 -4
v 8 10 -4
v 9 10 -4
v 10 10 -4
v 11 10 -4
v 12 10 -4
v 13 10 -4
v 14 10 -4
v 15 10 -4
v 16 10 -4
v 17 10 -4
v 18 10 -4
v 19 10 -4
v 20 10 -4
v 21 10 -4
v 22 10 -4
v 23 10 -4
v 24 10 -4
v 25 10 -4
v 26 10 -4
v 27 10 -4
v 28 10 -4
v 29 10 -4
v 30 10 -4
v 0 10 -5
v 1 10 -5
v 2 10 -5
v 3 10 -5
v 4 10 -5
v 5 10 -5
v 6 10 -5
v 7 10 -5
v 8 10 -5
v 9 10 -5
v 10 10 -5
v 11 10 -5
v 12 10 -5
v 13 10 -5
v 14 10 -5
v 15 10 -5
v 16 10 -5
v 17 10 -5
v 18 10 -5
v 19 10 -5
v 20 10 -5
v 21 10 -5
v 22 10 -5
v 23 10 -5
v 24 10 -5
v 25 10 -5
v 26 10 -5
v 27 10 -5
v 28 10 -5
v 29 10 -5
v 30 10 -5
v 0 10 -6
v 1 10 -6
v 2 10 -6
v 3 10 -6
v 4 10 -6
v 5 10 -6
v 6 10 -6
v 7 10 -6
v 8 10 -6
v 9 10 -6
v 10 10 -6
v 11 10 -6
v 12 10 -6
v 13 10 -6
v 14 10 -6
v 15 10 -6
v 16 10 -6
v 17 10 -6
v 18 10 -6
v 19 10 -6
v 20 10 -6
v 21 10 -6
v 22 10 -6
v 23 10 -6
v 24 10 -6
v 25 10 -6
v 26 10 -6
v 27 10 -6
v 28 10 -6
v 29 10 -6
v 30 10 -6
v 0 10 -7
v 1 10 -7
v 2 10 -7
v 3 10 -7
v 4 10 -7
v 5 10 -7
v 6 10 -7
v 7 10 -7
v 8 10 -7
v 9 10 -7
v 10 10 -7
v 11 10 -7
v 12 10 -7
v 13 10 -7
v 14 10 -7
v 15 10 -7
v 16 10 -7
v 17 10 -7
v 18 10 -7
v 19 10 -7
v 20 10 -7
v 21 10 -7
v 22 10 -7
v 23 10 -7
v 24 10 -7
v 25 10 -7
v 26 10 -7
v 27 10 -7
v 28 10 -7
v 29 10 -7
v 30 10 -7
v 0 10 -8
v 1 10 -8
v 2 10 -8
v 3 10 -8
v 4 10 -8
v 5 10 -8
v 6 10 -8
v 7 10 -8
v 8 10 -8
v 9 10 -8
v 10 10 -8
v 11 10 -8
v 12 10 -8
v 13 10 -8
v 14 10 -8
v 15 10 -8
v 16 10 -8
v 17 10 -8
v 18 10 -8
v 19 10 -8
v 20 10 -8
v 21 10 -8
v 22 10 -8
v 23 10 -8
v 24 10 -8
v 25 10 -8
v 26 10 -8
v 27 10 -8
v 28 10 -8
v 29 10 -8
v 30 10 -8
v 0 10 -9
v 1 10 -9
v 2 10 -9
v 3 10 -9
v 4 10 -9
v 5 10 -9
v 6 10 -9
v 7 10 -9
v 8 10 -9
v 9 10 -9
v 10 10 -9
v 11 10 -9
v 12 10 -9
v 13 10 -9
v 14 10 -9
v 15 10 -9
v 16 10 -9
v 17 10 -9
v 18 10 -9
v 19 10 -9
v 20 10 -9
v 21 10 -9
v 22 10 -9
v 23 10 -9
v 24 10 -9
v 25 10 -9
v 26 10 -9
v 27 10 -9
v 28 10 -9
v 29 10 -9
v 30 10 -9
v 0 10 -10
v 1 10 -10
v 2 10 -10
v 3 10 -10
v 4 10 -10
v 5 10 -10
v 6 10 -10
v 7 10 -10
v 8 10 -10
v 9 10 -10
v 10 10 -10
v 11 10 -10
v 12 10 -10
v 13 10 -10
v 14 10 -10
v 15 10 -10
v 16 10 -10
v 17 10 -10
v 18 10 -10
v 19 10 -10
v 20 10 -10
v 21 10 -10
v 22 10 -10
v 23 10 -10
v 24 10 -10
v 25 10 -10
v 26 10 -10
v 27 10 -10
v 28 10 -10
v 29 10 -10
v 30 10 -10
v 0 10 -11
v 1 10 -11
v 2 10 -11
v 3 10 -11
v 4 10 -11
v 5 10 -11
v 6 10 -11
v 7 10 -11
v 8 10 -11
v 9 10 -11
v 10 10 -11
v 11 10 -11
v 12 10 -11
v 13 10 -11
v 14 10 -11
v 15 10 -11
v 16 10 -11
v 17 10 -11
v 18 10 -11
v 19 10 -11
v 20 10 -11
v 21 10 -11
v 22 10 -11
v 23 10 -11
v 24 10 -11
v 25 10 -11
v 26 10 -11
v 27 10 -11
v 28 10 -11
v 29 10 -11
v 30 10 -11
v 0 10 -12
v 1 10 -12
v 2 10 -12
v 3 10 -12
v 4 10 -12
v 5 10 -12
v 6 10 -12
v 7 10 -12
v 8 10 -12
v 9 10 -12
v 10 10 -12
v 11 10 -12
v 12 10 -12
v 13 10 -12
v 14 10 -12
v 15 10 -12
v 16 10 -12
v 17 10 -12
v 18 10 -12
v 19 10 -12
v 20 10 -12
v 21 10 -12
v 22 10 -12
v 23 10 -12
v 24 10 -12
v 25 10 -12
v 26 10 -12
v 27 10 -12
v 28 10 -12
v 29 10 -12
v 30 10 -12
v 0 10 -13
v 1 10 -13
v 2 10 -13
v 3 10 -13
v 4 10 -13
v 5 10 -13
v 6 10 -13
v 7 10 -13
v 8 10 -13
v 9 10 -13
v 10 10 -13
v 11 10 -13
v 12 10 -13
v 13 10 -13
v 14 10 -13
v 15 10 -13
v 16 10 -13
v 17 10 -13
v 18 10 -13
v 19 10 -13
v 20 10 -13
v 21 10 -13
v 22 10 -13
v 23 10 -13
v 24 10 -13
v 25 10 -13
v 26 10 -13
v 27 10 -13
v 28 10 -13
v 29 10 -13
v 30 10 -13
v 0 10 -14
v 1 10 -14
v 2 10 -14
v 3 10 -14
v 4 10 -14
v 5 10 -14
v 6 10 -14
v 7 10 -14
v 8 10 -14
v 9 10 -14
v 10 10 -14
v 11 10 -14
v 12 10 -14
v 13 10 -14
v 14 10 -14
v 15 10 -14
v 16 10 -14
v 17 10 -14
v 18 10 -14
v 19 10 -14
v 20 10 -14
v 21 10 -14
v 22 10 -14
v 23 10 -14
v 24 10 -14
v 25 10 -14
v 26 10 -14
v 27 10 -14
v 28 10 -14
v 29 10 -14
v 30 10 -14
v 0 10 -15
v 1 10 -15
v 2 10 -15
v 3 10 -15
v 4 10 -15
v 5 10 -15
v 6 10 -15
v 7 10 -15
v 8 10 -15
v 9 10 -15
v 10 10 -15
v 11 10 -15
v 12 10 -15
v 13 10 -15
v 14 10 -15
v 15 10 -15
v 16 10 -15
v 17 10 -15
v 18 10 -15
v 19 10 -15
v 20 10 -15
v 21 10 -15
v 22 10 -15
v 23 10 -15
v 24 10 -15
v 25 10 -15
v 26 10 -15
v 27 10 -15
v 28 10 -15
v 29 10 -15
v 30 10 -15
v 0 10 -16
v 1 10 -16
v 2 10 -16
v 3 10 -16
v 4 10 -16
v 5 10 -16
v 6 10 -16
v 7 10 -16
v 8 10 -16
v 9 10 -16
v 10 10 -16
v 11 10 -16
v 12 10 -16
v 13 10 -16
v 14 10 -16
v 15 10 -16
v 16 10 -16
v 17 10 -16
v 18 10 -16
v 19 10 -16
v 20 10 -16
v 21 10 -16
v 22 10 -16
v 23 10 -16
v 24 10 -16
v 25 10 -16
v 26 10 -16
v 27 10 -16
v 28 10 -16
v 29 10 -16
v 30 10 -16
v 0 10 -17
v 1 10 -17
v 2 10 -17
v 3 10 -17
v 4 10 -17
v 5 10 -17
v 6 10 -17
v 7 10 -17
v 8 10 -17
v 9 10 -17
v 10 10 -17
v 11 10 -17
v 12 10 -17
v 13 10 -17
v 14 10 -17
v 15 10 -17
v 16 10 -17
v 17 10 -17
v 18 10 -17
v 19 10 -17
v 20 10 -17
v 21 10 -17
v 22 10 -17
v 23 10 -17
v 24 10 -17
v 25 10 -17
v 26 10 -17
v 27 10 -17
v 28 10 -17
v 29 10 -17
v 30 10 -17
v 0 10 -18
v 1 10 -18
v 2 10 -18
v 3 10 -18
v 4 10 -18
v 5 10 -18
v 6 10 -18
v 7 10 -18
v 8 10 -18
v 9 10 -18
v 10 10 -18
v 11 10 -18
v 12 10 -18
v 13 10 -18
v 14 10 -18
v 15 10 -18
v 16 10 -18
v 17 10 -18
v 18 10 -18
v 19 10 -18
v 20 10 -18
v 21 10 -18
v 22 10 -18
v 23 10 -18
v 24 10 -18
v 25 10 -18
v 26 10 -18
v 27 10 -18
v 28 10 -18
v 29 10 -18
v 30 10 -18
v 0 10 -19
v 1 10 -19
v 2 10 -19
v 3 10 -19
v 4 10 -19
v 5 10 -19
v 6 10 -19
v 7 10 -19
v 8 10 -19
v 9 10 -19
v 10 10 -19
v 11 10 -19
v 12 10 -19
v 13 10 -19
v 14 10 -19
v 15 10 -19
v 16 10 -19
v 17 10 -19
v 18 10 -19
v 19 10 -19
v 20 10 -19
v 21 10 -19
v 22 10 -19
v 23 10 -19
v 24 10 -19
v 25 10 -19
v 26 10 -19
v 27 10 -19
v 28 10 -19
v 29 10 -19
v 30 10 -19
v 0 10 -20
v 1 10 -20
v 2 10 -20
v 3 10 -20
v 4 10 -20
v 5 10 -20
v 6 10 -20
v 7 10 -20
v 8 10 -20
v 9 10 -20
v 10 10 -20
v 11 10 -20
v 12 10 -20
v 13 10 -20
v 14 10 -20
v 15 10 -20
v 16 10 -20
v 17 10 -20
v 18 10 -20
v 19 10 -20
v 20 10 -20
v 21 10 -20
v 22 10 -20
v 23 10 -20
v 24 10 -20
v 25 10 -20
v 26 10 -20
v 27 10 -20
v 28 10 -20
v 29 10 -20
v 30 10 -20
v 0 10 -21
v 1 10 -21
v 2 10 -21
v 3 10 -21
v 4 10 -21
v 5 10 -21
v 6 10 -21
v 7 10 -21
v 8 10 -21
v 9 10 -21
v 10 10 -21
v 11 10 -21
v 12 10 -21
v 13 10 -21
v 14 10 -21
v 15 10 -21
v 16 10 -21
v 17 10 -21
v 18 10 -21
v 19 10 -21
v 20 10 -21
v 21 10 -21
v 22 10 -21
v 23 10 -21
v 24 10 -21
v 25 10 -21
v 26 10 -21
v 27 10 -21
v 28 10 -21
v 29 10 -21
v 30 10 -21
v 0 10 -22
v 1 10 -22
v 2 10 -22
v 3 10 -22
v 4 10 -22
v 5 10 -22
v 6 10 -22
v 7 10 -22
v 8 10 -22
v 9 10 -22
v 10 10 -22
v 11 10 -22
v 12 10 -22
v 13 10 -22
v 14 10 -22
v 15 10 -22
v 16 10 -22
v 17 10 -22
v 18 10 -22
v 19 10 -22
v 20 10 -22
v 21 10 -22
v 22 10 -22
v 23 10 -22
v 24 10 -22
v 25 10 -22
v 26 10 -22
v 27 10 -22
v 28 10 -22
v 29 10 -22
v 30 10 -22
v 0 10 -23
v 1 10 -23
v 2 10 -23
v 3 10 -23
v 4 10 -23
v 5 10 -23
v 6 10 -23
v 7 10 -23
v 8 10 -23
v 9 10 -23
v 10 10 -23
v 11 10 -23
v 12 10 -23
v 13 10 -23
v 14 10 -23
v 15 10 -23
v 16 10 -23
v 17 10 -23
v 18 10 -23
v 19 10 -23
v 20 10 -23
v 21 10 -23
v 22 10 -23
v 23 10 -23
v 24 10 -23
v 25 10 -23
v 26 10 -23
v 27 10 -23
v 28 10 -23
v 29 10 -23
v 30 10 -23
v 0 10 -24
v 1 10 -24
v 2 10 -24
v 3 10 -24
v 4 10 -24
v 5 10 -24
v 6 10 -24
v 7 10 -24
v 8 10 -24
v 9 10 -24
v 10 10 -24
v 11 10 -24
v 12 10 -24
v 13 10 -24
v 14 10 -24
v 15 10 -24
v 16 10 -24
v 17 10 -24
v 18 10 -24
v 19 10 -24
v 20 10 -24
v 21 10 -24
v 22 10 -24
v 23 10 -24
v 24 10 -24
v 25 10 -24
v 26 10 -24
v 27 10 -24
v 28 10 -24
v 29 10 -24
v 30 10 -24
v 0 10 -25
v 1 10 -25
v 2 10 -25
v 3 10 -25
v 4 10 -25
v 5 10 -25
v 6 10 -25
v 7 10 -25
v 8 10 -25
v 9 10 -25
v 10 10 -25
v 11 10 -25
v 12 10 -25
v 13 10 -25
v 14 10 -25
v 15 10 -25
v 16 10 -25
v 17 10 -25
v 18 10 -25
v 19 10 -25
v 20 10 -25
v 21 10 -25
v 22 10 -25
v 23 10 -25
v 24 10 -25
v 25 10 -25
v 26 10 -25
v 27 10 -25
v 28 10 -25
v 29 10 -25
v 30 10 -25
v 0 10 -26
v 1 10 -26
v 2 10 -26
v 3 10 -26
v 4 10 -26
v 5 10 -26
v 6 10 -26
v 7 10 -26
v 8 10 -26
v 9 10 -26
v 10 10 -26
v 11 10 -26
v 12 10 -26
v 13 10 -26
v 14 10 -26
v 15 10 -26
v 16 10 -26
v 17 10 -26
v 18 10 -26
v 19 10 -26
v 20 10 -26
v 21 10 -26
v 22 10 -26
v 23 10 -26
v 24 10 -26
v 25 10 -26
v 26 10 -26
v 27 10 -26
v 28 10 -26
v 29 10 -26
v 30 10 -26
v 0 10 -27
v 1 10 -27
v 2 10 -27
v 3 10 -27
v 4 10 -27
v 5 10 -27
v 6 10 -27
v 7 10 -27
v 8 10 -27
v 9 10 -27
v 10 10 -27
v 11 10 -27
v 12 10 -27
v 13 10 -27
v 14 10 -27
v 15 10 -27
v 16 10 -27
v 17 10 -27
v 18 10 -27
v 19 10 -27
v 20 10 -27
v 21 10 -27
v 22 10 -27
v 23 10 -27
v 24 10 -27
v 25 10 -27
v 26 10 -27
v 27 10 -27
v 28 10 -27
v 29 10 -27
v 30 10 -27
v 0 10 -28
v 1 10 -28
v 2 10 -28
v 3 10 -28
v 4 10 -28
v 5 10 -28
v 6 10 -28
v 7 10 -28
v 8 10 -28
v 9 10 -28
v 10 10 -28
v 11 10 -28
v 12 10 -28
v 13 10 -28
v 14 10 -28
v 15 10 -28
v 16 10 -28
v 17 10 -28
v 18 10 -28
v 19 10 -28
v 20 10 -28
v 21 10 -28
v 22 10 -28
v 23 10 -28
v 24 10 -28
v 25 10 -28
v 26 10 -28
v 27 10 -28
v 28 10 -28
v 29 10 -28
v 30 10 -28
v 0 10 -29
v 1 10 -29
v 2 10 -29
v 3 10 -29
v 4 10 -29
v 5 10 -29
v 6 10 -29
v 7 10 -29
v 8 10 -29
v 9 10 -29
v 10 10 -29
v 11 10 -29
v 12 10 -29
v 13 10 -29
v 14 10 -29
v 15 10 -29
v 16 10 -29
v 17 10 -29
v 18 10 -29
v 19 10 -29
v 20 10 -29
v 21 10 -29
v 22 10 -29
v 23 10 -29
v 24 10 -29
v 25 10 -29
v 26 10 -29
v 27 10 -29
v 28 10 -29
v 29 10 -29
v 30 10 -29
vt 2.75000072 -0.450194359 0
vt 2.87499976 -0.450194657 0
vt 2.875 -0.325194448 0
vt 2.75000048 -0.325194806 0
vt 3.00000048 -0.450195253 0
vt 2.99999952 -0.32519415 0
vt 3.12500024 -0.450194985 0
vt 3.12499976 -0.325195462 0
vt 3.24999976 -0.450194687 0
vt 3.24999976 -0.325194597 0
vt 3.37500072 -0.450195312 0
vt 3.37499952 -0.325194299 0
vt 1.37114466e-06 -0.450194716 0
vt 0.124999329 -0.450194299 0
vt 0.124999478 -0.325194031 0
vt 0 -0.325194329 0
vt 0.250000119 -0.450194836 0
vt 0.250000238 -0.325194597 0
vt 0.374999762 -0.450194538 0
vt 0.375001043 -0.325195104 0
vt 0.499999762 -0.450193703 0
vt 0.499999881 -0.325193465 0
vt 0.625000536 -0.45019421 0
vt 0.625000656 -0.325194001 0
vt 0.750001311 -0.450194746 0
vt 0.750001371 -0.325194567 0
vt 0.875002086 -0.450195312 0
vt 0.875002205 -0.325195104 0
vt 1.00000095 -0.450193614 0
vt 1.00000143 -0.325192869 0
vt 1.12500179 -0.45019418 0
vt 1.12500215 -0.325193405 0
vt 1.75000036 -0.45019418 0
vt 1.87500167 -0.45019412 0
vt 1.87499976 -0.325194269 0
vt 1.75000012 -0.325194567 0
vt 2.00000119 -0.450193852 0
vt 2.00000048 -0.325194865 0
vt 2.125 -0.450194716 0
vt 2.12500048 -0.325193942 0
vt 2.25 -0.450193852 0
vt 2.24999976 -0.325194299 0
vt 2.37500095 -0.450194418 0
vt 2.37500095 -0.32519421 0
vt 2.49999976 -0.450194776 0
vt 2.50000024 -0.325194567 0
vt 2.62499976 -0.450193882 0
vt 2.62500095 -0.325195074 0
vt 2.87499976 -0.20019497 0
vt 2.74999905 -0.200194448 0
vt 3.00000095 -0.200194851 0
vt 3.12500048 -0.200194567 0
vt 3.24999952 -0.200194955 0
vt 3.37499952 -0.200194076 0
vt 0.125000849 -0.200194761 0
vt 8.08175713e-08 -0.200194195 0
vt 0.250000864 -0.200193882 0
vt 0.37500155 -0.200194374 0
vt 0.500001669 -0.200193569 0
vt 0.625000358 -0.200194389 0
vt 0.750001132 -0.200194955 0
vt 0.87500006 -0.200195909 0
vt 1 -0.200195059 0
vt 1.125 -0.200194165 0
vt 1.87500024 -0.200193539 0
vt 1.75000072 -0.200193778 0
vt 2.00000048 -0.200194627 0
vt 2.12500024 -0.200194359 0
vt 2.25000095 -0.200194895 0
vt 2.37500048 -0.200194657 0
vt 2.50000072 -0.200193778 0
vt 2.62500095 -0.200194865 0
vt 1.18750083 -0.325195014 0
vt 1.18750143 -0.200194269 0
vt 1.26250207 -0.325194657 0
vt 1.26250029 -0.200194836 0
vt 1.68749976 -0.200193122 0
vt 1.68750107 -0.325193554 0
vt 1.61250007 -0.200193703 0
vt 1.61250031 -0.325193286 0
vt 1.6875006 -0.450194299 0
vt 1.61249983 -0.450194061 0
vt 1.18750072 -0.450195223 0
vt 1.26250124 -0.450193465 0
vt 1.18750072 -0.0751926899 0
vt 1.26250076 -0.0751940981 0
vt 1.26250052 -0.000193831918 0
vt 1.18750095 -0.000194421184 0
vt 1.1249994 -0.0751926005 0
vt 1.12500072 -0.000195097469 0
vt 1.00000048 -0.0751942843 0
vt 0.99999994 -0.000194553373 0
vt 0.874999762 -0.0751937479 0
vt 0.874999583 -0.000193419633 0
vt 0.750000954 -0.0751928315 0
vt 0.750000298 -0.000195675078 0
vt 0.625000954 -0.0751936883 0
vt 0.624999523 -0.000195130677 0
vt 0.500001013 -0.0751919597 0
vt 0.499998748 -0.000194610329 0
vt 0.375000983 -0.0751928464 0
vt 0.375001132 -0.000194507535 0
vt 0.250001401 -0.0751930848 0
vt 0.250000358 -0.000193988148 0
vt 0.125000581 -0.0751925632 0
vt 0.125001162 -0.000193639848 0
vt 9.71766212e-07 -0.0751928538 0
vt 1.14114437e-06 -0.000194519569 0
vt 3.25000024 -0.0751941651 0
vt 3.37500024 -0.0751932859 0
vt 3.37500048 -0.000195062181 0
vt 3.25000095 -0.000195352884 0
vt 3.12499952 -0.0751937032 0
vt 3.125 -0.000194734428 0
vt 2.99999976 -0.0751939937 0
vt 3.00000048 -0.000195041954 0
vt 2.87500048 -0.0751936883 0
vt 2.87499976 -0.000194522741 0
vt 2.75 -0.0751930922 0
vt 2.75000048 -0.000194257111 0
vt 2.62500024 -0.0751932859 0
vt 2.62500048 -0.000195137152 0
vt 2.49999952 -0.0751927719 0
vt 2.50000024 -0.000193831453 0
vt 2.37499952 -0.0751936659 0
vt 2.37500024 -0.000194711509 0
vt 2.25000024 -0.0751933157 0
vt 2.24999928 -0.000194225053 0
vt 2.12500095 -0.0751930252 0
vt 2.12500095 -0.000195309156 0
vt 2.00000119 -0.0751938447 0
vt 2.00000048 -0.000194199776 0
vt 1.87500083 -0.075192757 0
vt 1.8750006 -0.000195047469 0
vt 1.75 -0.0751922578 0
vt 1.75000072 -0.000193399537 0
vt 1.68750143 -0.0751931667 0
vt 1.68750083 -0.000193461645 0
vt 1.61250019 -0.0751935318 0
vt 1.61250114 -0.000194099965 0
vt 1.56250095 -0.000194375461 0
vt 1.56250072 -0.075192675 0
vt 1.43749928 -0.000195034692 0
vt 1.43750072 -0.075193502 0
vt 1.3125006 -0.000194097331 0
vt 1.31250107 -0.0751937926 0
vt -1.18750036 0.375976145 0
vt -1.06250048 0.375976145 0
vt -1.06250036 0.500976086 0
vt -1.18750024 0.500976026 0
vt -0.937500119 0.375976145 0
vt -0.937500477 0.500976264 0
vt -0.812500179 0.375976205 0
vt -0.812500179 0.500976264 0
vt -0.687500298 0.375976205 0
vt -0.687500298 0.500976086 0
vt -0.562500238 0.375976384 0
vt -0.562500179 0.500976324 0
vt -0.437500089 0.375976205 0
vt -0.437500119 0.500976324 0
vt -0.312500179 0.375976443 0
vt -0.312500209 0.500976324 0
vt -0.187500283 0.375976443 0
vt -0.187500298 0.500976384 0
vt -0.0625004098 0.375976264 0
vt -0.0625002459 0.500976384 0
vt -1.18750036 0.250976056 0
vt -1.06250048 0.250976235 0
vt -0.93750006 0.250976056 0
vt -0.812500119 0.250976086 0
vt -0.687500238 0.250976294 0
vt -0.562500179 0.250976294 0
vt -0.437500089 0.250976115 0
vt -0.312500358 0.250976354 0
vt -0.187500268 0.250976354 0
vt -0.0625003949 0.250976354 0
vt -1.18750024 0.125975937 0
vt -1.06250036 0.125976354 0
vt -0.937500417 0.125975981 0
vt -0.812500119 0.125975996 0
vt -0.687500238 0.125976011 0
vt -0.562500119 0.125976026 0
vt -0.437500089 0.125976041 0
vt -0.312500179 0.125976071 0
vt -0.187500253 0.125976458 0
vt -0.0625003725 0.125976488 0
vt -1.18750024 0.000976067735 0
vt -1.06250036 0.000976083742 0
vt -0.937500417 0.000976099749 0
vt -0.812500119 0.000976115756 0
vt -0.687500238 0.000976131763 0
vt -0.562500179 0.00097614777 0
vt -0.437500238 0.000976163778 0
vt -0.312500149 0.000976179785 0
vt -0.187500238 0.000976195792 0
vt -0.0625003576 0.000976569369 0
vt 0 0.000976577401 0
vt -9.6005941e-09 0.0759761482 0
vt -1.94814945e-07 0.125976101 0
vt -2.1081604e-07 0.250976175 0
vt -4.65235757e-07 0.375976473 0
vt -4.81236839e-07 0.500976562 0
vt -4.71636156e-07 0.425976276 0
vt -9.37500286 0.000967069122 0
vt -9.37500095 0.125964865 0
vt -9.49999809 0.125966907 0
vt -9.50000381 0.000963484752 0
vt -1.56729175e-06 0.000972845708 0
vt -8.27947133e-07 0.12597537 0
vt -0.12500602 0.125965953 0
vt -0.125003129 0.000969159184 0
vt -0.250003457 0.125968039 0
vt -0.250001103 0.000971378351 0
vt -0.375001401 0.12597014 0
vt -0.375007331 0.000966681226 0
vt -0.499999344 0.125972256 0
vt -0.500004768 0.000968770008 0
vt -0.625001967 0.125973344 0
vt -0.625002742 0.000970933295 0
vt -0.750004053 0.125974536 0
vt -0.750005305 0.000972018577 0
vt -0.875004649 0.125966176 0
vt -0.875003278 0.000974125986 0
vt -1.00000715 0.125967279 0
vt -1.00000072 0.000976214767 0
vt -1.12500513 0.125969261 0
vt -1.12499774 0.000973662362 0
vt -1.25000262 0.125971466 0
vt -1.25000393 0.000968957611 0
vt -1.3750006 0.125973582 0
vt -1.37500179 0.000971064612 0
vt -1.49999845 0.125975683 0
vt -1.50000441 0.000972153619 0
vt -1.62500381 0.125966325 0
vt -1.6250056 0.000968568667 0
vt -1.75000119 0.125968516 0
vt -1.75000346 0.000970671943 0
vt -1.87500381 0.125969499 0
vt -1.87500143 0.000972778944 0
vt -2.00000191 0.1259716 0
vt -2.00000763 0.000968074193 0
vt -2.12500429 0.125972688 0
vt -2.12500525 0.000970282999 0
vt -2.25000191 0.125974879 0
vt -2.25000286 0.000972411479 0
vt -2.37500715 0.125965521 0
vt -2.37500095 0.000974519353 0
vt -2.50000477 0.125967607 0
vt -2.50000334 0.000975658826 0
vt -2.62500262 0.125969738 0
vt -2.62500119 0.000977787306 0
vt -2.75000525 0.125970855 0
vt -2.75000644 0.000968311389 0
vt -2.87500286 0.125972986 0
vt -2.87500381 0.000970464316 0
vt -3.00000072 0.125975087 0
vt -3.00000167 0.000972596579 0
vt -3.12499857 0.125977218 0
vt -3.1250031 0.000968994689 0
vt -3.25000477 0.125972569 0
vt -3.25000119 0.000971065252 0
vt -3.37500262 0.12597473 0
vt -3.37499881 0.000973221904 0
vt -3.49999905 0.125972092 0
vt -3.50000119 0.000974336988 0
vt -3.62500167 0.12597321 0
vt -3.62500262 0.000970720197 0
vt -3.7500031 0.125969604 0
vt -3.75000525 0.000971775677 0
vt -3.87500572 0.125970647 0
vt -3.8750031 0.00097389298 0
vt -4.00000334 0.125972778 0
vt -4.00000429 0.00097029109 0
vt -4.12500525 0.125969157 0
vt -4.12500238 0.000972371199 0
vt -4.25000286 0.125971243 0
vt -4.25 0.000974514638 0
vt -4.37500095 0.125973389 0
vt -4.37500191 0.000970903202 0
vt -4.50000191 0.125969782 0
vt -4.50000429 0.000971954956 0
vt -4.62499952 0.125971854 0
vt -4.62500048 0.000969379733 0
vt -4.75000238 0.125972986 0
vt -4.75000334 0.000970487366 0
vt -4.87500477 0.125974074 0
vt -4.87500572 0.000971587549 0
vt -5.00000191 0.125971466 0
vt -5.00000381 0.000973686227 0
vt -5.12500429 0.125972584 0
vt -5.12500525 0.000970072986 0
vt -5.25000525 0.125968948 0
vt -5.25000286 0.000972216367 0
vt -5.37500334 0.125971064 0
vt -5.37500095 0.000974316965 0
vt -5.50000095 0.125973195 0
vt -5.50000191 0.000970683584 0
vt -8.125 0.000970951456 0
vt -8.12500286 0.125967622 0
vt -8.25000477 0.125963941 0
vt -8.25000191 0.000967326632 0
vt -8.37500191 0.125966147 0
vt -8.37500381 0.000968353648 0
vt -8.50000477 0.125967234 0
vt -8.50000286 0.000970461289 0
vt -8.62500095 0.125964627 0
vt -8.62500381 0.000966935011 0
vt -8.82500172 0.12596707 0
vt -8.82500362 0.000964497507 0
vt -9.17500114 0.000964725739 0
vt -9.17499924 0.125967294 0
vt -9.37500381 0.250966311 0
vt -9.50000191 0.250968516 0
vt -2.18523314e-06 0.250967383 0
vt -0.125004798 0.250968456 0
vt -0.250002742 0.250970572 0
vt -0.375000179 0.250972658 0
vt -0.499998122 0.250974774 0
vt -0.625004351 0.250970185 0
vt -0.750002325 0.250972301 0
vt -0.875004888 0.250973254 0
vt -1.00000238 0.25097546 0
vt -1.12500405 0.250971884 0
vt -1.25000191 0.25097388 0
vt -1.37500703 0.250964493 0
vt -1.50000453 0.250966728 0
vt -1.6250025 0.250968844 0
vt -1.75000048 0.25097093 0
vt -1.8750025 0.250972062 0
vt -2.00000048 0.250974149 0
vt -2.12500668 0.250969529 0
vt -2.25000453 0.250971675 0
vt -2.37500238 0.250973761 0
vt -2.5 0.250975907 0
vt -2.62500167 0.250972271 0
vt -2.75000405 0.250973344 0
vt -2.87500548 0.250969738 0
vt -3.00000334 0.250971884 0
vt -3.12500477 0.250968218 0
vt -3.25000262 0.250970334 0
vt -3.37500024 0.250972509 0
vt -3.49999785 0.250974655 0
vt -3.62500429 0.250969946 0
vt -3.75000215 0.250972062 0
vt -3.87500453 0.250973195 0
vt -4.00000238 0.250975251 0
vt -4.12500381 0.250971645 0
vt -4.25000525 0.250968009 0
vt -4.37500334 0.250970155 0
vt -4.50000095 0.250972271 0
vt -4.62500334 0.250973374 0
vt -4.75000048 0.250970751 0
vt -4.87500238 0.250971854 0
vt -5.00000525 0.250972956 0
vt -5.12500286 0.250975043 0
vt -5.25000429 0.250971466 0
vt -5.37500238 0.250973552 0
vt -5.5 0.250975698 0
vt -8.12500191 0.250970125 0
vt -8.25 0.250972271 0
vt -8.37500095 0.250968635 0
vt -8.50000381 0.250969768 0
vt -8.62500572 0.250966132 0
vt -8.82500553 0.250963748 0
vt -9.17500305 0.250964046 0
vt -9.37500572 0.375963151 0
vt -9.50000477 0.375965238 0
vt -1.99634815e-06 0.375974655 0
vt -0.125003561 0.37597096 0
vt -0.250005126 0.375967264 0
vt -0.375007719 0.375968397 0
vt -0.500005245 0.375970602 0
vt -0.625003159 0.375972688 0
vt -0.750001132 0.375974804 0
vt -0.874997973 0.375972122 0
vt -1.00000417 0.375967413 0
vt -1.12500179 0.375969619 0
vt -1.25000429 0.375970721 0
vt -1.37500226 0.375972837 0
vt -1.49999964 0.375975043 0
vt -1.62500131 0.375971347 0
vt -1.74999917 0.375973433 0
vt -1.87500536 0.375968784 0
vt -2.00000286 0.37597093 0
vt -2.12500548 0.375972062 0
vt -2.25000334 0.375974178 0
vt -2.37500143 0.375976264 0
vt -2.49999905 0.375978351 0
vt -2.62500429 0.375968993 0
vt -2.75000191 0.375971168 0
vt -2.87499976 0.375973254 0
vt -3.00000215 0.375974357 0
vt -3.12500381 0.375970751 0
vt -3.25000167 0.375972837 0
vt -3.37500787 0.375968188 0
vt -3.50000525 0.375970334 0
vt -3.6250031 0.37597245 0
vt -3.75000095 0.375974596 0
vt -3.87500358 0.375975668 0
vt -4.00000477 0.375972033 0
vt -4.12500286 0.375974149 0
vt -4.25000429 0.375970513 0
vt -4.37500191 0.375972658 0
vt -4.5 0.375974774 0
vt -4.62500572 0.375970125 0
vt -4.75000381 0.375972241 0
vt -4.87500143 0.375974387 0
vt -5.00000334 0.375970721 0
vt -5.12500572 0.375971824 0
vt -5.25000334 0.37597397 0
vt -5.37500525 0.375970334 0
vt -5.50000238 0.37597245 0
vt -8.12500477 0.375966877 0
vt -8.25000286 0.375969023 0
vt -8.37500381 0.375965416 0
vt -8.50000191 0.375967503 0
vt -8.62500381 0.375968695 0
vt -8.82499886 0.375967205 0
vt -9.17500496 0.375960767 0
vt -9.37500191 0.500971317 0
vt -9.50000286 0.500967801 0
vt -3.83224005e-06 0.500966668 0
vt -0.125001311 0.500968874 0
vt -0.250003904 0.500969768 0
vt -0.375001848 0.500971854 0
vt -0.500003457 0.500968337 0
vt -0.625000894 0.500970542 0
vt -0.75000757 0.500965714 0
vt -0.875005007 0.50096786 0
vt -1.00000298 0.500970006 0
vt -1.12500095 0.500972092 0
vt -1.2500031 0.500973284 0
vt -1.37500095 0.500975311 0
vt -1.5000062 0.500965953 0
vt -1.62500417 0.500968099 0
vt -1.75000167 0.500970244 0
vt -1.87499952 0.500972331 0
vt -2.00000215 0.500973403 0
vt -2.12500477 0.500974536 0
vt -2.25000477 0.500966191 0
vt -2.37500262 0.500968337 0
vt -2.50000525 0.50096947 0
vt -2.62500286 0.500971556 0
vt -2.75000072 0.500973642 0
vt -2.87499857 0.500975788 0
vt -3.00000477 0.500971138 0
vt -3.12500262 0.500973225 0
vt -3.25000429 0.500969589 0
vt -3.37500167 0.500971735 0
vt -3.50000429 0.500972807 0
vt -3.62500215 0.500974953 0
vt -3.75000715 0.500965595 0
vt -3.87500501 0.500967681 0
vt -4.00000286 0.500969827 0
vt -4.12500095 0.500971973 0
vt -4.25000334 0.500973046 0
vt -4.37500429 0.50096941 0
vt -4.50000238 0.500971556 0
vt -4.625 0.500973642 0
vt -4.75000286 0.500974774 0
vt -4.87499952 0.500972211 0
vt -5.00000191 0.500973225 0
vt -5.12500334 0.500969589 0
vt -5.25000095 0.500971735 0
vt -5.37500286 0.500968099 0
vt -5.50000525 0.500969172 0
vt -8.12500763 0.500963688 0
vt -8.25000477 0.500965655 0
vt -8.37500191 0.50096786 0
vt -8.50000477 0.500964344 0
vt -8.62500191 0.500966311 0
vt -8.75000477 0.500967562 0
vt -8.87500095 0.500964999 0
vt -8.87500381 0.375967115 0
vt -9.00000381 0.500965893 0
vt -9.00000095 0.375969291 0
vt -9.12500668 0.500967145 0
vt -9.12500191 0.375965625 0
vt -9.25000381 0.500969231 0
vt -9.37500381 0.625968218 0
vt -9.50000572 0.625964463 0
vt -2.60139564e-06 0.625969172 0
vt -0.125000536 0.625971258 0
vt -0.250003129 0.625972211 0
vt -0.375000596 0.625974476 0
vt -0.500002205 0.62597084 0
vt -0.625004768 0.625971913 0
vt -0.750002742 0.625974 0
vt -0.875000179 0.625976205 0
vt -1.00000167 0.625972509 0
vt -1.12499976 0.625974596 0
vt -1.25000489 0.625965238 0
vt -1.37500238 0.625967383 0
vt -1.50000501 0.625968456 0
vt -1.62500298 0.625970602 0
vt -1.75000083 0.625972688 0
vt -1.87499833 0.625974834 0
vt -2.00000453 0.625970185 0
vt -2.12500238 0.625972331 0
vt -2.25 0.625974536 0
vt -2.37500286 0.62597549 0
vt -2.50000429 0.625971913 0
vt -2.62500191 0.625974 0
vt -2.75000715 0.625964642 0
vt -2.87500477 0.625966787 0
vt -3.00000262 0.625968874 0
vt -3.12500072 0.625971019 0
vt -3.25000286 0.625972092 0
vt -3.37500072 0.625974238 0
vt -3.50000668 0.625969589 0
vt -3.62500477 0.625971735 0
vt -3.75000238 0.625973821 0
vt -3.87500024 0.625975966 0
vt -4.00000191 0.625972331 0
vt -4.125 0.625974476 0
vt -4.25000572 0.625969827 0
vt -4.37500334 0.625971913 0
vt -4.5000062 0.625973046 0
vt -4.62500286 0.625970364 0
vt -4.75000525 0.625971496 0
vt -4.87500286 0.625973582 0
vt -5.00000048 0.625975728 0
vt -5.12500238 0.625972152 0
vt -5.25 0.625974238 0
vt -5.37500286 0.62597537 0
vt -5.50000429 0.625971735 0
vt -8.12500191 0.625972033 0
vt -8.25000381 0.625968277 0
vt -8.37500191 0.625970364 0
vt -8.50000286 0.625966728 0
vt -8.62500381 0.625963211 0
vt -8.75000191 0.625965297 0
vt -8.87500477 0.62596643 0
vt -9.00000286 0.625968516 0
vt -9.12500381 0.62596488 0
vt -9.25000668 0.625966012 0
vt -9.37500668 0.750964761 0
vt -9.50000477 0.750967085 0
vt -1.37078428e-06 0.750971675 0
vt -0.1250076 0.750967026 0
vt -0.250005543 0.750969112 0
vt -0.375003457 0.750971138 0
vt -0.49999994 0.750968635 0
vt -0.625002563 0.750969768 0
vt -0.750000477 0.750971794 0
vt -0.875006735 0.750967145 0
vt -1.00000453 0.750969231 0
vt -1.12500215 0.750971437 0
vt -1.25 0.750973463 0
vt -1.37500262 0.750974596 0
vt -1.50000381 0.750971019 0
vt -1.62500167 0.750973105 0
vt -1.75000787 0.750968456 0
vt -1.87500584 0.750970542 0
vt -2.00000334 0.750972748 0
vt -2.12500119 0.750974834 0
vt -2.24999928 0.75097692 0
vt -2.37500167 0.750977993 0
vt -2.50000215 0.750969708 0
vt -2.62500453 0.750970721 0
vt -2.75000238 0.750972927 0
vt -2.87500024 0.750975072 0
vt -3.00000167 0.750971377 0
vt -3.12499928 0.750973523 0
vt -3.25000548 0.750968874 0
vt -3.37500334 0.75097096 0
vt -3.50000572 0.750972092 0
vt -3.62500358 0.750974238 0
vt -3.75000119 0.750976324 0
vt -3.87499905 0.75097847 0
vt -4.00000429 0.750969052 0
vt -4.12500238 0.750971198 0
vt -4.25 0.750973284 0
vt -4.37500238 0.750974417 0
vt -4.50000381 0.750970781 0
vt -4.6250062 0.750971854 0
vt -4.75000429 0.750974 0
vt -4.87500572 0.750970364 0
vt -5.00000334 0.750972509 0
vt -5.12500143 0.750974596 0
vt -5.25000238 0.75097096 0
vt -5.37500048 0.750973105 0
vt -5.50000286 0.750974178 0
vt -8.12500572 0.750968635 0
vt -8.25000572 0.750965059 0
vt -8.37500381 0.750967145 0
vt -8.50000191 0.750969231 0
vt -8.62500381 0.750965714 0
vt -8.75000095 0.750967801 0
vt -8.87500381 0.750968874 0
vt -9 0.750966251 0
vt -9.12500191 0.750967503 0
vt -9.25000477 0.750963867 0
vt -9.37500572 0.875967383 0
vt -9.50000381 0.87596935 0
vt -4.236314e-06 0.875968277 0
vt -0.125001714 0.875970542 0
vt -0.249999672 0.875972629 0
vt -0.374997616 0.875974774 0
vt -0.499999166 0.875971019 0
vt -0.625004947 0.875966489 0
vt -0.750002861 0.875968575 0
vt -0.875005484 0.875969648 0
vt -1.00000334 0.875971735 0
vt -1.12500143 0.875973821 0
vt -1.24999881 0.875976026 0
vt -1.37500393 0.875966609 0
vt -1.50000203 0.875968754 0
vt -1.6249994 0.8759709 0
vt -1.75000203 0.875972033 0
vt -1.87499988 0.875974059 0
vt -2.00000262 0.875975192 0
vt -2.12500787 0.875965834 0
vt -2.25000525 0.875967979 0
vt -2.3750031 0.875970125 0
vt -2.50000095 0.875972152 0
vt -2.62500334 0.875973284 0
vt -2.75000143 0.87597543 0
vt -2.87500739 0.875970781 0
vt -3.00000429 0.875968158 0
vt -3.12500191 0.875970304 0
vt -3.24999976 0.87597239 0
vt -3.37500215 0.875973523 0
vt -3.50000024 0.875975668 0
vt -3.62500525 0.875966311 0
vt -3.7500031 0.875968397 0
vt -3.87500525 0.87596941 0
vt -4.00000334 0.875971556 0
vt -4.12500095 0.875973701 0
vt -4.24999905 0.875975847 0
vt -4.37500477 0.875971198 0
vt -4.50000286 0.875973344 0
vt -4.62500525 0.875974357 0
vt -4.75000238 0.875971735 0
vt -4.87500477 0.875972867 0
vt -5.00000572 0.875969231 0
vt -5.12500381 0.875971377 0
vt -5.25000525 0.875967741 0
vt -5.37500334 0.875969887 0
vt -5.50000095 0.875972033 0
vt -8.12500286 0.87596637 0
vt -8.25000572 0.875967562 0
vt -8.37500668 0.875963986 0
vt -8.50000477 0.875966012 0
vt -8.62500668 0.875967145 0
vt -8.75000477 0.875969172 0
vt -8.87500191 0.875966609 0
vt -9.00000477 0.875967801 0
vt -9.12500191 0.875969887 0
vt -9.25000286 0.875966251 0
vt -9.37500381 1.00096512 0
vt -9.50000095 1.00096738 0
vt -3.01832392e-06 1.00097084 0
vt -0.125000954 1.00097299 0
vt -0.250007182 1.00096834 0
vt -0.375004649 1.00097048 0
vt -0.500002623 1.00097263 0
vt -0.625000536 1.00097466 0
vt -0.750003159 1.00097573 0
vt -0.874999583 1.00097322 0
vt -1.00000226 1.0009743 0
vt -1.12500274 1.00096595 0
vt -1.25000525 1.00096703 0
vt -1.37500274 1.00096917 0
vt -1.50000072 1.00097132 0
vt -1.62499869 1.00097334 0
vt -1.75000131 1.00097454 0
vt -1.87500238 1.00097096 0
vt -2.00000501 1.00097191 0
vt -2.1250031 1.00097406 0
vt -2.25000048 1.0009762 0
vt -2.37499833 1.00097835 0
vt -2.49999976 1.00097477 0
vt -2.62500501 1.00096536 0
vt -2.75000262 1.00096738 0
vt -2.87500525 1.00096846 0
vt -3.0000031 1.0009706 0
vt -3.12500072 1.00097275 0
vt -3.24999857 1.00097501 0
vt -3.37500477 1.00097024 0
vt -3.50000262 1.00097239 0
vt -3.62500048 1.00097454 0
vt -3.75000286 1.00097549 0
vt -3.87500072 1.00097764 0
vt -4.00000191 1.00097418 0
vt -4.12500811 1.00096941 0
vt -4.2500062 1.00097156 0
vt -4.37500286 1.00096893 0
vt -4.50000095 1.00097108 0
vt -4.62500334 1.00097227 0
vt -4.75000095 1.0009743 0
vt -4.87500238 1.0009706 0
vt -5.00000477 1.00097167 0
vt -5.12500286 1.00097382 0
vt -5.25000048 1.00097597 0
vt -5.37500238 1.00097239 0
vt -5.50000334 1.00096881 0
vt -8.12500191 1.00096893 0
vt -8.25000381 1.00097001 0
vt -8.37500572 1.00096631 0
vt -8.50000763 1.0009675 0
vt -8.62500668 1.00096953 0
vt -8.75000763 1.00096595 0
vt -8.87500572 1.00096822 0
vt -9.00000668 1.00096452 0
vt -9.12500381 1.00096679 0
vt -9.25000191 1.00096881 0
vt -9.37500572 1.12596178 0
vt -9.50000381 1.12596405 0
vt -5.41783584e-06 1.12596762 0
vt -0.125003353 1.12596977 0
vt -0.250004917 1.12596607 0
vt -0.375002861 1.12596822 0
vt -0.500000358 1.12597036 0
vt -0.624998331 1.12597251 0
vt -0.75000447 1.12596786 0
vt -0.875002444 1.12596989 0
vt -0.99999994 1.12597215 0
vt -1.1250025 1.12597311 0
vt -1.25000048 1.12597537 0
vt -1.37500203 1.12597167 0
vt -1.50000834 1.12596691 0
vt -1.62500572 1.12596905 0
vt -1.7500037 1.1259712 0
vt -1.87500167 1.12597334 0
vt -2.00000381 1.12597454 0
vt -2.12500191 1.12597656 0
vt -2.25000691 1.12596714 0
vt -2.37500477 1.12596929 0
vt -2.50000238 1.12597144 0
vt -2.62500024 1.12597358 0
vt -2.75000286 1.12597477 0
vt -2.87500429 1.12597108 0
vt -3.00000191 1.12597311 0
vt -3.12500334 1.12596953 0
vt -3.25000596 1.1259706 0
vt -3.37500381 1.12597275 0
vt -3.50000167 1.12597489 0
vt -3.62499928 1.12597704 0
vt -3.75000429 1.12596762 0
vt -3.87500215 1.12596977 0
vt -4.00000477 1.12597084 0
vt -4.12500238 1.12597299 0
vt -4.25000048 1.12597513 0
vt -4.37500191 1.12597144 0
vt -4.50000811 1.12596679 0
vt -4.62500572 1.12596881 0
vt -4.75000334 1.12597096 0
vt -4.87500143 1.12597334 0
vt -5.00000381 1.1259743 0
vt -5.12500572 1.1259706 0
vt -5.25000334 1.12597287 0
vt -5.37500477 1.12596917 0
vt -5.50000238 1.12597108 0
vt -8.12500381 1.12596571 0
vt -8.25000191 1.12596786 0
vt -8.37500477 1.12596893 0
vt -8.50000668 1.12596524 0
vt -8.62500381 1.12596762 0
vt -8.75000572 1.12596846 0
vt -8.87500381 1.12597072 0
vt -9.00000572 1.12596714 0
vt -9.12500668 1.12596357 0
vt -9.25000477 1.12596548 0
vt -9.37500191 1.25097001 0
vt -9.50000286 1.25096643 0
vt 0 1.25097108 0
vt -0.125002146 1.25097239 0
vt -0.25000006 1.25097442 0
vt -0.375001639 1.25097072 0
vt -0.500003219 1.25096703 0
vt -0.625005364 1.25096834 0
vt -0.750003278 1.25097036 0
vt -0.875001252 1.25097251 0
vt -0.999999225 1.25097454 0
vt -1.12500179 1.25097561 0
vt -1.25000179 1.25096726 0
vt -1.37500453 1.25096846 0
vt -1.50000238 1.2509706 0
vt -1.62499988 1.25097275 0
vt -1.74999774 1.25097477 0
vt -1.8749994 1.2509712 0
vt -2.00000548 1.25096643 0
vt -2.1250031 1.25096858 0
vt -2.25000572 1.25096977 0
vt -2.37500358 1.25097179 0
vt -2.50000143 1.25097394 0
vt -2.62499928 1.25097609 0
vt -2.75000429 1.25096667 0
vt -2.87500215 1.25096881 0
vt -2.99999976 1.25097108 0
vt -3.12500238 1.25097203 0
vt -3.25000024 1.25097418 0
vt -3.37500262 1.25097525 0
vt -3.50000787 1.25096595 0
vt -3.62500572 1.2509681 0
vt -3.75000334 1.25097013 0
vt -3.87500119 1.25097239 0
vt -4.00000381 1.25097334 0
vt -4.12500143 1.25097549 0
vt -4.25000763 1.25097072 0
vt -4.37500525 1.25097299 0
vt -4.50000334 1.25097501 0
vt -4.625 1.25097251 0
vt -4.74999762 1.25097466 0
vt -4.87500048 1.25097561 0
vt -5.00000525 1.25096631 0
vt -5.12500334 1.25096846 0
vt -5.25000572 1.25096953 0
vt -5.37500334 1.25097167 0
vt -5.50000525 1.25096798 0
vt -8.12500858 1.25096726 0
vt -8.25000477 1.25096452 0
vt -8.37500191 1.25096667 0
vt -8.50000477 1.25096786 0
vt -8.62500763 1.25096881 0
vt -8.75000477 1.2509712 0
vt -8.87500668 1.2509675 0
vt -9.00000477 1.25096941 0
vt -9.12500572 1.25096571 0
vt -9.25000381 1.2509681 0
vt -5.62500238 1.25097013 0
vt -5.625 1.12597334 0
vt -5.62500095 1.00097084 0
vt -5.62500191 0.875968397 0
vt -5.62500429 0.750970602 0
vt -5.62500572 0.625968099 0
vt -5.75000095 1.25097227 0
vt -5.75000191 1.12596977 0
vt -5.75000381 1.00097191 0
vt -5.75000525 0.87596941 0
vt -5.75000238 0.750972688 0
vt -5.75000334 0.625970244 0
vt -5.87500286 1.25097346 0
vt -5.87500429 1.12597072 0
vt -5.8750062 1.00097311 0
vt -5.87500238 0.875971615 0
vt -5.87500381 0.750969052 0
vt -5.87500572 0.625971258 0
vt -6.00000048 1.25097537 0
vt -6.00000238 1.12597299 0
vt -6.00000334 1.00097048 0
vt -6.00000525 0.875972748 0
vt -6.0000062 0.750970185 0
vt -6.00000286 0.625968695 0
vt -6.12500334 1.25097656 0
vt -6.12500334 1.12596929 0
vt -6.12500572 1.00097156 0
vt -6.12500286 0.875974715 0
vt -6.12500381 0.750972271 0
vt -6.12500048 0.625970781 0
vt -6.25000477 1.25097287 0
vt -6.25000572 1.12597036 0
vt -6.25000334 1.0009737 0
vt -6.25000048 0.87597698 0
vt -6.25000572 0.750968754 0
vt -6.25000334 0.625971913 0
vt -6.37500286 1.25097489 0
vt -6.37500381 1.12597263 0
vt -6.37500477 1.00097001 0
vt -6.37500238 0.875973344 0
vt -6.37500334 0.750970781 0
vt -6.37500095 0.625974059 0
vt -6.50000763 1.25096571 0
vt -6.50000525 1.12596893 0
vt -6.50000238 1.00097215 0
vt -6.50000334 0.875969648 0
vt -6.50000095 0.750972867 0
vt -6.50000191 0.625970423 0
vt -6.62500572 1.25096786 0
vt -6.62500286 1.12597096 0
vt -6.62500048 1.0009743 0
vt -6.62500525 0.875966012 0
vt -6.62500286 0.75096935 0
vt -6.62500477 0.625971496 0
vt -6.75000334 1.25096989 0
vt -6.75000429 1.12596738 0
vt -6.75000191 1.00097072 0
vt -6.75000286 0.875968099 0
vt -6.75000525 0.750970304 0
vt -6.75000238 0.625973642 0
vt -6.87500477 1.25096619 0
vt -6.87500191 1.12596953 0
vt -6.87500429 1.00097179 0
vt -6.87500525 0.875969291 0
vt -6.87500286 0.750972569 0
vt -6.87500429 0.625969946 0
vt -7.00000286 1.25096846 0
vt -7 1.12597167 0
vt -7.00000095 1.00096929 0
vt -7.00000191 0.875966609 0
vt -7.00000429 0.750968874 0
vt -7.00000143 0.625972152 0
vt -7.12500048 1.25097048 0
vt -7.12500143 1.12596798 0
vt -7.12500334 1.00097024 0
vt -7.12500477 0.875967741 0
vt -7.12500191 0.7509709 0
vt -7.12500286 0.625968575 0
vt -7.25000334 1.25097179 0
vt -7.25000381 1.12596917 0
vt -7.2500062 1.00097144 0
vt -7.25000286 0.875969827 0
vt -7.25000334 0.750967383 0
vt -7.25000572 0.625969589 0
vt -7.37500525 1.25097275 0
vt -7.37500191 1.1259712 0
vt -7.37500763 1.00096774 0
vt -7.37500477 0.875971019 0
vt -7.37500143 0.750969529 0
vt -7.37500238 0.625966907 0
vt -7.50000668 1.25096905 0
vt -7.50000811 1.12596679 0
vt -7.50000525 1.00096989 0
vt -7.50000286 0.875973105 0
vt -7.50000429 0.750970483 0
vt -7.50000525 0.625968099 0
vt -7.62500477 1.25097132 0
vt -7.6250062 1.12596869 0
vt -7.62500334 1.00097203 0
vt -7.62500429 0.87596941 0
vt -7.62500572 0.750966907 0
vt -7.62500286 0.625970185 0
vt -7.75000238 1.25097322 0
vt -7.75000668 1.12596512 0
vt -7.75000429 1.00096834 0
vt -7.75000191 0.875971556 0
vt -7.75000286 0.750969112 0
vt -7.75000525 0.625971258 0
vt -7.87500381 1.25096965 0
vt -7.87500525 1.12596738 0
vt -7.87500286 1.00097036 0
vt -7.87500429 0.875972748 0
vt -7.87500095 0.750971079 0
vt -7.87500238 0.625968695 0
vt -8.00000572 1.25096607 0
vt -8.00000286 1.12596929 0
vt -8.00000095 1.00097263 0
vt -8.00000095 0.875970066 0
vt -8.00000286 0.750967562 0
vt -8.00000381 0.625969827 0
vt -11.7499971 0.000939153251 0
vt -11.7499924 0.125943735 0
vt -11.8749952 0.125942647 0
vt -11.8749981 0.000936455675 0
vt -11.9999962 0.12593998 0
vt -11.9999981 0.00093380193 0
vt -12.1249981 0.125938892 0
vt -12.1249943 0.000940510479 0
vt -12.2499981 0.12593621 0
vt -12.2499933 0.000937846256 0
vt -12.374999 0.125933528 0
vt -12.3749962 0.000936741417 0
vt -12.4999943 0.125940591 0
vt -12.4999971 0.000934087962 0
vt 0 0.000979798031 0
vt -9.47793069e-06 0.125968784 0
vt -0.125009626 0.125966117 0
vt -0.125005379 0.000967739848 0
vt -0.249998212 0.125980631 0
vt -0.250002742 0.000976035837 0
vt -0.375003755 0.125968397 0
vt -0.375008136 0.000963977771 0
vt -0.500000954 0.125976875 0
vt -0.500005305 0.00097245042 0
vt -0.625006557 0.125964627 0
vt -0.62500596 0.000969935209 0
vt -0.750004053 0.125973433 0
vt -0.749999464 0.00097472925 0
vt -0.875009418 0.125961378 0
vt -0.875001729 0.000973991293 0
vt -0.999997735 0.125975564 0
vt -1.00000203 0.000971144182 0
vt -1.12500012 0.12597464 0
vt -1.12500274 0.000968628912 0
vt -1.25000083 0.125972137 0
vt -1.25 0.000977102201 0
vt -1.3750031 0.125971034 0
vt -1.37500536 0.000964866427 0
vt -1.50000346 0.125968367 0
vt -1.49999595 0.000981309451 0
vt -1.62500381 0.125965849 0
vt -1.62500131 0.000969073561 0
vt -1.74999416 0.125982136 0
vt -1.7499969 0.000975961913 0
vt -1.87499964 0.125969902 0
vt -1.87500405 0.000965318526 0
vt -1.99999511 0.125976801 0
vt -1.99999952 0.000972199428 0
vt -2.12500238 0.125966311 0
vt -2.125 0.000969524321 0
vt -2.24999785 0.12597318 0
vt -2.24999547 0.000976405223 0
vt -2.37500334 0.125960797 0
vt -2.37499571 0.000973573653 0
vt -2.4999938 0.125977233 0
vt -2.49999642 0.000970893831 0
vt -2.62499404 0.125974551 0
vt -2.62499857 0.000970147725 0
vt -2.75000167 0.125964075 0
vt -2.75000405 0.000957904442 0
vt -2.8749969 0.125970796 0
vt -2.87500119 0.000966383901 0
vt -3.00000238 0.125958741 0
vt -3 0.000961961225 0
vt -3.12499976 0.125967205 0
vt -3.12499547 0.000968842127 0
vt -3.24999833 0.125962943 0
vt -3.24999785 0.000967830594 0
vt -3.3749938 0.125969648 0
vt -3.37499833 0.000965148036 0
vt -3.50000119 0.125959098 0
vt -3.49999857 0.000962316466 0
vt -3.62499666 0.125965893 0
vt -3.62499595 0.000970947673 0
vt -3.74999905 0.125965059 0
vt -3.74999452 0.000966522261 0
vt -3.87499928 0.125962377 0
vt -3.87499189 0.000975153467 0
vt -3.99999285 0.125967264 0
vt -3.99999714 0.000962761114 0
vt -4.12499046 0.125975892 0
vt -4.12499237 0.000969639339 0
vt -4.24999571 0.125963748 0
vt -4.25 0.000959243102 0
vt -4.37499285 0.125972316 0
vt -4.37499571 0.000965962885 0
vt -4.49999857 0.125960067 0
vt -4.49999428 0.000961532758 0
vt -4.6249938 0.125966862 0
vt -4.62499142 0.000970086723 0
vt -4.74999428 0.125964195 0
vt -4.74999189 0.000967414293 0
vt -4.87499475 0.125961438 0
vt -4.8749938 0.000966404798 0
vt -4.99999714 0.125960514 0
vt -4.99999475 0.000963695173 0
vt -5.12499237 0.125967309 0
vt -5.12499714 0.000962773047 0
vt -5.24999332 0.125964642 0
vt -5.24999046 0.000967856264 0
vt -5.37499523 0.125963673 0
vt -5.37499094 0.000965228537 0
vt -5.49998903 0.125968769 0
vt -5.49999332 0.000964224455 0
vt -5.62499094 0.125967801 0
vt -5.6249938 0.000961501908 0
vt -5.74999142 0.125965074 0
vt -5.74999619 0.000960535137 0
vt -5.87499428 0.12596412 0
vt -5.87499666 0.000957847806 0
vt -5.99999475 0.125961423 0
vt -5.99998999 0.000962916121 0
vt -6.12499475 0.125958726 0
vt -6.12498713 0.000971484988 0
vt -6.24999046 0.125965551 0
vt -6.2499876 0.000968790264 0
vt -6.37499046 0.125962839 0
vt -6.37499046 0.000967823435 0
vt -6.49999332 0.1259619 0
vt -6.49999094 0.000965158513 0
vt -6.62498856 0.125968695 0
vt -6.62499285 0.000964186213 0
vt -6.74999094 0.125967741 0
vt -6.74999142 0.000959741184 0
vt -6.87499619 0.125955507 0
vt -6.87499237 0.000957024109 0
vt -6.99998951 0.125960603 0
vt -6.99999428 0.00095607416 0
vt -7.12499237 0.12595962 0
vt -7.12498999 0.000962834922 0
vt -7.24999285 0.125956818 0
vt -7.24999237 0.000961871818 0
vt -7.37499523 0.125955924 0
vt -7.37499237 0.000959152996 0
vt -7.49999571 0.125953257 0
vt -7.49998808 0.000965999381 0
vt -7.62499285 0.125961721 0
vt -7.62498856 0.000963196624 0
vt -7.74998617 0.125966787 0
vt -7.74998903 0.000960436824 0
vt -7.87498713 0.125964105 0
vt -7.87499142 0.000959510973 0
vt -7.99998903 0.125963166 0
vt -7.99999189 0.000956834876 0
vt -8.12498951 0.12596041 0
vt -8.12499428 0.000955825322 0
vt -8.24999714 0.125949934 0
vt -8.2499876 0.000960962439 0
vt -8.37499714 0.125947177 0
vt -8.37499046 0.000959958357 0
vt -8.49999332 0.125954062 0
vt -8.49999046 0.00095728226 0
vt -8.6249876 0.125960857 0
vt -8.62499237 0.000956267235 0
vt -8.74999142 0.125960022 0
vt -8.74999332 0.000953591138 0
vt -8.87499142 0.125957191 0
vt -8.87499332 0.00095101929 0
vt -8.99999142 0.125954509 0
vt -8.99998951 0.000957906712 0
vt -9.12499428 0.1259536 0
vt -9.12498951 0.000955230556 0
vt -11.7499962 0.250940353 0
vt -11.8749962 0.250937849 0
vt -11.9999933 0.250946492 0
vt -12.1249933 0.250943482 0
vt -12.2499962 0.250942737 0
vt -12.3750019 0.250930309 0
vt -12.4999962 0.250937372 0
vt -4.94995948e-06 0.250973344 0
vt -0.125005096 0.250970721 0
vt -0.250007689 0.250969589 0
vt -0.375008196 0.250967264 0
vt -0.500001669 0.250972033 0
vt -0.625004113 0.250971138 0
vt -0.749999583 0.250978023 0
vt -0.875005126 0.250965774 0
vt -1.00000226 0.250974268 0
vt -1.12500083 0.250969827 0
vt -1.24999809 0.250978291 0
vt -1.37500358 0.250966072 0
vt -1.49999905 0.250972956 0
vt -1.62500143 0.250972033 0
vt -1.75000167 0.250969529 0
vt -1.87500215 0.250966698 0
vt -1.99999762 0.250973582 0
vt -2.12499785 0.2509709 0
vt -2.24999523 0.250979543 0
vt -2.37500072 0.250967115 0
vt -2.49999619 0.250974029 0
vt -2.62499666 0.250971347 0
vt -2.74999213 0.250978231 0
vt -2.87499762 0.250965834 0
vt -2.99999976 0.25096491 0
vt -3.12500048 0.250962228 0
vt -3.25000072 0.250959545 0
vt -3.37499809 0.250968009 0
vt -3.49999666 0.250963598 0
vt -3.62499404 0.250972211 0
vt -3.74999952 0.250959992 0
vt -3.87499499 0.250966877 0
vt -4.00000238 0.250956327 0
vt -4.12499094 0.25097093 0
vt -4.24999332 0.250970006 0
vt -4.37499332 0.250967234 0
vt -4.4999938 0.250964582 0
vt -4.62499619 0.250963569 0
vt -4.74999666 0.250960916 0
vt -4.87499428 0.25096944 0
vt -4.99999285 0.250965029 0
vt -5.12499285 0.250962287 0
vt -5.24999523 0.250961393 0
vt -5.37499619 0.250958711 0
vt -5.49999857 0.250957727 0
vt -5.6249938 0.250964552 0
vt -5.74998903 0.250971377 0
vt -5.87498951 0.250968665 0
vt -5.99998999 0.250965983 0
vt -6.12499237 0.250965029 0
vt -6.24999285 0.250962287 0
vt -6.37499523 0.250961334 0
vt -6.49998856 0.25096643 0
vt -6.62499094 0.250965446 0
vt -6.74999189 0.250962764 0
vt -6.87499189 0.250960052 0
vt -6.99999428 0.250959039 0
vt -7.12499475 0.250956386 0
vt -7.24998999 0.250963241 0
vt -7.37499094 0.250960439 0
vt -7.49999332 0.250959516 0
vt -7.62499332 0.250956774 0
vt -7.74999571 0.25095576 0
vt -7.87499619 0.250953048 0
vt -7.99998999 0.250958115 0
vt -8.12498665 0.250966698 0
vt -8.24999237 0.250954509 0
vt -8.37499523 0.250953496 0
vt -8.49999523 0.250950843 0
vt -8.62499809 0.250949919 0
vt -8.74999046 0.250954896 0
vt -8.87499332 0.250953972 0
vt -8.99999428 0.25095129 0
vt -9.12499142 0.250959933 0
vt -11.75 0.375938743 0
vt -11.875001 0.37593621 0
vt -11.9999933 0.375941008 0
vt -12.1249962 0.375940233 0
vt -12.2499962 0.375937611 0
vt -12.374999 0.375936478 0
vt -12.5 0.375934154 0
vt -4.21539028e-07 0.375977963 0
vt -0.12500757 0.375967503 0
vt -0.250003159 0.375974208 0
vt -0.375008523 0.375962168 0
vt -0.50000596 0.375970453 0
vt -0.625004292 0.375966191 0
vt -0.749999881 0.375972897 0
vt -0.875002325 0.375971973 0
vt -1.00000262 0.375969142 0
vt -1.12500334 0.375966638 0
vt -1.25000048 0.375975102 0
vt -1.37499905 0.375970662 0
vt -1.49999642 0.375979304 0
vt -1.62500203 0.375967085 0
vt -1.74999738 0.37597394 0
vt -1.87500453 0.375963449 0
vt -2 0.375970364 0
vt -2.12499857 0.375965923 0
vt -2.24999595 0.375974566 0
vt -2.37499619 0.375971735 0
vt -2.49999881 0.375970811 0
vt -2.62499905 0.375968099 0
vt -2.74999452 0.375975013 0
vt -2.87499499 0.375972182 0
vt -3.00000048 0.375959933 0
vt -3.12499595 0.375966847 0
vt -3.24999833 0.375965893 0
vt -3.37499881 0.375963211 0
vt -3.50000095 0.375962138 0
vt -3.62499452 0.375967294 0
vt -3.74999499 0.375964582 0
vt -3.87499237 0.375973046 0
vt -3.99999785 0.375960916 0
vt -4.12499523 0.37596938 0
vt -4.25000095 0.375957221 0
vt -4.37499142 0.375973493 0
vt -4.49999666 0.375961363 0
vt -4.62499189 0.375968158 0
vt -4.74999428 0.375967175 0
vt -4.87499428 0.375964463 0
vt -4.99999714 0.375963539 0
vt -5.12499046 0.375968605 0
vt -5.24999094 0.375965923 0
vt -5.37499332 0.375964969 0
vt -5.4999938 0.375962257 0
vt -5.62499619 0.375961274 0
vt -5.74999666 0.375958562 0
vt -5.87499189 0.375965416 0
vt -5.99999237 0.375962734 0
vt -6.12499285 0.375960022 0
vt -6.24998999 0.375968546 0
vt -6.37499094 0.375965863 0
vt -6.49999332 0.37596491 0
vt -6.62499332 0.375962228 0
vt -6.74998903 0.375969023 0
vt -6.87498903 0.37596637 0
vt -6.99999475 0.375954121 0
vt -7.12499237 0.375962675 0
vt -7.24999285 0.375959903 0
vt -7.37499475 0.375958949 0
vt -7.49998856 0.375964016 0
vt -7.62499094 0.375963032 0
vt -7.74999142 0.375960261 0
vt -7.8749938 0.375959396 0
vt -7.99999428 0.375956744 0
vt -8.12499714 0.375955641 0
vt -8.24998951 0.375960767 0
vt -8.37499046 0.375957996 0
vt -8.49999237 0.375957102 0
vt -8.62499332 0.375954419 0
vt -8.74999619 0.375953496 0
vt -8.87499619 0.375950664 0
vt -8.99999142 0.375957638 0
vt -9.12499142 0.375954777 0
vt -11.7499952 0.500943303 0
vt -11.8749981 0.500942409 0
vt -11.999999 0.500939906 0
vt -12.125001 0.500938952 0
vt -12.2499943 0.50094372 0
vt -12.3749962 0.500943005 0
vt -12.5000019 0.500930548 0
vt -9.89991895e-06 0.500966907 0
vt -0.12500304 0.500972033 0
vt -0.249998659 0.500978768 0
vt -0.375006169 0.500968635 0
vt -0.500001371 0.500975013 0
vt -0.625006795 0.500962973 0
vt -0.75000453 0.500971556 0
vt -0.87500304 0.500967145 0
vt -0.999998331 0.50097388 0
vt -1.12500584 0.50096339 0
vt -1.25000107 0.500970125 0
vt -1.37500346 0.500969172 0
vt -1.50000393 0.500966489 0
vt -1.6249975 0.500971615 0
vt -1.74999464 0.500980139 0
vt -1.87500024 0.50096786 0
vt -1.99999559 0.500974774 0
vt -2.1250031 0.500964284 0
vt -2.24999857 0.500971138 0
vt -2.3749969 0.500966549 0
vt -2.49999428 0.500975251 0
vt -2.62499976 0.500963151 0
vt -2.74999738 0.500971615 0
vt -2.87499738 0.500968754 0
vt -3 0.500967801 0
vt -3.12499332 0.500973165 0
vt -3.24999881 0.500960886 0
vt -3.37499619 0.50096941 0
vt -3.50000167 0.500957131 0
vt -3.62499714 0.500964046 0
vt -3.74999952 0.500963092 0
vt -3.87499285 0.500968099 0
vt -3.99999523 0.500967145 0
vt -4.12499571 0.500964403 0
vt -4.24999619 0.500961721 0
vt -4.37499332 0.500970304 0
vt -4.49999905 0.500958025 0
vt -4.62498951 0.500974417 0
vt -4.74999475 0.500962257 0
vt -4.87499237 0.500970721 0
vt -4.99999762 0.500958622 0
vt -5.12499285 0.500965357 0
vt -5.24999571 0.500964463 0
vt -5.37498903 0.50096947 0
vt -5.49999142 0.500968516 0
vt -5.62499142 0.500965834 0
vt -5.7499938 0.50096482 0
vt -5.87499475 0.500962198 0
vt -5.99999523 0.500959516 0
vt -6.12499046 0.500966311 0
vt -6.24999094 0.500963569 0
vt -6.37499285 0.500962615 0
vt -6.4999938 0.500959873 0
vt -6.62499619 0.500958979 0
vt -6.74999142 0.500965774 0
vt -6.87498713 0.500972629 0
vt -6.99999237 0.50096035 0
vt -7.12499285 0.500957668 0
vt -7.24999523 0.500956714 0
vt -7.37499571 0.500954032 0
vt -7.49999809 0.500953078 0
vt -7.62499142 0.500958025 0
vt -7.74998856 0.500966609 0
vt -7.87498951 0.500963926 0
vt -7.99999189 0.500962913 0
vt -8.12499237 0.500960231 0
vt -8.24999523 0.500959218 0
vt -8.37499237 0.500954807 0
vt -8.49999332 0.500952125 0
vt -8.62499523 0.500951171 0
vt -8.74999142 0.500958085 0
vt -8.87499428 0.500957012 0
vt -8.99999428 0.50095433 0
vt -9.12499714 0.500953317 0
vt -11.7499981 0.625940084 0
vt -11.875 0.62593919 0
vt -12.000001 0.625936687 0
vt -12.1249962 0.625943542 0
vt -12.2499981 0.625942111 0
vt -12.374999 0.625939727 0
vt -12.499999 0.625936747 0
vt -5.37173128e-06 0.625971556 0
vt -0.125011057 0.625959098 0
vt -0.250008136 0.625967741 0
vt -0.375001937 0.625972867 0
vt -0.500002086 0.625970244 0
vt -0.625004709 0.625969112 0
vt -0.750004828 0.625966489 0
vt -0.875005364 0.625964105 0
vt -1.00000286 0.625972271 0
vt -1.12500143 0.625967801 0
vt -1.24999857 0.625976264 0
vt -1.37500405 0.625964224 0
vt -1.49999964 0.62597096 0
vt -1.62500691 0.625960648 0
vt -1.7500025 0.625967383 0
vt -1.87499774 0.625974059 0
vt -1.99999833 0.625971377 0
vt -2.12499857 0.625968695 0
vt -2.25000095 0.625967979 0
vt -2.37500119 0.625965118 0
vt -2.49999666 0.625971973 0
vt -2.62499738 0.625969291 0
vt -2.74999261 0.625976205 0
vt -2.875 0.625965536 0
vt -2.99999547 0.62597245 0
vt -3.12500095 0.625960231 0
vt -3.24999833 0.625968874 0
vt -3.37499166 0.625973821 0
vt -3.49999714 0.625961781 0
vt -3.62499475 0.625970185 0
vt -3.75 0.625958145 0
vt -3.87499738 0.625966728 0
vt -4.00000286 0.62595439 0
vt -4.12499332 0.625970662 0
vt -4.2499938 0.625968039 0
vt -4.3749938 0.625965297 0
vt -4.49999619 0.625964284 0
vt -4.62499666 0.625961602 0
vt -4.74999952 0.625960708 0
vt -4.87498808 0.62597537 0
vt -4.99999332 0.625963032 0
vt -5.12499046 0.625971735 0
vt -5.24999571 0.625959396 0
vt -5.37499332 0.625967979 0
vt -5.49999905 0.625955701 0
vt -5.62498951 0.625972152 0
vt -5.74998951 0.62596941 0
vt -5.87499189 0.625968456 0
vt -5.99999237 0.625965774 0
vt -6.12499285 0.625962973 0
vt -6.24999523 0.625962079 0
vt -6.37498856 0.625967145 0
vt -6.49999094 0.625966191 0
vt -6.62499142 0.625963509 0
vt -6.74999428 0.625962496 0
vt -6.87499428 0.625959873 0
vt -6.99999666 0.62595886 0
vt -7.12499046 0.625963926 0
vt -7.24999046 0.625961185 0
vt -7.37499332 0.62596029 0
vt -7.4999938 0.625957668 0
vt -7.62499571 0.625956655 0
vt -7.74999619 0.625953853 0
vt -7.87499189 0.625960708 0
vt -7.99999189 0.625958025 0
vt -8.12499428 0.625957072 0
vt -8.24999046 0.625963867 0
vt -8.37499237 0.625962853 0
vt -8.49999809 0.625950575 0
vt -8.62499142 0.625955701 0
vt -8.74999332 0.625954807 0
vt -8.87499428 0.625951946 0
vt -8.99999714 0.625951052 0
vt -9.12499714 0.62594837 0
vt -11.7500029 0.750938594 0
vt -11.8750029 0.750935793 0
vt -11.9999981 0.750942647 0
vt -12.124999 0.750939846 0
vt -12.249999 0.750937283 0
vt -12.3750019 0.750936389 0
vt -12.5000019 0.750933528 0
vt -8.43760461e-07 0.750976086 0
vt -0.125008315 0.750965297 0
vt -0.250003606 0.750972331 0
vt -0.375009269 0.750959933 0
vt -0.500006318 0.750968575 0
vt -0.625005007 0.750963986 0
vt -0.750002444 0.750972986 0
vt -0.875002921 0.750969946 0
vt -1.00000322 0.750967443 0
vt -1.12500584 0.750966311 0
vt -1.24999917 0.750971317 0
vt -1.37499964 0.750968635 0
vt -1.49999702 0.750977278 0
vt -1.6250025 0.750964999 0
vt -1.74999785 0.750971735 0
vt -1.87500536 0.750961244 0
vt -2.00000072 0.750968158 0
vt -2.12500119 0.750965476 0
vt -2.24999666 0.75097239 0
vt -2.37499666 0.750969708 0
vt -2.49999928 0.750968754 0
vt -2.62499976 0.750966072 0
vt -2.74999499 0.750972986 0
vt -2.87499547 0.750970185 0
vt -2.99999094 0.750977039 0
vt -3.12499833 0.750966549 0
vt -3.2499938 0.750973403 0
vt -3.37499928 0.750961006 0
vt -3.49999666 0.750969648 0
vt -3.62499499 0.750965238 0
vt -3.74999762 0.750964344 0
vt -3.87499285 0.750971138 0
vt -3.99999833 0.75095886 0
vt -4.12499571 0.750967443 0
vt -4.24999428 0.750963032 0
vt -4.37499189 0.750971496 0
vt -4.49999714 0.750959337 0
vt -4.62499428 0.75096786 0
vt -4.74999952 0.75095576 0
vt -4.87499714 0.750964224 0
vt -4.99999762 0.750961661 0
vt -5.12499142 0.750966609 0
vt -5.24999332 0.750965714 0
vt -5.37498903 0.750972509 0
vt -5.49999619 0.750962079 0
vt -5.62499142 0.750968814 0
vt -5.74999905 0.750958383 0
vt -5.8749876 0.750972927 0
vt -5.99999285 0.750960767 0
vt -6.12499523 0.750959754 0
vt -6.24999619 0.750957072 0
vt -6.37499332 0.750965655 0
vt -6.4999938 0.750962913 0
vt -6.62498903 0.750969768 0
vt -6.74998951 0.750967085 0
vt -6.87499189 0.750966132 0
vt -6.99999237 0.75096333 0
vt -7.12499475 0.750962436 0
vt -7.24999523 0.750959694 0
vt -7.37499046 0.750966549 0
vt -7.49999094 0.750963807 0
vt -7.62499189 0.750961185 0
vt -7.7499938 0.750960171 0
vt -7.87499428 0.750957489 0
vt -7.99999619 0.750956416 0
vt -8.12499046 0.750961483 0
vt -8.24999237 0.750960648 0
vt -8.37499332 0.750957847 0
vt -8.49999523 0.750956893 0
vt -8.62499523 0.750954092 0
vt -8.74999809 0.750953138 0
vt -8.87499142 0.750958323 0
vt -8.99999428 0.75095737 0
vt -9.12499428 0.750954688 0
vt -11.7499971 0.875943244 0
vt -11.875 0.87594229 0
vt -12.000001 0.875939488 0
vt -12.1250029 0.875938535 0
vt -12.2499971 0.875943482 0
vt -12.3749981 0.875942528 0
vt -12.5 0.875940025 0
vt -3.63680238e-06 0.875972569 0
vt -0.125003785 0.875969887 0
vt -0.25000459 0.875967205 0
vt -0.375006884 0.87596643 0
vt -0.500002086 0.875972867 0
vt -0.625009656 0.875962734 0
vt -0.749997675 0.875977397 0
vt -0.875003397 0.875964999 0
vt -1.0000006 0.875973821 0
vt -1.12500632 0.875961423 0
vt -1.25000155 0.875968099 0
vt -1.37500405 0.875967205 0
vt -1.4999975 0.875972271 0
vt -1.62499797 0.875969648 0
vt -1.75000024 0.875968516 0
vt -1.87500072 0.875965893 0
vt -1.99999821 0.875974476 0
vt -2.12500358 0.875962257 0
vt -2.24999213 0.87597692 0
vt -2.37499952 0.875966311 0
vt -2.49999475 0.875973344 0
vt -2.62500215 0.875962853 0
vt -2.74999762 0.875969768 0
vt -2.87499785 0.875966966 0
vt -2.99999332 0.875973821 0
vt -3.1249938 0.875971138 0
vt -3.24999428 0.875968456 0
vt -3.37499666 0.875967443 0
vt -3.49999213 0.875974298 0
vt -3.62499952 0.875963748 0
vt -3.74999809 0.875959337 0
vt -3.87499523 0.87596792 0
vt -3.99999571 0.875965178 0
vt -4.12499619 0.875962436 0
vt -4.24999857 0.875961423 0
vt -4.3749938 0.875968337 0
vt -4.49999475 0.875965655 0
vt -4.62498999 0.87597239 0
vt -4.74999523 0.875960231 0
vt -4.87499285 0.875968814 0
vt -4.99999809 0.875956535 0
vt -5.12499523 0.875965118 0
vt -5.24999428 0.875960708 0
vt -5.37499142 0.875969291 0
vt -5.49999189 0.875966609 0
vt -5.62499428 0.875965595 0
vt -5.74999428 0.875962913 0
vt -5.87499189 0.875971496 0
vt -5.99999762 0.875959277 0
vt -6.12498808 0.875975609 0
vt -6.24999332 0.87596333 0
vt -6.3749938 0.875960708 0
vt -6.49999619 0.875959694 0
vt -6.62499666 0.875957012 0
vt -6.74999905 0.875955999 0
vt -6.8749876 0.875970662 0
vt -6.99998951 0.875969648 0
vt -7.12498999 0.875966907 0
vt -7.24999762 0.875956476 0
vt -7.37499809 0.875953794 0
vt -7.50000048 0.87595278 0
vt -7.6249938 0.875957966 0
vt -7.74999475 0.875955164 0
vt -7.87499189 0.875963807 0
vt -7.99999189 0.875961065 0
vt -8.12499428 0.875959933 0
vt -8.24999523 0.875957429 0
vt -8.37499046 0.875964165 0
vt -8.49999142 0.875961542 0
vt -8.62499809 0.875950754 0
vt -8.74999905 0.875948131 0
vt -8.87499619 0.875956714 0
vt -8.99999619 0.875954092 0
vt -9.12499237 0.875960886 0
vt -11.750001 1.00093997 0
vt -11.8750029 1.00093901 0
vt -12.0000029 1.00093627 0
vt -12.1250038 1.00093341 0
vt -12.250001 1.00094211 0
vt -12.3750019 1.00093937 0
vt -12.4999962 1.00094628 0
vt -6.1116657e-06 1.00096941 0
vt -0.125011489 1.00095725 0
vt -0.250001848 1.00097334 0
vt -0.375002354 1.00097096 0
vt -0.50000459 1.00096965 0
vt -0.625005066 1.00096726 0
vt -0.750005245 1.00096452 0
vt -0.875007868 1.00096345 0
vt -0.999996066 1.00097835 0
vt -1.12500179 1.00096595 0
vt -1.24999881 1.00097454 0
vt -1.37500453 1.00096214 0
vt -1.50000191 1.00097084 0
vt -1.62500751 1.00095856 0
vt -1.74999571 1.00097311 0
vt -1.87499821 1.00097227 0
vt -1.99999857 1.00096953 0
vt -2.12499905 1.00096691 0
vt -2.25000167 1.00096595 0
vt -2.37500191 1.00096309 0
vt -2.49999237 1.00097954 0
vt -2.62499785 1.00096726 0
vt -2.74999332 1.00097418 0
vt -2.87500048 1.00096369 0
vt -2.99999595 1.00097048 0
vt -3.12500143 1.00095844 0
vt -3.24999166 1.00097454 0
vt -3.37499237 1.00097179 0
vt -3.49999452 1.00097084 0
vt -3.62499499 1.00096834 0
vt -3.74999738 1.00096738 0
vt -3.87499785 1.00096464 0
vt -3.99999642 1.00096023 0
vt -4.1249938 1.00096881 0
vt -4.24999905 1.00095654 0
vt -4.37499666 1.00096512 0
vt -4.49999714 1.00096238 0
vt -4.62499762 1.00095963 0
vt -4.74999285 1.00096643 0
vt -4.87499332 1.00096381 0
vt -4.99999571 1.00096285 0
vt -5.12499094 1.00096965 0
vt -5.24999809 1.00095916 0
vt -5.3749938 1.00096607 0
vt -5.49999428 1.00096333 0
vt -5.62498999 1.00097013 0
vt -5.74999523 1.00095785 0
vt -5.87499237 1.00096643 0
vt -5.99999285 1.00096381 0
vt -6.12499571 1.00096285 0
vt -6.24998903 1.00096786 0
vt -6.37499142 1.00096691 0
vt -6.49999142 1.00096428 0
vt -6.6249938 1.00096321 0
vt -6.74999475 1.00096059 0
vt -6.87499714 1.00095963 0
vt -6.99999714 1.00095689 0
vt -7.12499285 1.00096369 0
vt -7.24999285 1.00096095 0
vt -7.37499571 1.00096011 0
vt -7.49999619 1.00095737 0
vt -7.62499857 1.00095654 0
vt -7.74999857 1.00095367 0
vt -7.87499428 1.00096059 0
vt -7.99999475 1.00095773 0
vt -8.12499523 1.00095522 0
vt -8.24999714 1.00095403 0
vt -8.37499237 1.00096083 0
vt -8.49999523 1.00095987 0
vt -8.62498951 1.000965 0
vt -8.74999619 1.00095439 0
vt -8.87499714 1.00095177 0
vt -9 1.00095081 0
vt -9.12499905 1.00094819 0
vt -11.7500048 1.12593842 0
vt -11.874999 1.12594366 0
vt -12.000001 1.12594271 0
vt -12.125001 1.12593997 0
vt -12.250001 1.1259371 0
vt -12.3750038 1.12593615 0
vt -12.5000048 1.12593365 0
vt -3.35863024e-06 1.12597549 0
vt -0.125008732 1.12596345 0
vt -0.250004321 1.12597013 0
vt -0.375011832 1.12595999 0
vt -0.500000238 1.1259743 0
vt -0.625005662 1.12596226 0
vt -0.75000298 1.1259706 0
vt -0.875008345 1.12595856 0
vt -1.00000358 1.1259656 0
vt -1.1250062 1.1259644 0
vt -1.24999964 1.12596929 0
vt -1.37500203 1.12596858 0
vt -1.49999762 1.12597525 0
vt -1.62500298 1.12596309 0
vt -1.75000036 1.12597144 0
vt -1.87500572 1.1259594 0
vt -1.99999428 1.12597394 0
vt -2.12500167 1.12596369 0
vt -2.24999714 1.12597036 0
vt -2.37500238 1.12595809 0
vt -2.49999976 1.12596667 0
vt -2.62500024 1.12596405 0
vt -2.74999571 1.12597096 0
vt -2.87499595 1.1259681 0
vt -2.99999356 1.1259768 0
vt -3.12499905 1.12596452 0
vt -3.24999428 1.12597132 0
vt -3.37500191 1.12596083 0
vt -3.49998999 1.12597549 0
vt -3.62499571 1.12596321 0
vt -3.74999285 1.12597179 0
vt -3.87499833 1.12595975 0
vt -3.99999571 1.12596822 0
vt -4.12499619 1.12596571 0
vt -4.24999666 1.12596297 0
vt -4.37499237 1.12596977 0
vt -4.49999762 1.12595737 0
vt -4.62499475 1.12596595 0
vt -4.75000048 1.12595379 0
vt -4.87499809 1.12596226 0
vt -4.99999142 1.12596738 0
vt -5.1249938 1.12596643 0
vt -5.2499938 1.12596369 0
vt -5.37499619 1.12596273 0
vt -5.49999666 1.12595999 0
vt -5.6249938 1.12596858 0
vt -5.74999285 1.12596416 0
vt -5.87498999 1.12597275 0
vt -5.99999523 1.12596059 0
vt -6.12499285 1.12596917 0
vt -6.24999857 1.12595677 0
vt -6.3749938 1.12596357 0
vt -6.49998951 1.12597048 0
vt -6.62498951 1.12596774 0
vt -6.74999189 1.12596679 0
vt -6.87499237 1.12596416 0
vt -6.99999475 1.12596309 0
vt -7.12499523 1.12596047 0
vt -7.24999094 1.12596726 0
vt -7.37499094 1.12596464 0
vt -7.49999332 1.12596357 0
vt -7.62499428 1.12596095 0
vt -7.74999619 1.12595987 0
vt -7.87499666 1.12595737 0
vt -7.99999905 1.1259563 0
vt -8.12499237 1.1259613 0
vt -8.24999428 1.12596047 0
vt -8.37499523 1.12595761 0
vt -8.49999714 1.12595677 0
vt -8.62499809 1.12595403 0
vt -8.74999905 1.12595117 0
vt -8.87499428 1.12595797 0
vt -8.99999523 1.12595534 0
vt -9.12499714 1.12595439 0
vt -11.75 1.25094271 0
vt -11.8750029 1.25094187 0
vt -12.0000038 1.25093925 0
vt -12.1249981 1.25094593 0
vt -12.249999 1.25094342 0
vt -12.375001 1.25094247 0
vt -12.5000019 1.25093973 0
vt -4.05855826e-06 1.25097072 0
vt -0.125004217 1.25096798 0
vt -0.250006795 1.25096703 0
vt -0.375007123 1.2509644 0
vt -0.500002742 1.2509712 0
vt -0.625003099 1.25096858 0
vt -0.74999845 1.25097513 0
vt -0.875003874 1.25096309 0
vt -1.00000131 1.25097156 0
vt -1.12500679 1.25095952 0
vt -1.25000417 1.25096786 0
vt -1.3750025 1.25096357 0
vt -1.49999809 1.25097024 0
vt -1.62500048 1.25096941 0
vt -1.75000083 1.25096655 0
vt -1.87500131 1.25096393 0
vt -1.99999869 1.25097251 0
vt -2.12499714 1.2509681 0
vt -2.24999452 1.25097656 0
vt -2.375 1.25096428 0
vt -2.49999547 1.2509712 0
vt -2.62500286 1.25096071 0
vt -2.74999833 1.25096762 0
vt -2.87499642 1.25096321 0
vt -2.9999938 1.25097179 0
vt -3.12499452 1.25096905 0
vt -3.24999666 1.2509681 0
vt -3.37499738 1.25096536 0
vt -3.49999452 1.25097394 0
vt -3.62499309 1.25096965 0
vt -3.74998832 1.25097632 0
vt -3.87499571 1.25096583 0
vt -3.99999118 1.25097263 0
vt -4.12499857 1.25096214 0
vt -4.24999428 1.25096905 0
vt -4.37499237 1.25096464 0
vt -4.49999523 1.25096357 0
vt -4.62499046 1.25097048 0
vt -4.74999762 1.25095999 0
vt -4.87499332 1.25096679 0
vt -5.00000048 1.25095642 0
vt -5.12499619 1.25096309 0
vt -5.24999666 1.25096047 0
vt -5.37499189 1.25096726 0
vt -5.49999428 1.25096643 0
vt -5.62499475 1.25096357 0
vt -5.74999714 1.25096273 0
vt -5.87499762 1.25095999 0
vt -5.99999332 1.25096679 0
vt -6.12498856 1.25097358 0
vt -6.2499938 1.25096142 0
vt -6.37499094 1.25097001 0
vt -6.49999666 1.25095773 0
vt -6.62499428 1.25096631 0
vt -6.74999237 1.2509619 0
vt -6.87499475 1.25096095 0
vt -6.99999046 1.25096774 0
vt -7.12499237 1.25096679 0
vt -7.24999332 1.25096405 0
vt -7.37499571 1.25096309 0
vt -7.4999938 1.25095856 0
vt -7.62499619 1.25095773 0
vt -7.74999714 1.25095499 0
vt -7.87499952 1.25095403 0
vt -7.99999475 1.25096095 0
vt -8.12499714 1.25095999 0
vt -8.24999809 1.25095725 0
vt -8.37499237 1.25096393 0
vt -8.49999332 1.2509613 0
vt -8.62499523 1.25096011 0
vt -8.74999619 1.25095749 0
vt -8.87500191 1.25094533 0
vt -8.99999905 1.25095391 0
vt -9.12499523 1.25096083 0
vt -11.6250038 0.625935078 0
vt -11.625 0.750939548 0
vt -11.6249971 0.875945747 0
vt -11.6250019 1.0009445 0
vt -11.6250019 1.12593925 0
vt -11.625 1.25094557 0
vt -11.4999971 0.625945568 0
vt -11.5 0.750942349 0
vt -11.4999952 0.875946999 0
vt -11.499999 1.00094533 0
vt -11.5000019 1.12594211 0
vt -11.5 1.25094855 0
vt -11.3749971 0.625948131 0
vt -11.3749971 0.750943303 0
vt -11.3750019 0.875941634 0
vt -11.374999 1.00094819 0
vt -11.374999 1.12594295 0
vt -11.3749971 1.25094938 0
vt -11.2499943 0.625949383 0
vt -11.2499971 0.750946105 0
vt -11.250001 0.875944555 0
vt -11.2500019 1.00093973 0
vt -11.25 1.12594569 0
vt -11.2500038 1.25094402 0
vt -11.124999 0.625942469 0
vt -11.125001 0.75093925 0
vt -11.1249981 0.875945449 0
vt -11.1250019 1.00094223 0
vt -11.1249971 1.12594664 0
vt -11.125001 1.25094509 0
vt -10.9999962 0.625943422 0
vt -11 0.750941753 0
vt -10.9999981 0.875947952 0
vt -10.999999 1.00094318 0
vt -11.0000029 1.12594151 0
vt -11.000001 1.25094783 0
vt -10.8750029 0.625938296 0
vt -10.875 0.750944316 0
vt -10.8749952 0.875948906 0
vt -10.8749981 1.00094569 0
vt -10.875001 1.12594247 0
vt -10.8749981 1.25094879 0
vt -10.750001 0.625939369 0
vt -10.7499981 0.750945508 0
vt -10.7499952 0.875951707 0
vt -10.7500029 1.00093901 0
vt -10.75 1.12594509 0
vt -10.7499971 1.25095177 0
vt -10.625 0.625941873 0
vt -10.6249981 0.750948191 0
vt -10.6249933 0.87595284 0
vt -10.6249971 1.00095141 0
vt -10.625 1.12594807 0
vt -10.6249952 1.25095272 0
vt -10.4999933 0.625952363 0
vt -10.4999952 0.750949144 0
vt -10.499999 0.875947654 0
vt -10.4999952 1.00095224 0
vt -10.4999971 1.12594903 0
vt -10.5000019 1.25094771 0
vt -10.3749924 0.625954986 0
vt -10.375001 0.750944018 0
vt -10.3749971 0.875948608 0
vt -10.3749943 1.00095499 0
vt -10.3749971 1.12595177 0
vt -10.375 1.25094855 0
vt -10.2499914 0.625957727 0
vt -10.25 0.750945091 0
vt -10.2499962 0.875951231 0
vt -10.2499981 1.00094652 0
vt -10.2500019 1.12594485 0
vt -10.249999 1.25095093 0
vt -10.1250019 0.625941455 0
vt -10.1249981 0.750947952 0
vt -10.1249952 0.875952363 0
vt -10.1249971 1.00094914 0
vt -10.125001 1.12594759 0
vt -10.1249971 1.25095212 0
vt -10.000001 0.625944257 0
vt -9.99999714 0.750948906 0
vt -9.99999428 0.875955045 0
vt -10.000001 1.00094223 0
vt -9.99999905 1.12594843 0
vt -9.99999619 1.25095475 0
vt -9.87499905 0.62594521 0
vt -9.87499619 0.750951529 0
vt -9.87499332 0.875957727 0
vt -9.87500095 1.00094497 0
vt -9.87499809 1.12595105 0
vt -9.87499332 1.2509557 0
vt -9.74999809 0.625947893 0
vt -9.74999332 0.750952482 0
vt -9.74999809 0.875950813 0
vt -9.75 1.00094759 0
vt -9.74999523 1.12595212 0
vt -9.75000095 1.25095057 0
vt -9.62499619 0.625948966 0
vt -9.62499332 0.750955105 0
vt -9.62499714 0.875953674 0
vt -9.62499237 1.00095809 0
vt -9.62499619 1.12595487 0
vt -9.62499809 1.25095165 0
vt -9.49999046 0.625961006 0
vt -9.49999714 0.75094825 0
vt -9.49999619 0.875954509 0
vt -9.49999332 1.00096083 0
vt -9.5 1.12594795 0
vt -9.49999809 1.25095427 0
vt -9.37499428 0.625954092 0
vt -9.37499809 0.750950873 0
vt -9.37499523 0.875957131 0
vt -9.37499046 1.00096178 0
vt -9.375 1.12595069 0
vt -9.37499714 1.25095701 0
vt -9.24999428 0.625956833 0
vt -9.24999523 0.750951827 0
vt -9.24999237 0.875958085 0
vt -9.25000191 1.000947 0
vt -9.24999714 1.12595177 0
vt -9.24999428 1.25095797 0
vt -1.1875 2.12499952 0
vt -1.18749988 1.99999988 0
vt -1.06249988 1.99999988 0
vt -1.06250012 2.12499976 0
vt -0.9375 1.99999976 0
vt -0.937499881 2.12499976 0
vt -0.81250006 1.99999976 0
vt -0.81249994 2.12499976 0
vt -0.68750006 1.99999988 0
vt -0.6875 2.12499976 0
vt -0.56249994 1.99999988 0
vt -0.562500119 2.12499976 0
vt -0.437500238 1.99999988 0
vt -0.437500119 2.12499976 0
vt -0.312500089 1.99999988 0
vt -0.31249997 2.12499976 0
vt -0.187500283 1.99999976 0
vt -0.187500224 2.12499976 0
vt -0.062500231 1.99999988 0
vt -0.0625000596 2.12499976 0
vt -1.1875 2.24999976 0
vt -1.06249988 2.24999952 0
vt -0.9375 2.24999976 0
vt -0.81250006 2.24999976 0
vt -0.687500119 2.24999976 0
vt -0.562500119 2.24999976 0
vt -0.4375 2.24999976 0
vt -0.312500238 2.24999976 0
vt -0.187500119 2.24999976 0
vt -0.0625 2.25 0
vt -1.1875 2.37499976 0
vt -1.0625 2.37499976 0
vt -0.93750006 2.375 0
vt -0.81249994 2.375 0
vt -0.68749994 2.375 0
vt -0.5625 2.37499976 0
vt -0.437499911 2.37499976 0
vt -0.312500149 2.37499976 0
vt -0.1875 2.37499976 0
vt -0.0625003055 2.37499976 0
vt -1.18749988 2.49999952 0
vt -1.06249988 2.49999976 0
vt -0.93749994 2.49999976 0
vt -0.8125 2.5 0
vt -0.687500119 2.49999976 0
vt -0.562500179 2.5 0
vt -0.437500209 2.5 0
vt -0.312500089 2.5 0
vt -0.187500298 2.49999976 0
vt -0.0625001937 2.49999976 0
vt -4.93749952 1.625 0
vt -4.93749952 1.5 0
vt -4.81249952 1.5 0
vt -4.81249952 1.625 0
vt -4.68749952 1.50000012 0
vt -4.68749952 1.625 0
vt -4.56249952 1.50000012 0
vt -4.56249952 1.625 0
vt -4.43749952 1.5 0
vt -4.43749952 1.625 0
vt -4.3125 1.50000012 0
vt -4.3125 1.625 0
vt -4.18749952 1.50000012 0
vt -4.18749952 1.625 0
vt -4.06249952 1.5 0
vt -4.06249952 1.625 0
vt -3.9375 1.50000012 0
vt -3.9375 1.625 0
vt -3.81249976 1.50000012 0
vt -3.81249976 1.625 0
vt -3.6875 1.50000012 0
vt -3.6875 1.625 0
vt -3.5625 1.50000012 0
vt -3.5625 1.625 0
vt -3.43749976 1.50000012 0
vt -3.43749976 1.625 0
vt -3.31249976 1.50000012 0
vt -3.31249976 1.625 0
vt -3.18749976 1.50000012 0
vt -3.18749976 1.625 0
vt -3.06249976 1.50000012 0
vt -3.06249976 1.625 0
vt -2.93749976 1.50000012 0
vt -2.93749976 1.625 0
vt -2.81249976 1.50000012 0
vt -2.81249976 1.625 0
vt -2.68749976 1.50000012 0
vt -2.68749976 1.625 0
vt -2.56249976 1.50000012 0
vt -2.56249976 1.625 0
vt -2.43749976 1.50000012 0
vt -2.43749976 1.625 0
vt -2.3125 1.50000012 0
vt -2.31249976 1.625 0
vt -2.1875 1.50000012 0
vt -2.1875 1.625 0
vt -2.0625 1.5 0
vt -2.0625 1.625 0
vt -1.9375 1.50000012 0
vt -1.9375 1.625 0
vt -1.81249976 1.5 0
vt -1.81249976 1.625 0
vt -1.68750012 1.50000012 0
vt -1.68750012 1.625 0
vt -1.56250012 1.5 0
vt -1.56250012 1.625 0
vt -1.4375 1.5 0
vt -1.43750012 1.625 0
vt -1.3125 1.5 0
vt -1.3125 1.62499988 0
vt -1.1875 1.5 0
vt -1.1875 1.62499988 0
vt -4.93749952 1.82499981 0
vt -4.81249952 1.75 0
vt -4.68749952 1.75 0
vt -4.56249952 1.75 0
vt -4.43749952 1.75 0
vt -4.3125 1.75 0
vt -4.1875 1.75 0
vt -4.06249952 1.75 0
vt -3.9375 1.75 0
vt -3.81249976 1.75 0
vt -3.6875 1.75 0
vt -3.5625 1.75 0
vt -3.43749976 1.75000012 0
vt -3.31249976 1.75000012 0
vt -3.18749976 1.75000012 0
vt -3.06249976 1.75000012 0
vt -2.93749976 1.75000012 0
vt -2.81249976 1.75000012 0
vt -2.68749976 1.75000012 0
vt -2.56249976 1.75 0
vt -2.43749976 1.75 0
vt -2.31249976 1.75 0
vt -2.1875 1.75 0
vt -2.0625 1.75 0
vt -1.9375 1.75 0
vt -1.81249976 1.75 0
vt -1.68750012 1.75 0
vt -1.56250012 1.75 0
vt -1.4375 1.75 0
vt -1.3125 1.75 0
vt -1.18750012 1.75 0
vt -4.93749952 1.875 0
vt -4.81249952 1.875 0
vt -4.68749952 1.875 0
vt -4.56249952 1.875 0
vt -4.43749952 1.875 0
vt -4.31249952 1.875 0
vt -4.18749952 1.875 0
vt -4.06249952 1.875 0
vt -3.9375 1.875 0
vt -3.81249976 1.87499988 0
vt -3.6875 1.875 0
vt -3.5625 1.875 0
vt -3.43749976 1.875 0
vt -3.31249976 1.875 0
vt -3.18749976 1.875 0
vt -3.06249976 1.875 0
vt -2.93749976 1.875 0
vt -2.81249976 1.875 0
vt -2.68749976 1.875 0
vt -2.56249976 1.875 0
vt -2.43749976 1.875 0
vt -2.31249976 1.87499988 0
vt -2.1875 1.87499988 0
vt -2.0625 1.87499988 0
vt -1.9375 1.87499988 0
vt -1.8125 1.87499988 0
vt -1.68750012 1.87499988 0
vt -1.56249988 1.87499988 0
vt -1.4375 1.87499988 0
vt -1.3125 1.87499988 0
vt -1.18750012 1.87499988 0
vt -4.93749952 1.99999988 0
vt -4.81249952 1.99999988 0
vt -4.68749952 1.99999988 0
vt -4.56249952 1.99999988 0
vt -4.43749952 1.99999988 0
vt -4.31249952 1.99999988 0
vt -4.1875 1.99999988 0
vt -4.06249952 1.99999988 0
vt -3.9375 1.99999988 0
vt -3.81249976 1.99999988 0
vt -3.6875 1.99999988 0
vt -3.5625 1.99999988 0
vt -3.43749976 1.99999988 0
vt -3.31249976 1.99999988 0
vt -3.18749976 1.99999988 0
vt -3.06249976 1.99999988 0
vt -2.93749976 1.99999988 0
vt -2.81249976 1.99999988 0
vt -2.68749976 1.99999988 0
vt -2.56249976 1.99999988 0
vt -2.43749976 1.99999988 0
vt -2.31249976 1.99999988 0
vt -2.1875 1.99999988 0
vt -2.0625 1.99999988 0
vt -1.9375 2 0
vt -1.8125 2 0
vt -1.68750012 2 0
vt -1.56250012 2 0
vt -1.4375 2 0
vt -1.3125 2 0
vt -1.18750012 2 0
vt -4.93749952 2.12499976 0
vt -4.81249952 2.12499976 0
vt -4.68749952 2.12499976 0
vt -4.5625 2.12499976 0
vt -4.43749952 2.12499976 0
vt -4.3125 2.125 0
vt -4.1875 2.125 0
vt -4.06249952 2.125 0
vt -3.9375 2.125 0
vt -3.81249976 2.125 0
vt -3.6875 2.125 0
vt -3.5625 2.125 0
vt -3.43749976 2.125 0
vt -3.31249976 2.125 0
vt -3.18749976 2.125 0
vt -3.06249976 2.125 0
vt -2.93749976 2.125 0
vt -2.81249976 2.125 0
vt -2.68749976 2.125 0
vt -2.56249976 2.125 0
vt -2.43749976 2.125 0
vt -2.31249976 2.125 0
vt -2.1875 2.125 0
vt -2.0625 2.125 0
vt -1.9375 2.125 0
vt -1.8125 2.125 0
vt -1.6875 2.125 0
vt -1.56250012 2.125 0
vt -1.4375 2.125 0
vt -1.3125 2.125 0
vt -1.1875 2.125 0
vt -4.93749952 2.17499971 0
vt -4.81249952 2.24999976 0
vt -4.68749952 2.25 0
vt -4.56249952 2.25 0
vt -4.43749952 2.25 0
vt -4.3125 2.25 0
vt -4.18749952 2.25 0
vt -4.06249952 2.25 0
vt -3.9375 2.25 0
vt -3.81249976 2.25 0
vt -3.6875 2.25 0
vt -3.5625 2.25 0
vt -3.43749976 2.25 0
vt -3.31249976 2.25 0
vt -3.18749976 2.25 0
vt -3.06249976 2.25 0
vt -2.93749976 2.25 0
vt -2.81249976 2.25 0
vt -2.68749976 2.25 0
vt -2.56249976 2.25 0
vt -2.43749976 2.25 0
vt -2.31249976 2.25 0
vt -2.1875 2.25 0
vt -2.0625 2.25 0
vt -1.9375 2.25 0
vt -1.81249976 2.25 0
vt -1.6875 2.25 0
vt -1.56250012 2.25 0
vt -1.4375 2.25 0
vt -1.31250012 2.25 0
vt -1.1875 2.25 0
vt -4.93749952 2.375 0
vt -4.81249952 2.375 0
vt -4.68749952 2.375 0
vt -4.56249952 2.375 0
vt -4.43749952 2.375 0
vt -4.3125 2.375 0
vt -4.1875 2.375 0
vt -4.06249952 2.375 0
vt -3.9375 2.375 0
vt -3.81249976 2.375 0
vt -3.6875 2.375 0
vt -3.5625 2.375 0
vt -3.43749976 2.375 0
vt -3.31249976 2.375 0
vt -3.18749976 2.375 0
vt -3.06249976 2.375 0
vt -2.93749976 2.375 0
vt -2.81249976 2.375 0
vt -2.68749976 2.375 0
vt -2.56249976 2.375 0
vt -2.43749976 2.375 0
vt -2.31249976 2.375 0
vt -2.1875 2.375 0
vt -2.0625 2.375 0
vt -1.9375 2.375 0
vt -1.81249976 2.375 0
vt -1.6875 2.375 0
vt -1.56250012 2.375 0
vt -1.4375 2.375 0
vt -1.3125 2.375 0
vt -1.1875 2.375 0
vt -4.93749952 2.5 0
vt -4.81249952 2.5 0
vt -4.68749952 2.5 0
vt -4.56249952 2.5 0
vt -4.43749952 2.5 0
vt -4.3125 2.5 0
vt -4.1875 2.5 0
vt -4.06249952 2.5 0
vt -3.9375 2.5 0
vt -3.81249976 2.5 0
vt -3.6875 2.5 0
vt -3.5625 2.5 0
vt -3.43749976 2.5 0
vt -3.31249976 2.5 0
vt -3.18749976 2.5 0
vt -3.06249976 2.5 0
vt -2.93749976 2.5 0
vt -2.81249976 2.5 0
vt -2.68749976 2.5 0
vt -2.56249976 2.5 0
vt -2.43749976 2.5 0
vt -2.31249976 2.5 0
vt -2.1875 2.5 0
vt -2.0625 2.5 0
vt -1.9375 2.5 0
vt -1.81249976 2.5 0
vt -1.68750012 2.5 0
vt -1.56250012 2.5 0
vt -1.43749988 2.5 0
vt -1.3125 2.5 0
vt -1.1875 2.5 0
vt -8.68749905 0.125 0
vt -8.68749905 1.14536412e-07 0
vt -8.5625 1.12103926e-07 0
vt -8.5625 0.125 0
vt -8.4375 1.09671419e-07 0
vt -8.4375 0.125 0
vt -8.3125 1.07238918e-07 0
vt -8.3125 0.124999993 0
vt -8.1875 1.04806411e-07 0
vt -8.1875 0.124999993 0
vt -8.0625 1.02373924e-07 0
vt -8.0625 0.124999993 0
vt -7.93749952 9.99414098e-08 0
vt -7.93749952 0.124999985 0
vt -7.8125 9.75089094e-08 0
vt -7.8125 0.124999985 0
vt -7.6875 9.5076409e-08 0
vt -7.6875 0.124999985 0
vt -7.5625 9.26439157e-08 0
vt -7.5625 0.124999978 0
vt -7.4375 9.02114081e-08 0
vt -7.4375 0.124999978 0
vt -7.3125 8.77789077e-08 0
vt -7.3125 0.124999978 0
vt -7.18749952 8.53463931e-08 0
vt -7.18749952 0.12499997 0
vt -7.0625 8.29139069e-08 0
vt -7.0625 0.12499997 0
vt -6.9375 8.04814064e-08 0
vt -6.9375 0.12499997 0
vt -6.8125 7.80488989e-08 0
vt -6.8125 0.124999963 0
vt -6.6875 7.56164056e-08 0
vt -6.6875 0.124999963 0
vt -6.5625 7.31839052e-08 0
vt -6.5625 0.124999963 0
vt -6.4375 7.07513976e-08 0
vt -6.4375 0.124999955 0
vt -6.3125 6.83188901e-08 0
vt -6.3125 0.124999955 0
vt -6.1875 6.58864039e-08 0
vt -6.1875 0.124999955 0
vt -6.0625 6.34538964e-08 0
vt -6.0625 0.124999948 0
vt -5.9375 6.10213888e-08 0
vt -5.9375 0.124999948 0
vt -5.8125 5.85888991e-08 0
vt -5.8125 0.124999948 0
vt -5.6875 5.61563951e-08 0
vt -5.6875 0.124999948 0
vt -5.5625 5.37238911e-08 0
vt -5.5625 0.12499994 0
vt -5.4375 5.12913836e-08 0
vt -5.4375 0.12499994 0
vt -5.3125 4.88588938e-08 0
vt -5.3125 0.12499994 0
vt -5.1875 4.64263898e-08 0
vt -5.1875 0.124999933 0
vt -5.0625 4.39938823e-08 0
vt -5.06250048 0.124999933 0
vt -4.9375 4.15613783e-08 0
vt -4.9375 0.124999933 0
vt -8.68749905 0.250000119 0
vt -8.5625 0.249999881 0
vt -8.4375 0.250000119 0
vt -8.3125 0.250000119 0
vt -8.1875 0.250000119 0
vt -8.0625 0.250000119 0
vt -7.93749952 0.250000119 0
vt -7.8125 0.250000119 0
vt -7.6875 0.250000119 0
vt -7.56249952 0.250000119 0
vt -7.4375 0.250000089 0
vt -7.3125 0.250000089 0
vt -7.18749952 0.250000089 0
vt -7.0625 0.250000089 0
vt -6.9375 0.250000089 0
vt -6.8125 0.250000089 0
vt -6.6875 0.250000089 0
vt -6.5625 0.250000089 0
vt -6.4375 0.250000089 0
vt -6.3125 0.250000089 0
vt -6.1875 0.250000089 0
vt -6.0625 0.250000089 0
vt -5.9375 0.25000006 0
vt -5.8125 0.25000006 0
vt -5.6875 0.249999836 0
vt -5.5625 0.25000006 0
vt -5.4375 0.25000006 0
vt -5.3125 0.249999821 0
vt -5.1875 0.249999821 0
vt -5.0625 0.249999821 0
vt -4.9375 0.249999821 0
vt -8.68749905 0.375000119 0
vt -8.5625 0.375000119 0
vt -8.4375 0.375000119 0
vt -8.3125 0.375000119 0
vt -8.1875 0.375000119 0
vt -8.0625 0.375000119 0
vt -7.93749952 0.375000119 0
vt -7.8125 0.375000119 0
vt -7.6875 0.375000119 0
vt -7.56249952 0.375000119 0
vt -7.4375 0.375000119 0
vt -7.3125 0.375000119 0
vt -7.18749952 0.375000119 0
vt -7.0625 0.375000089 0
vt -6.9375 0.375000089 0
vt -6.8125 0.375000089 0
vt -6.6875 0.375000089 0
vt -6.5625 0.375000089 0
vt -6.4375 0.375000089 0
vt -6.3125 0.375000089 0
vt -6.1875 0.375000089 0
vt -6.0625 0.375000089 0
vt -5.9375 0.375000089 0
vt -5.8125 0.375000089 0
vt -5.6875 0.375000089 0
vt -5.5625 0.37500006 0
vt -5.4375 0.37500006 0
vt -5.3125 0.37500006 0
vt -5.1875 0.37500006 0
vt -5.0625 0.37500006 0
vt -4.9375 0.37500006 0
vt -8.68749905 0.499999911 0
vt -8.5625 0.500000119 0
vt -8.4375 0.499999911 0
vt -8.3125 0.499999881 0
vt -8.1875 0.500000119 0
vt -8.0625 0.499999881 0
vt -7.93749952 0.499999881 0
vt -7.8125 0.499999881 0
vt -7.6875 0.499999881 0
vt -7.56249952 0.499999881 0
vt -7.4375 0.499999881 0
vt -7.3125 0.499999881 0
vt -7.18749952 0.499999881 0
vt -7.0625 0.499999881 0
vt -6.9375 0.499999881 0
vt -6.8125 0.499999851 0
vt -6.6875 0.499999851 0
vt -6.5625 0.499999851 0
vt -6.4375 0.499999851 0
vt -6.3125 0.499999851 0
vt -6.1875 0.499999851 0
vt -6.0625 0.499999851 0
vt -5.9375 0.499999851 0
vt -5.8125 0.499999851 0
vt -5.6875 0.499999851 0
vt -5.5625 0.499999851 0
vt -5.4375 0.499999851 0
vt -5.3125 0.499999851 0
vt -5.1875 0.499999821 0
vt -5.0625 0.499999821 0
vt -4.9375 0.499999821 0
vt -8.68749905 0.624999881 0
vt -8.5625 0.625000119 0
vt -8.4375 0.624999881 0
vt -8.3125 0.625000119 0
vt -8.1875 0.625000119 0
vt -8.0625 0.625000119 0
vt -7.93749952 0.625000119 0
vt -7.8125 0.625000119 0
vt -7.6875 0.625000119 0
vt -7.56249952 0.625000119 0
vt -7.4375 0.625000119 0
vt -7.3125 0.625000119 0
vt -7.18749952 0.625000119 0
vt -7.0625 0.625000119 0
vt -6.9375 0.625000119 0
vt -6.8125 0.625000119 0
vt -6.6875 0.625000119 0
vt -6.5625 0.625000119 0
vt -6.4375 0.625000119 0
vt -6.3125 0.625000119 0
vt -6.1875 0.625000119 0
vt -6.0625 0.625000119 0
vt -5.9375 0.625000119 0
vt -5.8125 0.625000119 0
vt -5.6875 0.62500006 0
vt -5.5625 0.62500006 0
vt -5.4375 0.624999821 0
vt -5.3125 0.624999821 0
vt -5.1875 0.624999821 0
vt -5.0625 0.624999821 0
vt -4.9375 0.624999821 0
vt -8.68749905 0.75000006 0
vt -8.5625 0.75000006 0
vt -8.4375 0.75 0
vt -8.3125 0.75 0
vt -8.1875 0.75 0
vt -8.0625 0.75 0
vt -7.93749952 0.75 0
vt -7.8125 0.75 0
vt -7.6875 0.75 0
vt -7.56249952 0.75 0
vt -7.4375 0.75 0
vt -7.3125 0.75 0
vt -7.18749952 0.75 0
vt -7.0625 0.75 0
vt -6.9375 0.75 0
vt -6.8125 0.75 0
vt -6.6875 0.75 0
vt -6.5625 0.75 0
vt -6.4375 0.75 0
vt -6.3125 0.75 0
vt -6.1875 0.75 0
vt -6.0625 0.75 0
vt -5.9375 0.75 0
vt -5.8125 0.75 0
vt -5.6875 0.75 0
vt -5.5625 0.75 0
vt -5.4375 0.75 0
vt -5.3125 0.74999994 0
vt -5.1875 0.74999994 0
vt -5.0625 0.74999994 0
vt -4.9375 0.74999994 0
vt -8.68749905 0.87499994 0
vt -8.5625 0.87499994 0
vt -8.4375 0.87499994 0
vt -8.3125 0.87499994 0
vt -8.1875 0.874999881 0
vt -8.0625 0.874999881 0
vt -7.93749952 0.875000119 0
vt -7.8125 0.874999881 0
vt -7.6875 0.874999881 0
vt -7.56249952 0.874999881 0
vt -7.4375 0.874999881 0
vt -7.3125 0.874999881 0
vt -7.18749952 0.874999881 0
vt -7.0625 0.874999881 0
vt -6.9375 0.874999881 0
vt -6.8125 0.874999881 0
vt -6.6875 0.874999881 0
vt -6.5625 0.874999881 0
vt -6.4375 0.874999881 0
vt -6.3125 0.874999881 0
vt -6.1875 0.874999881 0
vt -6.0625 0.874999881 0
vt -5.9375 0.874999881 0
vt -5.8125 0.874999881 0
vt -5.6875 0.874999881 0
vt -5.5625 0.874999881 0
vt -5.4375 0.874999881 0
vt -5.3125 0.874999881 0
vt -5.1875 0.874999881 0
vt -5.0625 0.874999821 0
vt -4.9375 0.874999821 0
vt -8.68749905 0.999999881 0
vt -8.5625 0.999999881 0
vt -8.4375 1.00000012 0
vt -8.3125 1.00000012 0
vt -8.1875 1 0
vt -8.0625 1 0
vt -7.93749952 1 0
vt -7.8125 1 0
vt -7.6875 1 0
vt -7.56249952 1 0
vt -7.4375 1 0
vt -7.3125 1 0
vt -7.18749952 1 0
vt -7.0625 1 0
vt -6.9375 1 0
vt -6.8125 1 0
vt -6.6875 1 0
vt -6.5625 1 0
vt -6.4375 1 0
vt -6.3125 1 0
vt -6.1875 1 0
vt -6.0625 1 0
vt -5.9375 1 0
vt -5.8125 1 0
vt -5.6875 1 0
vt -5.5625 0.999999821 0
vt -5.4375 1 0
vt -5.3125 1 0
vt -5.1875 0.999999821 0
vt -5.0625 1 0
vt -4.9375 0.999999821 0
vt -8.68749905 1.125 0
vt -8.5625 1.125 0
vt -8.4375 1.125 0
vt -8.3125 1.125 0
vt -8.1875 1.125 0
vt -8.0625 1.125 0
vt -7.93749952 1.125 0
vt -7.8125 1.125 0
vt -7.6875 1.125 0
vt -7.5625 1.125 0
vt -7.4375 1.125 0
vt -7.3125 1.125 0
vt -7.18749952 1.125 0
vt -7.0625 1.125 0
vt -6.9375 1.125 0
vt -6.8125 1.125 0
vt -6.6875 1.125 0
vt -6.5625 1.125 0
vt -6.4375 1.125 0
vt -6.3125 1.125 0
vt -6.1875 1.125 0
vt -6.0625 1.125 0
vt -5.9375 1.125 0
vt -5.8125 1.125 0
vt -5.6875 1.125 0
vt -5.5625 1.125 0
vt -5.4375 1.125 0
vt -5.3125 1.125 0
vt -5.1875 1.125 0
vt -5.0625 1.125 0
vt -4.9375 1.125 0
vt -8.6875 1.24999988 0
vt -8.5625 1.24999988 0
vt -8.4375 1.24999988 0
vt -8.3125 1.24999988 0
vt -8.1875 1.24999988 0
vt -8.0625 1.24999988 0
vt -7.93749952 1.24999988 0
vt -7.8125 1.24999988 0
vt -7.6875 1.24999988 0
vt -7.56249952 1.24999988 0
vt -7.4375 1.24999988 0
vt -7.3125 1.24999988 0
vt -7.18749952 1.24999988 0
vt -7.0625 1.24999988 0
vt -6.9375 1.24999988 0
vt -6.8125 1.24999988 0
vt -6.6875 1.24999988 0
vt -6.5625 1.24999988 0
vt -6.4375 1.24999988 0
vt -6.3125 1.24999988 0
vt -6.1875 1.24999988 0
vt -6.0625 1.24999988 0
vt -5.9375 1.24999988 0
vt -5.8125 1.24999988 0
vt -5.6875 1.24999988 0
vt -5.5625 1.24999988 0
vt -5.4375 1.24999988 0
vt -5.3125 1.24999988 0
vt -5.1875 1.24999988 0
vt -5.0625 1.24999988 0
vt -4.9375 1.24999988 0
vt -8.68749905 1.37500012 0
vt -8.5625 1.37499988 0
vt -8.4375 1.375 0
vt -8.3125 1.375 0
vt -8.1875 1.375 0
vt -8.0625 1.375 0
vt -7.9375 1.375 0
vt -7.8125 1.375 0
vt -7.6875 1.375 0
vt -7.56249952 1.375 0
vt -7.4375 1.375 0
vt -7.3125 1.375 0
vt -7.18749952 1.375 0
vt -7.0625 1.375 0
vt -6.9375 1.375 0
vt -6.8125 1.375 0
vt -6.6875 1.375 0
vt -6.5625 1.375 0
vt -6.4375 1.375 0
vt -6.3125 1.375 0
vt -6.1875 1.375 0
vt -6.0625 1.375 0
vt -5.9375 1.375 0
vt -5.8125 1.375 0
vt -5.6875 1.375 0
vt -5.5625 1.375 0
vt -5.4375 1.375 0
vt -5.3125 1.375 0
vt -5.1875 1.375 0
vt -5.0625 1.375 0
vt -4.9375 1.37499976 0
vt -8.68749905 1.50000012 0
vt -8.5625 1.50000012 0
vt -8.4375 1.50000012 0
vt -8.3125 1.5 0
vt -8.1875 1.5 0
vt -8.0625 1.49999988 0
vt -7.93749952 1.49999988 0
vt -7.8125 1.49999988 0
vt -7.6875 1.49999988 0
vt -7.56249952 1.49999988 0
vt -7.4375 1.49999988 0
vt -7.3125 1.49999988 0
vt -7.18749952 1.49999988 0
vt -7.0625 1.49999988 0
vt -6.9375 1.49999988 0
vt -6.8125 1.49999988 0
vt -6.6875 1.49999988 0
vt -6.5625 1.49999988 0
vt -6.4375 1.49999988 0
vt -6.3125 1.49999988 0
vt -6.1875 1.49999988 0
vt -6.0625 1.49999988 0
vt -5.9375 1.49999988 0
vt -5.8125 1.49999988 0
vt -5.6875 1.49999988 0
vt -5.5625 1.49999988 0
vt -5.4375 1.49999988 0
vt -5.3125 1.49999988 0
vt -5.1875 1.49999988 0
vt -5.0625 1.49999988 0
vt -4.9375 1.49999988 0
vt -8.6875 1.625 0
vt -8.5625 1.625 0
vt -8.4375 1.625 0
vt -8.3125 1.625 0
vt -8.1875 1.625 0
vt -8.0625 1.625 0
vt -7.93749952 1.625 0
vt -7.8125 1.62499988 0
vt -7.6875 1.62499988 0
vt -7.5625 1.62499988 0
vt -7.4375 1.62499988 0
vt -7.3125 1.62499988 0
vt -7.18749952 1.62499988 0
vt -7.0625 1.62499988 0
vt -6.9375 1.62499988 0
vt -6.8125 1.62499988 0
vt -6.6875 1.62499988 0
vt -6.5625 1.62499988 0
vt -6.4375 1.62499988 0
vt -6.3125 1.62499988 0
vt -6.1875 1.62499988 0
vt -6.0625 1.62499988 0
vt -5.9375 1.62499988 0
vt -5.8125 1.62499988 0
vt -5.6875 1.62499988 0
vt -5.5625 1.62499988 0
vt -5.4375 1.62499988 0
vt -5.3125 1.62499988 0
vt -5.1875 1.62499988 0
vt -5.0625 1.62499988 0
vt -4.9375 1.62499988 0
vt -8.68749905 1.75000012 0
vt -8.5625 1.75000012 0
vt -8.4375 1.75000012 0
vt -8.3125 1.75000012 0
vt -8.1875 1.75000012 0
vt -8.0625 1.75000012 0
vt -7.93749952 1.75000012 0
vt -7.8125 1.75000012 0
vt -7.6875 1.75000012 0
vt -7.56249952 1.75000012 0
vt -7.4375 1.75 0
vt -7.3125 1.75 0
vt -7.18749952 1.75 0
vt -7.0625 1.75 0
vt -6.9375 1.75 0
vt -6.8125 1.75 0
vt -6.6875 1.75 0
vt -6.5625 1.75 0
vt -6.4375 1.75 0
vt -6.3125 1.75 0
vt -6.1875 1.75 0
vt -6.0625 1.75 0
vt -5.9375 1.75 0
vt -5.8125 1.75 0
vt -5.6875 1.75 0
vt -5.5625 1.75 0
vt -5.4375 1.75 0
vt -5.3125 1.75 0
vt -5.1875 1.75 0
vt -5.0625 1.75 0
vt -4.9375 1.75 0
vt -8.68749905 1.875 0
vt -8.5625 1.875 0
vt -8.4375 1.875 0
vt -8.3125 1.875 0
vt -8.1875 1.875 0
vt -8.0625 1.875 0
vt -7.93749952 1.875 0
vt -7.8125 1.875 0
vt -7.6875 1.875 0
vt -7.56249952 1.875 0
vt -7.4375 1.875 0
vt -7.3125 1.875 0
vt -7.18749952 1.87499988 0
vt -7.0625 1.87499988 0
vt -6.9375 1.87499988 0
vt -6.8125 1.87499988 0
vt -6.6875 1.87499988 0
vt -6.5625 1.87499988 0
vt -6.4375 1.87499988 0
vt -6.3125 1.87499988 0
vt -6.1875 1.87499988 0
vt -6.0625 1.87499988 0
vt -5.9375 1.87499988 0
vt -5.8125 1.87499988 0
vt -5.6875 1.87499988 0
vt -5.5625 1.87499988 0
vt -5.4375 1.87499988 0
vt -5.3125 1.87499988 0
vt -5.1875 1.87499988 0
vt -5.0625 1.87499988 0
vt -4.9375 1.87499988 0
vt -8.6875 2 0
vt -8.5625 2 0
vt -8.4375 2 0
vt -8.3125 2 0
vt -8.1875 1.99999988 0
vt -8.0625 1.99999988 0
vt -7.9375 2.00000024 0
vt -7.8125 2.00000024 0
vt -7.6875 2.00000024 0
vt -7.5625 2.00000024 0
vt -7.4375 1.99999988 0
vt -7.3125 2.00000024 0
vt -7.1875 2.00000024 0
vt -7.0625 2.00000024 0
vt -6.9375 2.00000024 0
vt -6.8125 2.00000024 0
vt -6.6875 2.00000024 0
vt -6.5625 2.00000024 0
vt -6.4375 2.00000024 0
vt -6.3125 1.99999976 0
vt -6.1875 2.00000024 0
vt -6.0625 2.00000024 0
vt -5.9375 1.99999976 0
vt -5.8125 1.99999976 0
vt -5.6875 1.99999976 0
vt -5.5625 1.99999976 0
vt -5.4375 2.00000024 0
vt -5.3125 1.99999976 0
vt -5.1875 2.00000024 0
vt -5.0625 1.99999976 0
vt -4.9375 1.99999976 0
vt -8.68749905 2.125 0
vt -8.5625 2.125 0
vt -8.4375 2.125 0
vt -8.3125 2.125 0
vt -8.1875 2.125 0
vt -8.0625 2.125 0
vt -7.9375 2.125 0
vt -7.8125 2.125 0
vt -7.6875 2.125 0
vt -7.5625 2.125 0
vt -7.4375 2.125 0
vt -7.3125 2.125 0
vt -7.18749952 2.125 0
vt -7.0625 2.125 0
vt -6.9375 2.125 0
vt -6.8125 2.125 0
vt -6.6875 2.125 0
vt -6.5625 2.125 0
vt -6.4375 2.125 0
vt -6.3125 2.125 0
vt -6.1875 2.125 0
vt -6.0625 2.125 0
vt -5.9375 2.125 0
vt -5.8125 2.125 0
vt -5.6875 2.125 0
vt -5.5625 2.125 0
vt -5.4375 2.125 0
vt -5.3125 2.125 0
vt -5.1875 2.125 0
vt -5.0625 2.125 0
vt -4.9375 2.125 0
vt -8.6875 2.25 0
vt -8.5625 2.25 0
vt -8.4375 2.25 0
vt -8.3125 2.25 0
vt -8.1875 2.25 0
vt -8.0625 2.25 0
vt -7.93749952 2.25 0
vt -7.8125 2.25 0
vt -7.6875 2.25 0
vt -7.56249952 2.25 0
vt -7.4375 2.25 0
vt -7.3125 2.25 0
vt -7.18749952 2.25 0
vt -7.0625 2.25 0
vt -6.9375 2.25 0
vt -6.8125 2.25 0
vt -6.6875 2.25 0
vt -6.5625 2.25 0
vt -6.4375 2.25 0
vt -6.3125 2.25 0
vt -6.1875 2.25 0
vt -6.0625 2.25 0
vt -5.9375 2.25 0
vt -5.8125 2.25 0
vt -5.6875 2.25 0
vt -5.5625 2.25 0
vt -5.4375 2.25 0
vt -5.3125 2.25 0
vt -5.1875 2.25 0
vt -5.0625 2.25 0
vt -4.9375 2.24999976 0
vt -8.6875 2.375 0
vt -8.5625 2.375 0
vt -8.4375 2.375 0
vt -8.3125 2.375 0
vt -8.1875 2.37499976 0
vt -8.0625 2.37499976 0
vt -7.9375 2.37499976 0
vt -7.8125 2.375 0
vt -7.6875 2.375 0
vt -7.56249952 2.37499976 0
vt -7.4375 2.375 0
vt -7.3125 2.37499976 0
vt -7.1875 2.37499976 0
vt -7.0625 2.375 0
vt -6.9375 2.375 0
vt -6.8125 2.37499976 0
vt -6.6875 2.375 0
vt -6.5625 2.375 0
vt -6.4375 2.37499976 0
vt -6.3125 2.375 0
vt -6.1875 2.37499976 0
vt -6.0625 2.37499976 0
vt -5.9375 2.375 0
vt -5.8125 2.37499976 0
vt -5.6875 2.375 0
vt -5.5625 2.375 0
vt -5.4375 2.37499976 0
vt -5.3125 2.37499976 0
vt -5.1875 2.37499976 0
vt -5.0625 2.37499976 0
vt -4.9375 2.375 0
vt -8.6875 2.5 0
vt -8.5625 2.5 0
vt -8.4375 2.5 0
vt -8.3125 2.5 0
vt -8.1875 2.5 0
vt -8.0625 2.49999976 0
vt -7.9375 2.5 0
vt -7.8125 2.49999976 0
vt -7.6875 2.49999976 0
vt -7.5625 2.5 0
vt -7.4375 2.5 0
vt -7.3125 2.49999976 0
vt -7.18749952 2.5 0
vt -7.0625 2.5 0
vt -6.9375 2.5 0
vt -6.8125 2.49999976 0
vt -6.6875 2.5 0
vt -6.5625 2.5 0
vt -6.4375 2.49999976 0
vt -6.3125 2.5 0
vt -6.1875 2.5 0
vt -6.0625 2.5 0
vt -5.9375 2.5 0
vt -5.8125 2.5 0
vt -5.6875 2.5 0
vt -5.5625 2.5 0
vt -5.4375 2.49999976 0
vt -5.3125 2.49999976 0
vt -5.1875 2.5 0
vt -5.0625 2.49999976 0
vt -4.9375 2.5 0
vt -1.14798802e-07 1.99999988 0
vt -1.77049742e-07 2.07499981 0
vt 0 2.125 0
vt -2.4282906e-07 2.24999976 0
vt -1.28030223e-07 2.37499976 0
vt -7.2836059e-08 2.49999976 0
vt -3.68212966e-07 2.42499948 0
vt -1.44999993 0.000976220821 0
vt -1.39999974 0.000976356328 0
vt -1.39999998 0.0634762198 0
vt -1.44999969 0.0634762496 0
vt -1.27500021 0.000976382405 0
vt -1.27499998 0.0634762868 0
vt -1.15000021 0.000976445503 0
vt -1.14999998 0.0634763092 0
vt -1.09999979 0.000976387062 0
vt -1.10000002 0.0634764135 0
vt -0.974999785 0.000976450217 0
vt -0.974999964 0.0634764358 0
vt -0.849999845 0.000976423908 0
vt -0.850000024 0.0634763837 0
vt -0.724999845 0.000976375362 0
vt -0.725000024 0.0634764433 0
vt -0.675000072 0.000976630137 0
vt -0.674999952 0.0634765401 0
vt -0.550000131 0.000976335665 0
vt -0.550000012 0.0634765625 0
vt -0.425000161 0.00097639882 0
vt -0.42500034 0.0634763911 0
vt -0.375000089 0.000976221345 0
vt -0.37499994 0.0634763613 0
vt -0.250000119 0.00097640371 0
vt -0.24999997 0.0634762719 0
vt -0.125000134 0.000976310403 0
vt -0.125000015 0.0634764507 0
vt -1.76993709e-07 0.000976492709 0
vt 0 0.0634763539 0
vt -6.49999523 0.125976562 0
vt -6.49999666 0.000977435731 0
vt -6.37499762 0.000976121286 0
vt -6.37499619 0.125975594 0
vt -6.24999571 0.000975229777 0
vt -6.24999714 0.125975683 0
vt -6.12499666 0.000974265393 0
vt -6.12499523 0.125973746 0
vt -5.99999714 0.000974361028 0
vt -5.99999619 0.125974536 0
vt -5.87499809 0.000973396702 0
vt -5.87499714 0.125973925 0
vt -5.74999619 0.00097320904 0
vt -5.74999809 0.125973657 0
vt -5.62499714 0.000972594717 0
vt -5.62499619 0.12597172 0
vt -5.49999809 0.000972334237 0
vt -5.49999666 0.125971809 0
vt -5.37499619 0.000971442671 0
vt -5.37499762 0.125971898 0
vt -5.24999714 0.000970484398 0
vt -5.24999571 0.125969961 0
vt -5.12499809 0.000970573979 0
vt -5.12499666 0.125969693 0
vt -4.99999905 0.000969609595 0
vt -4.99999762 0.125969782 0
vt -4.87499714 0.000969418208 0
vt -4.87499857 0.125969857 0
vt -4.74999762 0.000968467386 0
vt -4.74999666 0.125967935 0
vt -4.62499905 0.000968550157 0
vt -4.62499762 0.125966966 0
vt -4.49999952 0.000967588858 0
vt -4.49999857 0.125968114 0
vt -4.37499762 0.000967747532 0
vt -4.37499952 0.125966102 0
vt -4.24999857 0.000966783147 0
vt -4.24999762 0.125965908 0
vt -4.12499952 0.00096581137 0
vt -4.12499857 0.125967041 0
vt -3.99999785 0.000965619984 0
vt -3.99999928 0.125966102 0
vt -3.87499857 0.000964666076 0
vt -3.87500024 0.125964776 0
vt -3.74999952 0.000964747509 0
vt -3.74999833 0.125963882 0
vt 0 0.125950038 0
vt -0.125001922 0.125950933 0
vt -0.125000283 0.000949756533 0
vt -1.26674695e-06 0.000950564863 0
vt -3.62500048 0.000963783183 0
vt -3.62499928 0.125965014 0
vt -0.250000983 0.125952944 0
vt -0.249999598 0.000951772498 0
vt -3.49999857 0.000963599246 0
vt -3.5 0.125963002 0
vt -0.375 0.125951812 0
vt -0.37500146 0.000950563583 0
vt -3.37499952 0.000962986436 0
vt -3.37500095 0.125962749 0
vt -0.500001907 0.125951648 0
vt -0.500000477 0.000951513066 0
vt -3.25000024 0.000962023623 0
vt -3.24999905 0.125962213 0
vt -0.625001132 0.125951543 0
vt -0.624999583 0.000953535084 0
vt -3.12500119 0.000961766054 0
vt -3.125 0.125962302 0
vt -2.99999928 0.000961925485 0
vt -3.00000095 0.125962034 0
vt -2.87500024 0.000960961916 0
vt -2.87499905 0.125960097 0
vt -2.75000119 0.000959999044 0
vt -2.75 0.125961229 0
vt -2.62499928 0.000961223559 0
vt -2.62500095 0.125960276 0
vt -2.50000024 0.000958845601 0
vt -2.50000167 0.125958964 0
vt -2.37500095 0.000958940363 0
vt -2.37499976 0.125959471 0
vt -2.24999905 0.000959106488 0
vt -2.25000072 0.125959218 0
vt -2.125 0.000957084529 0
vt -2.12500167 0.125957191 0
vt -2.00000095 0.000957180804 0
vt -1.99999976 0.125957355 0
vt -1.87499905 0.000957346987 0
vt -1.8750006 0.125958502 0
vt -1.75000274 0.000955955358 0
vt -1.75000131 0.125955448 0
vt -1.62500083 0.000956106524 0
vt -1.62500238 0.125956222 0
vt -1.50000167 0.000956202799 0
vt -1.50000048 0.125956744 0
vt -1.37500262 0.000954180839 0
vt -1.37500131 0.125955418 0
vt -1.25000072 0.000954346964 0
vt -1.25000215 0.125954479 0
vt -1.12500167 0.000954440213 0
vt -1.12500024 0.125954628 0
vt -1.00000238 0.000952424307 0
vt -1.00000119 0.125953674 0
vt -0.875000477 0.000953290553 0
vt -0.875002086 0.125952706 0
vt -0.750001431 0.000952326169 0
vt -0.750000238 0.125953555 0
vt -3.75 2.37597656 0
vt -3.625 2.37597656 0
vt -3.625 2.50097656 0
vt -3.75 2.50097656 0
vt -3.5 2.37597656 0
vt -3.5 2.50097656 0
vt -3.37499976 2.37597656 0
vt -3.375 2.50097656 0
vt -3.25 2.37597656 0
vt -3.25 2.50097656 0
vt -3.125 2.37597656 0
vt -3.125 2.50097656 0
vt -3 2.37597656 0
vt -3 2.50097656 0
vt -2.875 2.37597656 0
vt -2.875 2.50097656 0
vt -2.75 2.37597656 0
vt -2.75 2.50097656 0
vt -2.625 2.37597656 0
vt -2.625 2.50097656 0
vt -2.5 2.37597656 0
vt -2.49999976 2.50097656 0
vt -2.375 2.37597656 0
vt -2.375 2.50097656 0
vt -2.25 2.37597656 0
vt -2.25 2.50097656 0
vt -2.12500024 2.37597656 0
vt -2.12500024 2.50097656 0
vt -1.99999988 2.37597656 0
vt -1.99999988 2.50097656 0
vt -1.87500012 2.37597656 0
vt -1.875 2.50097656 0
vt -1.75000012 2.37597656 0
vt -1.75 2.50097656 0
vt -1.625 2.37597656 0
vt -1.625 2.50097656 0
vt -1.5 2.37597656 0
vt -1.5 2.50097656 0
vt -1.375 2.37597656 0
vt -1.375 2.50097656 0
vt -1.25 2.37597656 0
vt -1.25 2.50097656 0
vt -1.12500012 2.37597656 0
vt -1.12500012 2.50097656 0
vt -1.00000012 2.37597656 0
vt -1.00000012 2.50097656 0
vt -0.875 2.37597632 0
vt -0.875 2.50097656 0
vt -0.750000119 2.37597632 0
vt -0.75 2.50097656 0
vt -0.625000119 2.37597632 0
vt -0.625000179 2.50097656 0
vt -0.500000179 2.37597632 0
vt -0.500000179 2.50097656 0
vt -0.375000209 2.37597632 0
vt -0.375000238 2.50097656 0
vt -0.250000238 2.37597632 0
vt -0.250000238 2.50097656 0
vt -0.125 2.37597656 0
vt -0.125 2.50097656 0
vt -5.93164717e-09 2.37597656 0
vt -6.77902534e-09 2.50097656 0
vt -3.75 2.25097632 0
vt -3.625 2.25097632 0
vt -3.5 2.25097656 0
vt -3.37499976 2.25097656 0
vt -3.25 2.25097656 0
vt -3.125 2.25097656 0
vt -3.00000024 2.25097656 0
vt -2.875 2.25097656 0
vt -2.75 2.25097656 0
vt -2.625 2.25097656 0
vt -2.5 2.25097656 0
vt -2.375 2.25097656 0
vt -2.25 2.25097656 0
vt -2.12500024 2.25097656 0
vt -1.99999988 2.25097656 0
vt -1.87500012 2.25097656 0
vt -1.75000012 2.25097656 0
vt -1.625 2.25097656 0
vt -1.5 2.25097656 0
vt -1.375 2.25097656 0
vt -1.25000012 2.25097656 0
vt -1.125 2.25097656 0
vt -1.00000012 2.25097656 0
vt -0.875 2.25097632 0
vt -0.750000119 2.25097632 0
vt -0.625000119 2.25097632 0
vt -0.500000179 2.25097656 0
vt -0.375000209 2.25097656 0
vt -0.250000238 2.25097656 0
vt -0.124999993 2.25097656 0
vt -5.08426901e-09 2.25097656 0
vt -3.75 2.12597656 0
vt -3.625 2.12597656 0
vt -3.5 2.12597656 0
vt -3.375 2.12597656 0
vt -3.25 2.12597656 0
vt -3.12499976 2.12597656 0
vt -3 2.12597656 0
vt -2.875 2.12597656 0
vt -2.75 2.12597656 0
vt -2.625 2.12597656 0
vt -2.5 2.12597656 0
vt -2.375 2.12597656 0
vt -2.25 2.12597656 0
vt -2.125 2.12597656 0
vt -1.99999988 2.12597656 0
vt -1.87500012 2.12597656 0
vt -1.75000012 2.12597656 0
vt -1.625 2.12597656 0
vt -1.5 2.12597656 0
vt -1.375 2.12597656 0
vt -1.25 2.12597656 0
vt -1.12500012 2.12597656 0
vt -1.00000012 2.12597656 0
vt -0.875 2.12597656 0
vt -0.750000119 2.12597656 0
vt -0.625000119 2.12597656 0
vt -0.500000179 2.12597656 0
vt -0.375000209 2.12597656 0
vt -0.250000238 2.12597656 0
vt -0.125000224 2.12597656 0
vt -4.23689039e-09 2.12597656 0
vt -3.75 2.00097656 0
vt -3.625 2.00097656 0
vt -3.5 2.00097656 0
vt -3.37499976 2.00097656 0
vt -3.25 2.00097656 0
vt -3.12499976 2.00097656 0
vt -3 2.00097656 0
vt -2.875 2.00097656 0
vt -2.75 2.00097656 0
vt -2.625 2.00097656 0
vt -2.5 2.00097656 0
vt -2.375 2.00097656 0
vt -2.25 2.00097656 0
vt -2.125 2.00097656 0
vt -1.99999988 2.00097656 0
vt -1.87500012 2.00097656 0
vt -1.75000012 2.00097656 0
vt -1.625 2.00097656 0
vt -1.5 2.00097656 0
vt -1.375 2.00097656 0
vt -1.25 2.00097656 0
vt -1.12500012 2.00097656 0
vt -1.00000024 2.00097656 0
vt -0.875 2.00097656 0
vt -0.75 2.00097656 0
vt -0.625000119 2.00097656 0
vt -0.500000119 2.00097656 0
vt -0.375000209 2.00097656 0
vt -0.250000209 2.00097656 0
vt -0.124999993 2.00097632 0
vt -3.38950867e-09 2.00097632 0
vt -3.75 1.87597644 0
vt -3.625 1.87597644 0
vt -3.5 1.87597644 0
vt -3.37499976 1.87597644 0
vt -3.25 1.87597644 0
vt -3.12499976 1.87597644 0
vt -3 1.87597644 0
vt -2.875 1.87597644 0
vt -2.75 1.87597644 0
vt -2.625 1.87597644 0
vt -2.5 1.87597644 0
vt -2.375 1.87597644 0
vt -2.25 1.87597644 0
vt -2.125 1.87597644 0
vt -1.99999988 1.87597644 0
vt -1.87500012 1.87597644 0
vt -1.75000012 1.87597644 0
vt -1.625 1.87597644 0
vt -1.5 1.87597644 0
vt -1.375 1.87597644 0
vt -1.25 1.87597644 0
vt -1.12500012 1.87597644 0
vt -1.00000012 1.87597644 0
vt -0.875 1.87597644 0
vt -0.75 1.87597644 0
vt -0.625000119 1.87597644 0
vt -0.500000119 1.87597644 0
vt -0.375000209 1.87597644 0
vt -0.250000209 1.87597644 0
vt -0.125 1.87597644 0
vt -2.40960702e-07 1.87597644 0
vt -3.75 1.75097644 0
vt -3.625 1.75097644 0
vt -3.5 1.75097644 0
vt -3.37499976 1.75097644 0
vt -3.25 1.75097644 0
vt -3.12499976 1.75097644 0
vt -3 1.75097644 0
vt -2.875 1.75097644 0
vt -2.75 1.75097644 0
vt -2.625 1.75097644 0
vt -2.5 1.75097644 0
vt -2.375 1.75097644 0
vt -2.25 1.75097644 0
vt -2.125 1.75097644 0
vt -1.99999988 1.75097644 0
vt -1.87500012 1.75097644 0
vt -1.75000012 1.75097644 0
vt -1.625 1.75097644 0
vt -1.5 1.75097644 0
vt -1.375 1.75097644 0
vt -1.25 1.75097644 0
vt -1.125 1.75097644 0
vt -1.00000012 1.75097644 0
vt -0.875 1.75097644 0
vt -0.75 1.75097644 0
vt -0.625000119 1.75097644 0
vt -0.500000119 1.75097644 0
vt -0.375000209 1.75097644 0
vt -0.250000209 1.75097644 0
vt -0.125 1.75097644 0
vt -1.69475434e-09 1.75097644 0
vt -3.75 1.62597656 0
vt -3.625 1.62597656 0
vt -3.5 1.62597656 0
vt -3.37499976 1.62597644 0
vt -3.25 1.62597644 0
vt -3.125 1.62597644 0
vt -3 1.62597644 0
vt -2.875 1.62597644 0
vt -2.75 1.62597644 0
vt -2.625 1.62597644 0
vt -2.5 1.62597644 0
vt -2.375 1.62597644 0
vt -2.25 1.62597644 0
vt -2.125 1.62597644 0
vt -1.99999988 1.62597644 0
vt -1.87500012 1.62597644 0
vt -1.75000012 1.62597644 0
vt -1.625 1.62597644 0
vt -1.5 1.62597644 0
vt -1.375 1.62597644 0
vt -1.25 1.62597644 0
vt -1.12500012 1.62597644 0
vt -1.00000012 1.62597644 0
vt -0.875 1.62597644 0
vt -0.750000119 1.62597632 0
vt -0.625000119 1.62597644 0
vt -0.500000119 1.62597644 0
vt -0.375000209 1.62597644 0
vt -0.250000209 1.62597644 0
vt -0.125 1.62597644 0
vt -2.39265944e-07 1.62597644 0
vt -3.75 1.50097644 0
vt -3.625 1.50097644 0
vt -3.5 1.50097644 0
vt -3.375 1.50097644 0
vt -3.25 1.50097644 0
vt -3.12499976 1.50097644 0
vt -3 1.50097644 0
vt -2.875 1.50097644 0
vt -2.75 1.50097644 0
vt -2.62499976 1.50097644 0
vt -2.5 1.50097644 0
vt -2.375 1.50097644 0
vt -2.25 1.50097644 0
vt -2.125 1.50097644 0
vt -1.99999988 1.50097644 0
vt -1.87500012 1.50097644 0
vt -1.75000012 1.50097644 0
vt -1.625 1.50097644 0
vt -1.5 1.50097644 0
vt -1.375 1.50097644 0
vt -1.25000012 1.50097644 0
vt -1.12500012 1.50097644 0
vt -1 1.50097644 0
vt -0.875 1.50097644 0
vt -0.750000119 1.50097644 0
vt -0.625000119 1.50097644 0
vt -0.500000119 1.50097644 0
vt -0.375000209 1.50097644 0
vt -0.250000209 1.50097644 0
vt -0.124999993 1.50097644 0
vt 0 1.50097656 0
vt -7.50097656 2.37597489 0
vt -7.37597656 2.37597489 0
vt -7.37597656 2.50097609 0
vt -7.50097656 2.50097609 0
vt -7.25097656 2.37597489 0
vt -7.25097656 2.50097418 0
vt -7.12597704 2.3759768 0
vt -7.12597704 2.50097609 0
vt -7.00097704 2.3759768 0
vt -7.00097704 2.50097609 0
vt -6.87597704 2.3759768 0
vt -6.87597656 2.50097609 0
vt -6.75097656 2.37597489 0
vt -6.75097704 2.50097609 0
vt -6.62597656 2.37597489 0
vt -6.62597656 2.50097609 0
vt -6.50097656 2.37597489 0
vt -6.50097656 2.50097609 0
vt -6.37597656 2.37597513 0
vt -6.37597656 2.50097442 0
vt -6.25097656 2.37597513 0
vt -6.25097704 2.50097632 0
vt -6.12597704 2.37597704 0
vt -6.12597704 2.50097632 0
vt -6.00097704 2.37597704 0
vt -6.00097656 2.50097632 0
vt -5.87597656 2.37597513 0
vt -5.87597704 2.50097632 0
vt -5.75097656 2.37597513 0
vt -5.75097656 2.50097632 0
vt -5.62597656 2.37597513 0
vt -5.62597656 2.50097632 0
vt -5.50097656 2.37597513 0
vt -5.50097656 2.50097442 0
vt -5.37597656 2.37597513 0
vt -5.37597656 2.50097442 0
vt -5.25097704 2.37597704 0
vt -5.25097704 2.50097632 0
vt -5.12597704 2.37597704 0
vt -5.12597704 2.50097632 0
vt -5.00097704 2.37597513 0
vt -5.00097656 2.50097632 0
vt -4.87597656 2.37597513 0
vt -4.87597656 2.50097632 0
vt -4.75097656 2.37597537 0
vt -4.75097656 2.50097466 0
vt -4.62597656 2.37597537 0
vt -4.62597656 2.50097466 0
vt -4.50097656 2.37597537 0
vt -4.50097656 2.50097466 0
vt -4.37597609 2.37597537 0
vt -4.37597704 2.50097656 0
vt -4.25097704 2.37597728 0
vt -4.25097704 2.50097656 0
vt -4.12597656 2.37597537 0
vt -4.12597704 2.50097656 0
vt -4.00097656 2.37597537 0
vt -4.00097704 2.50097656 0
vt -3.87597656 2.37597537 0
vt -3.8759768 2.50097466 0
vt -3.75097656 2.37597537 0
vt -3.7509768 2.50097466 0
vt -7.50097656 2.25097561 0
vt -7.37597656 2.25097561 0
vt -7.25097609 2.25097561 0
vt -7.12597609 2.25097561 0
vt -7.00097704 2.25097561 0
vt -6.87597704 2.25097561 0
vt -6.75097656 2.25097561 0
vt -6.62597656 2.25097561 0
vt -6.50097656 2.25097561 0
vt -6.37597656 2.25097585 0
vt -6.25097609 2.25097585 0
vt -6.12597704 2.25097585 0
vt -6.00097704 2.25097585 0
vt -5.87597656 2.25097585 0
vt -5.75097656 2.25097585 0
vt -5.62597656 2.25097585 0
vt -5.50097656 2.25097585 0
vt -5.37597656 2.25097585 0
vt -5.25097704 2.25097585 0
vt -5.12597704 2.25097585 0
vt -5.00097704 2.25097585 0
vt -4.87597656 2.25097585 0
vt -4.75097656 2.25097609 0
vt -4.62597656 2.25097609 0
vt -4.50097656 2.25097418 0
vt -4.37597609 2.25097418 0
vt -4.25097704 2.25097609 0
vt -4.12597704 2.25097609 0
vt -4.00097656 2.25097609 0
vt -3.8759768 2.25097609 0
vt -3.75097656 2.25097609 0
vt -7.50097656 2.12597632 0
vt -7.37597656 2.12597632 0
vt -7.25097609 2.12597442 0
vt -7.12597656 2.12597442 0
vt -7.00097704 2.12597632 0
vt -6.87597704 2.12597632 0
vt -6.75097656 2.12597632 0
vt -6.62597656 2.12597632 0
vt -6.50097656 2.12597632 0
vt -6.37597656 2.12597466 0
vt -6.25097656 2.12597466 0
vt -6.12597704 2.12597656 0
vt -6.00097704 2.12597656 0
vt -5.87597656 2.12597656 0
vt -5.75097656 2.12597656 0
vt -5.62597656 2.12597466 0
vt -5.50097656 2.12597466 0
vt -5.37597656 2.12597466 0
vt -5.25097656 2.12597466 0
vt -5.12597704 2.12597656 0
vt -5.00097704 2.12597656 0
vt -4.87597704 2.12597656 0
vt -4.75097656 2.12597489 0
vt -4.62597656 2.12597489 0
vt -4.50097656 2.12597489 0
vt -4.37597609 2.12597489 0
vt -4.25097704 2.1259768 0
vt -4.12597704 2.1259768 0
vt -4.00097704 2.1259768 0
vt -3.8759768 2.12597489 0
vt -3.75097656 2.12597489 0
vt -7.50097656 2.00097513 0
vt -7.37597656 2.00097513 0
vt -7.25097656 2.00097513 0
vt -7.12597609 2.00097513 0
vt -7.00097704 2.00097728 0
vt -6.87597704 2.00097728 0
vt -6.75097704 2.00097513 0
vt -6.62597656 2.00097513 0
vt -6.50097656 2.00097513 0
vt -6.37597656 2.00097537 0
vt -6.25097656 2.00097537 0
vt -6.12597656 2.00097537 0
vt -6.00097704 2.00097752 0
vt -5.87597704 2.00097537 0
vt -5.75097704 2.00097537 0
vt -5.62597656 2.00097537 0
vt -5.50097656 2.00097537 0
vt -5.37597656 2.00097537 0
vt -5.25097656 2.00097537 0
vt -5.12597704 2.00097537 0
vt -5.00097704 2.00097537 0
vt -4.87597704 2.00097537 0
vt -4.75097704 2.00097561 0
vt -4.62597656 2.00097561 0
vt -4.50097656 2.00097561 0
vt -4.37597656 2.00097561 0
vt -4.25097704 2.00097561 0
vt -4.12597704 2.00097561 0
vt -4.00097704 2.00097561 0
vt -3.8759768 2.00097561 0
vt -3.7509768 2.00097561 0
vt -7.50097656 1.87597597 0
vt -7.37597656 1.87597597 0
vt -7.25097656 1.87597597 0
vt -7.12597656 1.87597597 0
vt -7.00097704 1.87597597 0
vt -6.87597704 1.87597597 0
vt -6.75097704 1.87597609 0
vt -6.62597704 1.87597609 0
vt -6.50097656 1.87597609 0
vt -6.37597656 1.87597609 0
vt -6.25097656 1.87597609 0
vt -6.12597656 1.87597406 0
vt -6.00097704 1.87597609 0
vt -5.87597704 1.8759762 0
vt -5.75097704 1.8759762 0
vt -5.62597656 1.8759762 0
vt -5.50097656 1.8759762 0
vt -5.37597656 1.87597418 0
vt -5.25097656 1.87597418 0
vt -5.12597704 1.87597632 0
vt -5.00097704 1.87597632 0
vt -4.87597704 1.87597632 0
vt -4.75097704 1.87597632 0
vt -4.62597656 1.87597632 0
vt -4.50097656 1.8759743 0
vt -4.37597656 1.8759743 0
vt -4.25097656 1.87597442 0
vt -4.12597704 1.87597644 0
vt -4.00097704 1.87597644 0
vt -3.87597609 1.87597442 0
vt -3.7509768 1.87597644 0
vt -7.50097656 1.7509768 0
vt -7.37597656 1.7509768 0
vt -7.25097656 1.75097466 0
vt -7.12597656 1.75097466 0
vt -7.00097656 1.75097466 0
vt -6.87597704 1.7509768 0
vt -6.75097704 1.75097692 0
vt -6.62597704 1.75097692 0
vt -6.50097656 1.75097477 0
vt -6.37597656 1.75097477 0
vt -6.25097656 1.75097477 0
vt -6.12597656 1.75097477 0
vt -6.00097704 1.75097692 0
vt -5.87597704 1.75097704 0
vt -5.75097704 1.75097704 0
vt -5.62597656 1.75097489 0
vt -5.50097656 1.75097489 0
vt -5.37597656 1.75097489 0
vt -5.25097656 1.75097489 0
vt -5.12597656 1.75097501 0
vt -5.00097704 1.75097716 0
vt -4.87597704 1.75097716 0
vt -4.75097704 1.75097501 0
vt -4.62597656 1.75097501 0
vt -4.50097656 1.75097501 0
vt -4.37597656 1.75097501 0
vt -4.25097704 1.75097728 0
vt -4.12597609 1.75097513 0
vt -4.00097704 1.75097513 0
vt -3.87597609 1.75097322 0
vt -3.7509768 1.75097525 0
vt -7.50097656 1.62597549 0
vt -7.37597656 1.62597549 0
vt -7.25097656 1.62597549 0
vt -7.12597656 1.62597549 0
vt -7.00097656 1.62597549 0
vt -6.87597704 1.62597752 0
vt -6.75097704 1.62597561 0
vt -6.62597704 1.62597561 0
vt -6.50097656 1.62597561 0
vt -6.37597704 1.62597561 0
vt -6.25097656 1.62597561 0
vt -6.12597656 1.62597561 0
vt -6.00097704 1.62597561 0
vt -5.87597704 1.62597573 0
vt -5.75097704 1.62597573 0
vt -5.62597704 1.62597573 0
vt -5.50097656 1.62597573 0
vt -5.37597656 1.62597573 0
vt -5.25097656 1.62597573 0
vt -5.12597656 1.62597573 0
vt -5.00097704 1.62597585 0
vt -4.87597704 1.62597585 0
vt -4.75097704 1.62597585 0
vt -4.62597656 1.62597585 0
vt -4.50097752 1.62597787 0
vt -4.37597656 1.62597585 0
vt -4.25097752 1.62597597 0
vt -4.12597656 1.62597394 0
vt -4.00097704 1.62597597 0
vt -3.87597609 1.62597394 0
vt -3.7509768 1.62597597 0
vt -7.50097704 1.5009762 0
vt -7.37597656 1.5009762 0
vt -7.25097656 1.5009762 0
vt -7.12597656 1.5009762 0
vt -7.00097656 1.50097418 0
vt -6.87597752 1.5009762 0
vt -6.75097704 1.50097632 0
vt -6.62597704 1.50097632 0
vt -6.50097704 1.50097632 0
vt -6.37597704 1.50097632 0
vt -6.25097656 1.5009743 0
vt -6.12597656 1.5009743 0
vt -6.00097656 1.5009743 0
vt -5.87597704 1.50097644 0
vt -5.75097704 1.50097644 0
vt -5.62597704 1.50097644 0
vt -5.50097704 1.50097644 0
vt -5.37597656 1.50097442 0
vt -5.25097656 1.50097442 0
vt -5.12597656 1.50097442 0
vt -5.00097704 1.50097656 0
vt -4.87597704 1.50097656 0
vt -4.75097609 1.50097454 0
vt -4.62597704 1.50097656 0
vt -4.50097752 1.50097656 0
vt -4.37597656 1.50097454 0
vt -4.25097752 1.50097668 0
vt -4.12597656 1.50097466 0
vt -4.00097704 1.50097668 0
vt -3.87597632 1.50097477 0
vt -3.7509768 1.50097477 0
vt -7.50097704 1.37597704 0
vt -7.37597704 1.37597501 0
vt -7.25097656 1.37597501 0
vt -7.12597656 1.37597501 0
vt -7.00097656 1.37597501 0
vt -6.87597656 1.37597501 0
vt -6.75097704 1.37597704 0
vt -6.62597704 1.37597716 0
vt -6.50097704 1.37597513 0
vt -6.37597704 1.37597513 0
vt -6.25097656 1.37597513 0
vt -6.12597656 1.37597513 0
vt -6.00097656 1.37597513 0
vt -5.87597704 1.37597728 0
vt -5.75097704 1.37597525 0
vt -5.62597704 1.37597525 0
vt -5.50097704 1.37597525 0
vt -5.37597656 1.37597525 0
vt -5.25097656 1.37597525 0
vt -5.12597752 1.37597728 0
vt -5.00097656 1.37597537 0
vt -4.87597704 1.37597537 0
vt -4.75097609 1.37597334 0
vt -4.62597704 1.37597537 0
vt -4.50097752 1.3759774 0
vt -4.37597656 1.37597537 0
vt -4.25097752 1.3759774 0
vt -4.12597656 1.37597549 0
vt -4.00097704 1.37597549 0
vt -3.87597632 1.37597346 0
vt -3.75097704 1.37597549 0
vt -7.50097704 1.25097573 0
vt -7.37597704 1.25097573 0
vt -7.25097656 1.25097573 0
vt -7.12597704 1.25097573 0
vt -7.00097656 1.25097573 0
vt -6.87597656 1.25097573 0
vt -6.75097704 1.25097573 0
vt -6.62597704 1.25097585 0
vt -6.50097704 1.25097585 0
vt -6.37597704 1.25097585 0
vt -6.25097656 1.25097585 0
vt -6.12597656 1.25097585 0
vt -6.00097656 1.25097382 0
vt -5.87597704 1.25097597 0
vt -5.75097704 1.25097597 0
vt -5.62597704 1.25097597 0
vt -5.50097704 1.25097597 0
vt -5.37597752 1.25097823 0
vt -5.25097656 1.25097597 0
vt -5.12597752 1.25097597 0
vt -5.00097656 1.25097406 0
vt -4.87597704 1.25097609 0
vt -4.75097656 1.25097406 0
vt -4.62597704 1.25097609 0
vt -4.50097752 1.25097835 0
vt -4.37597656 1.25097609 0
vt -4.25097752 1.25097609 0
vt -4.12597656 1.25097418 0
vt -4.00097704 1.2509762 0
vt -3.87597609 1.2509743 0
vt -3.7509768 1.25097632 0
vt -7.50097704 1.12597656 0
vt -7.37597704 1.12597656 0
vt -7.25097704 1.12597656 0
vt -7.12597704 1.12597656 0
vt -7.00097656 1.12597656 0
vt -6.87597656 1.12597656 0
vt -6.75097704 1.12597656 0
vt -6.62597704 1.12597668 0
vt -6.50097704 1.12597668 0
vt -6.37597704 1.12597668 0
vt -6.25097704 1.12597668 0
vt -6.12597656 1.12597668 0
vt -6.00097656 1.12597668 0
vt -5.87597656 1.12597668 0
vt -5.75097704 1.1259768 0
vt -5.62597656 1.12597275 0
vt -5.50097704 1.1259768 0
vt -5.37597752 1.1259768 0
vt -5.25097704 1.1259768 0
vt -5.12597752 1.1259768 0
vt -5.00097656 1.12597287 0
vt -4.87597704 1.12597692 0
vt -4.75097656 1.12597287 0
vt -4.62597704 1.12597692 0
vt -4.50097609 1.12597287 0
vt -4.37597704 1.12597692 0
vt -4.25097752 1.12597692 0
vt -4.12597656 1.12597299 0
vt -4.00097704 1.12597704 0
vt -3.87597632 1.12597299 0
vt -3.7509768 1.12597704 0
vt -7.50097704 1.00097525 0
vt -7.37597704 1.00097525 0
vt -7.25097704 1.00097525 0
vt -7.12597704 1.00097525 0
vt -7.00097656 1.00097525 0
vt -6.87597656 1.00097525 0
vt -6.75097704 1.00097525 0
vt -6.62597752 1.00097537 0
vt -6.50097704 1.00097537 0
vt -6.37597704 1.00097537 0
vt -6.25097752 1.00097966 0
vt -6.12597656 1.00097537 0
vt -6.00097752 1.00097537 0
vt -5.87597656 1.00097537 0
vt -5.75097752 1.00097549 0
vt -5.62597656 1.00097549 0
vt -5.50097704 1.00097549 0
vt -5.37597609 1.00097549 0
vt -5.25097704 1.00097549 0
vt -5.12597752 1.00097549 0
vt -5.00097656 1.00097561 0
vt -4.87597704 1.00097561 0
vt -4.75097656 1.00097561 0
vt -4.62597704 1.00097561 0
vt -4.50097609 1.00097561 0
vt -4.37597704 1.00097561 0
vt -4.25097752 1.00097561 0
vt -4.12597656 1.00097573 0
vt -4.00097704 1.00097573 0
vt -3.87597632 1.00097585 0
vt -3.7509768 1.00097585 0
vt -7.50097704 0.875978231 0
vt -7.37597704 0.875978231 0
vt -7.25097704 0.875974 0
vt -7.12597704 0.875974 0
vt -7.00097656 0.875974 0
vt -6.87597656 0.875974 0
vt -6.75097656 0.875974059 0
vt -6.62597752 0.875978351 0
vt -6.50097656 0.875974059 0
vt -6.37597704 0.875974119 0
vt -6.25097752 0.87597847 0
vt -6.12597656 0.875974178 0
vt -6.00097752 0.875978529 0
vt -5.87597656 0.875974238 0
vt -5.75097752 0.875978529 0
vt -5.62597656 0.875974238 0
vt -5.50097704 0.875974298 0
vt -5.37597609 0.875974298 0
vt -5.25097704 0.875974298 0
vt -5.12597752 0.875978649 0
vt -5.00097656 0.875974357 0
vt -4.87597752 0.875978649 0
vt -4.75097656 0.875974417 0
vt -4.62597704 0.875974417 0
vt -4.50097609 0.875974417 0
vt -4.37597704 0.875974417 0
vt -4.25097752 0.875978768 0
vt -4.12597656 0.875974476 0
vt -4.00097752 0.875978768 0
vt -3.87597632 0.875974536 0
vt -3.7509768 0.875974536 0
vt -7.50097704 0.75097692 0
vt -7.37597704 0.75097692 0
vt -7.25097704 0.75097698 0
vt -7.12597704 0.75097698 0
vt -7.00097656 0.75097698 0
vt -6.87597752 0.75097698 0
vt -6.75097656 0.750972867 0
vt -6.62597752 0.750977039 0
vt -6.50097656 0.750972867 0
vt -6.37597704 0.750977099 0
vt -6.25097609 0.750972986 0
vt -6.12597704 0.750977159 0
vt -6.00097752 0.750977218 0
vt -5.87597656 0.750973046 0
vt -5.75097752 0.750977218 0
vt -5.62597656 0.750973046 0
vt -5.50097704 0.750977278 0
vt -5.37597609 0.750973105 0
vt -5.25097704 0.750977278 0
vt -5.12597752 0.750977337 0
vt -5.00097704 0.750973165 0
vt -4.87597752 0.750977337 0
vt -4.75097656 0.750973225 0
vt -4.62597704 0.750977397 0
vt -4.50097609 0.750973225 0
vt -4.37597704 0.750977397 0
vt -4.25097752 0.750977457 0
vt -4.12597656 0.750973284 0
vt -4.00097704 0.750977457 0
vt -3.87597632 0.750973344 0
vt -3.75097704 0.750977516 0
vt -7.50097752 0.625975728 0
vt -7.37597704 0.625975728 0
vt -7.25097704 0.625975728 0
vt -7.12597609 0.625975788 0
vt -7.00097704 0.625975788 0
vt -6.87597752 0.625975788 0
vt -6.75097656 0.625975847 0
vt -6.62597752 0.625975847 0
vt -6.50097656 0.625975847 0
vt -6.37597704 0.625975907 0
vt -6.25097609 0.625975966 0
vt -6.12597704 0.625975966 0
vt -6.00097752 0.625975966 0
vt -5.87597656 0.625976026 0
vt -5.75097752 0.625976026 0
vt -5.62597656 0.625976026 0
vt -5.50097704 0.625976086 0
vt -5.37597656 0.625976086 0
vt -5.25097704 0.625976086 0
vt -5.12597752 0.625976145 0
vt -5.00097704 0.625976145 0
vt -4.87597752 0.625976145 0
vt -4.75097656 0.625976145 0
vt -4.62597704 0.625976205 0
vt -4.50097656 0.625976205 0
vt -4.37597704 0.625976205 0
vt -4.25097752 0.625976264 0
vt -4.12597704 0.625976264 0
vt -4.00097752 0.625976264 0
vt -3.87597656 0.625976324 0
vt -3.75097704 0.625976324 0
vt -7.50097752 0.50097847 0
vt -7.37597656 0.500974178 0
vt -7.25097704 0.500974178 0
vt -7.12597656 0.500974238 0
vt -7.00097704 0.500974238 0
vt -6.87597752 0.500978529 0
vt -6.75097656 0.500974298 0
vt -6.62597752 0.500978589 0
vt -6.50097656 0.500974298 0
vt -6.37597704 0.500974357 0
vt -6.25097656 0.500974417 0
vt -6.12597704 0.500974417 0
vt -6.00097752 0.500978708 0
vt -5.87597656 0.500974476 0
vt -5.75097752 0.500978768 0
vt -5.62597656 0.500974476 0
vt -5.50097752 0.500974536 0
vt -5.37597656 0.500974536 0
vt -5.25097704 0.500974536 0
vt -5.12597752 0.500978887 0
vt -5.00097704 0.500974596 0
vt -4.87597752 0.500978887 0
vt -4.75097656 0.500974596 0
vt -4.62597704 0.500974655 0
vt -4.50097656 0.500974655 0
vt -4.37597704 0.500974655 0
vt -4.25097752 0.500979006 0
vt -4.12597704 0.500974715 0
vt -4.00097752 0.500974715 0
vt -3.87597656 0.500974774 0
vt -3.75097704 0.500974774 0
vt -7.50097752 0.375977278 0
vt -7.37597656 0.375973016 0
vt -7.25097704 0.375977337 0
vt -7.12597656 0.375973046 0
vt -7.00097704 0.375977367 0
vt -6.87597752 0.375977397 0
vt -6.75097704 0.375973105 0
vt -6.62597752 0.375977427 0
vt -6.50097656 0.375973135 0
vt -6.37597704 0.375977457 0
vt -6.25097656 0.375973195 0
vt -6.12597704 0.375977486 0
vt -6.00097799 0.375977516 0
vt -5.87597704 0.375973225 0
vt -5.75097752 0.375977546 0
vt -5.62597656 0.375973284 0
vt -5.50097752 0.375977576 0
vt -5.37597656 0.375973314 0
vt -5.25097704 0.375977606 0
vt -5.12597752 0.375977665 0
vt -5.00097704 0.375973403 0
vt -4.87597752 0.375977695 0
vt -4.75097656 0.375973433 0
vt -4.62597752 0.375977725 0
vt -4.50097656 0.375973463 0
vt -4.37597704 0.375977784 0
vt -4.25097609 0.375973493 0
vt -4.12597656 0.375973523 0
vt -4.00097704 0.375977814 0
vt -3.87597656 0.375973552 0
vt -3.75097728 0.375977874 0
vt -7.50097752 0.250976086 0
vt -7.37597656 0.250976115 0
vt -7.25097704 0.250976145 0
vt -7.12597656 0.250976145 0
vt -7.00097704 0.250976175 0
vt -6.87597799 0.250976205 0
vt -6.75097704 0.250976205 0
vt -6.62597752 0.250976235 0
vt -6.50097656 0.250976235 0
vt -6.37597704 0.250976264 0
vt -6.25097656 0.250976294 0
vt -6.12597704 0.250976294 0
vt -6.00097799 0.250976324 0
vt -5.87597704 0.250976324 0
vt -5.75097752 0.250976354 0
vt -5.62597656 0.250976384 0
vt -5.50097752 0.250976384 0
vt -5.37597656 0.250972122 0
vt -5.25097704 0.250976413 0
vt -5.12597799 0.250976473 0
vt -5.00097656 0.250976503 0
vt -4.87597704 0.250976503 0
vt -4.75097656 0.250976533 0
vt -4.62597704 0.250976533 0
vt -4.50097609 0.250972271 0
vt -4.37597656 0.250976592 0
vt -4.25097609 0.250972301 0
vt -4.12597656 0.250976622 0
vt -4.00097704 0.250976622 0
vt -3.87597656 0.250976652 0
vt -3.75097704 0.250976682 0
vt -7.50097752 0.125978827 0
vt -7.37597656 0.125974789 0
vt -7.25097704 0.125974804 0
vt -7.12597656 0.125974819 0
vt -7.00097704 0.125974849 0
vt -6.87597799 0.125978917 0
vt -6.75097704 0.125974894 0
vt -6.62597752 0.125978962 0
vt -6.50097656 0.125974923 0
vt -6.37597752 0.125974953 0
vt -6.25097656 0.125974968 0
vt -6.12597704 0.125974983 0
vt -6.00097799 0.125979051 0
vt -5.87597656 0.125975013 0
vt -5.75097704 0.125975043 0
vt -5.62597609 0.125975072 0
vt -5.50097704 0.125975087 0
vt -5.37597609 0.125975102 0
vt -5.25097704 0.125975117 0
vt -5.12597609 0.125975147 0
vt -5.00097656 0.125975162 0
vt -4.87597704 0.125975177 0
vt -4.75097656 0.125975192 0
vt -4.62597704 0.125975206 0
vt -4.50097609 0.125975251 0
vt -4.37597656 0.125975266 0
vt -4.25097609 0.125975281 0
vt -4.12597656 0.125975296 0
vt -4.00097704 0.125975311 0
vt -3.87597656 0.125975341 0
vt -3.75097728 0.125975356 0
vt -7.50097752 0.000977510237 0
vt -7.37597656 0.000973595772 0
vt -7.25097752 0.000977549236 0
vt -7.12597656 0.000973634771 0
vt -7.00097704 0.000977588235 0
vt -6.87597799 0.000977607793 0
vt -6.75097704 0.000973693328 0
vt -6.62597752 0.000977646792 0
vt -6.50097609 0.000973732327 0
vt -6.37597704 0.000977685675 0
vt -6.25097609 0.000973771384 0
vt -6.12597656 0.000977724674 0
vt -6.00097609 0.000973810384 0
vt -5.87597656 0.000973829883 0
vt -5.75097752 0.000977783231 0
vt -5.62597656 0.00097386894 0
vt -5.50097704 0.00097782223 0
vt -5.37597609 0.00097390794 0
vt -5.25097656 0.000977861346 0
vt -5.12597609 0.000973946939 0
vt -5.00097656 0.000973966438 0
vt -4.87597704 0.000977919786 0
vt -4.75097656 0.000974005437 0
vt -4.62597704 0.000977958902 0
vt -4.50097609 0.000974044495 0
vt -4.37597704 0.000977997901 0
vt -4.25097609 0.000974083494 0
vt -4.12597656 0.000974102993 0
vt -4.00097704 0.000978056458 0
vt -3.8759768 0.000974142051 0
vt -3.75097728 0.000978095457 0
vn 0 -0 -1
vn 0 -0 -1
vn 0 -4.76837158e-07 -1
vn 0 -4.76837158e-07 -1
vn 1 -0 -0
vn 1 -0 -0
vn 1 0 0
vn 1 -0 -0
vn 1 -0 -0
vn 1 -0 -0
vn 1 0 0
vn 1 0 0
vn 1 -0 -0
vn 1 -0 -0
vn 1 -4.76837158e-07 0
vn 1 0 0
vn 1 -0 -0
vn 1 -0 -0
vn 1 -4.76837272e-07 0
vn 1 -4.76837158e-07 0
vn -0 -0 1
vn 0 0 1
vn 0 2.38418579e-07 1
vn 0 4.76836959e-07 1
vn 0 0 1
vn 0 0 1
vn 0 2.38418579e-07 1
vn 0 2.38418579e-07 1
vn 0 0 1
vn 0 0 1
vn 0 2.38418579e-07 1
vn 0 2.38418579e-07 1
vn 0 0 1
vn 0 0 1
vn 0 0 1
vn 0 2.38418579e-07 1
vn 0 0 1
vn 0 0 1
vn 0 0 1
vn 0 0 1
vn 0 0 1
vn 0 0 1
vn 0 -2.38418579e-07 1
vn 0 0 1
vn 0 0 1
vn 0 0 1
vn 0 -2.38418579e-07 1
vn 0 -2.38418579e-07 1
vn 0 0 1
vn 0 0 1
vn 0 -2.38418579e-07 1
vn 0 -2.38418579e-07 1
vn 0 0 1
vn 0 0 1
vn 0 -4.76837158e-07 1
vn 0 -2.38418579e-07 1
vn 0 -0 -1
vn 0 -0 -1
vn 0 2.38418579e-07 -1
vn 0 2.98023224e-07 -1
vn 0 -0 -1
vn 0 -0 -1
vn 0 1.1920929e-07 -1
vn 0 2.38418579e-07 -1
vn 0 -0 -1
vn 0 -0 -1
vn 0 5.96046448e-08 -1
vn 0 1.1920929e-07 -1
vn 0 -0 -1
vn 0 -0 -1
vn 0 0 -1
vn 0 5.96046448e-08 -1
vn 0 -0 -1
vn 0 -0 -1
vn 0 -1.1920929e-07 -1
vn 0 0 -1
vn 0 -0 -1
vn 0 -0 -1
vn 0 -2.38418579e-07 -1
vn 0 -1.1920929e-07 -1
vn 0 -0 -1
vn 0 -0 -1
vn 0 -3.57627897e-07 -1
vn 0 -2.38418579e-07 -1
vn 0 -0 -1
vn 0 -0 -1
vn 0 -4.76837158e-07 -1
vn 0 -3.57627897e-07 -1
vn 0 -4.76837158e-07 -1
vn 0 -4.76837158e-07 -1
vn -0 -2.38420569e-07 -1
vn 1.1920929e-07 -2.38420569e-07 -1
vn 1 -0 -0
vn 1 0 0
vn 1 0 0
vn 1 -0 -0
vn 1 0 0
vn 1 0 0
vn 1 1.13687868e-13 4.76837386e-07
vn 1 0 0
vn 1 0 0
vn 1 -4.76837158e-07 0
vn 1 -3.83589037e-12 4.76836931e-07
vn 1 1.13687868e-13 4.76837386e-07
vn 1 -4.76837158e-07 0
vn 1 -4.76837272e-07 0
vn 1 -3.79970447e-12 -0
vn 1 -3.83589037e-12 4.76836931e-07
vn 0 4.76836959e-07 1
vn 0 2.38418579e-07 1
vn -2.38418437e-07 1.99032067e-12 1
vn -4.76837158e-07 2.3842054e-07 1
vn 0 2.38418579e-07 1
vn 0 2.38418579e-07 1
vn 0 1.99032045e-12 1
vn -2.38418437e-07 1.99032067e-12 1
vn 0 2.38418579e-07 1
vn 0 2.38418579e-07 1
vn -2.38418664e-07 1.99032045e-12 1
vn 0 1.99032045e-12 1
vn 0 2.38418579e-07 1
vn 0 0 1
vn -2.38418508e-07 4.74529374e-19 1
vn -2.38418664e-07 1.99032045e-12 1
vn 0 0 1
vn 0 0 1
vn -2.38418721e-07 4.74529374e-19 1
vn -2.38418508e-07 4.74529374e-19 1
vn 0 0 1
vn 0 -2.38418579e-07 1
vn -2.38418608e-07 -1.98127365e-12 1
vn -2.38418721e-07 4.74529374e-19 1
vn 0 -2.38418579e-07 1
vn 0 -2.38418579e-07 1
vn 0 -1.99032045e-12 1
vn -2.38418608e-07 -1.98127365e-12 1
vn 0 -2.38418579e-07 1
vn 0 -2.38418579e-07 1
vn -2.38418608e-07 -1.99032045e-12 1
vn 0 -1.99032045e-12 1
vn 0 -2.38418579e-07 1
vn 0 -4.76837158e-07 1
vn -2.38418579e-07 -2.38420569e-07 1
vn -2.38418608e-07 -1.99032045e-12 1
vn 0 2.98023224e-07 -1
vn 0 2.38418579e-07 -1
vn 1.78813977e-07 1.19210341e-07 -1
vn 1.78813835e-07 1.19210767e-07 -1
vn 0 2.38418579e-07 -1
vn 0 1.1920929e-07 -1
vn 1.78813949e-07 5.96051635e-08 -1
vn 1.78813977e-07 1.19210341e-07 -1
vn 0 1.1920929e-07 -1
vn 0 5.96046448e-08 -1
vn 1.1920929e-07 4.97580113e-13 -1
vn 1.78813949e-07 5.96051635e-08 -1
vn 0 5.96046448e-08 -1
vn 0 0 -1
vn 1.78813949e-07 3.53740092e-19 -1
vn 1.1920929e-07 4.97580113e-13 -1
vn 0 0 -1
vn 0 -1.1920929e-07 -1
vn 2.38418579e-07 -9.90636826e-13 -1
vn 1.78813949e-07 3.53740092e-19 -1
vn 0 -1.1920929e-07 -1
vn 0 -2.38418579e-07 -1
vn 2.38418664e-07 -1.19210299e-07 -1
vn 2.38418579e-07 -9.90636826e-13 -1
vn 0 -2.38418579e-07 -1
vn 0 -3.57627897e-07 -1
vn 2.38418636e-07 -2.38419602e-07 -1
vn 2.38418664e-07 -1.19210299e-07 -1
vn 0 -3.57627897e-07 -1
vn 0 -4.76837158e-07 -1
vn 1.1920929e-07 -2.38420569e-07 -1
vn 2.38418636e-07 -2.38419602e-07 -1
vn -0 -4.76837215e-07 1
vn 0 -2.38420569e-07 1
vn -2.38418579e-07 -2.38420569e-07 1
vn 0 -4.76837158e-07 1
vn -1 1.49013797e-08 -5.46376384e-07
vn -1 2.98025782e-08 -4.96704615e-07
vn -1 1.49009054e-08 -4.96704615e-07
vn -1 -9.61234334e-14 -5.46376441e-07
vn 2.38418437e-07 2.38419631e-07 -1
vn -0 3.57627812e-07 -1
vn 0 2.98023224e-07 -1
vn 1.78813835e-07 1.19210767e-07 -1
vn -1 -2.98023195e-07 4.96705411e-07
vn -1 -1.49013317e-07 3.97363806e-07
vn -1 -1.19209886e-07 3.97363891e-07
vn -1 -2.68221072e-07 4.96705411e-07
vn -0 3.57627812e-07 -1
vn -0 -0 -1
vn 0 -0 -1
vn 0 2.98023224e-07 -1
vn -0.99999994 -0 4.96706264e-07
vn -1 -2.98023195e-07 4.96705411e-07
vn -1 -2.68221072e-07 4.96705411e-07
vn -1 2.36848003e-13 4.96706264e-07
vn 0 0 1
vn -0 -4.76837215e-07 1
vn 0 -4.76837158e-07 1
vn 0 0 1
vn -1 2.98025782e-08 -4.96704615e-07
vn -0.99999994 0 -4.96704274e-07
vn -1 -2.36847055e-13 -4.96704274e-07
vn -1 1.49009054e-08 -4.96704615e-07
vn -0.99999994 -3.97370137e-08 -5.46376441e-07
vn -1 -9.93431026e-09 -4.13921498e-07
vn -1 -1.67769729e-13 -2.11100243e-07
vn -1 -4.96716304e-08 -4.96705923e-07
vn -1 -9.93431026e-09 -4.13921498e-07
vn -0.99999994 -3.97370137e-08 -5.46376441e-07
vn -1 1.49013797e-08 -5.46376384e-07
vn -1 -9.61234334e-14 -5.46376441e-07
vn -2.38418565e-07 6.35786421e-07 1
vn 0 6.35786478e-07 1
vn -0 7.94739776e-07 1
vn -0 7.94739776e-07 1
vn 0 6.35786478e-07 1
vn -2.38418565e-07 6.35786421e-07 1
vn -2.38418579e-07 -2.38420569e-07 1
vn 0 -2.38420569e-07 1
vn -2.38418565e-07 2.38416547e-07 1
vn -2.38418565e-07 6.35786421e-07 1
vn -0 7.94739776e-07 1
vn -0 -0 1
vn -2.38418565e-07 6.35786421e-07 1
vn -2.38418565e-07 2.38416547e-07 1
vn -2.38418608e-07 -1.99032045e-12 1
vn -2.38418579e-07 -2.38420569e-07 1
vn 0 2.3841659e-07 1
vn -2.38418565e-07 2.38416547e-07 1
vn -0 -0 1
vn -0 -0 1
vn -2.38418565e-07 2.38416547e-07 1
vn 0 2.3841659e-07 1
vn 0 -1.99032045e-12 1
vn -2.38418608e-07 -1.99032045e-12 1
vn 0 2.3841659e-07 1
vn 0 2.3841659e-07 1
vn -0 -0 1
vn -0 -0 1
vn 0 2.3841659e-07 1
vn 0 2.3841659e-07 1
vn -2.38418608e-07 -1.98127365e-12 1
vn 0 -1.99032045e-12 1
vn 0 0 1
vn 0 2.3841659e-07 1
vn -0 -0 1
vn -0 -0 1
vn 0 2.3841659e-07 1
vn 0 0 1
vn -2.38418721e-07 4.74529374e-19 1
vn -2.38418608e-07 -1.98127365e-12 1
vn 0 0 1
vn 0 0 1
vn -0 -0 1
vn -0 -0 1
vn 0 0 1
vn 0 0 1
vn -2.38418508e-07 4.74529374e-19 1
vn -2.38418721e-07 4.74529374e-19 1
vn 0 -2.3841659e-07 1
vn 0 0 1
vn -0 -0 1
vn -0 -0 1
vn 0 0 1
vn 0 -2.3841659e-07 1
vn -2.38418664e-07 1.99032045e-12 1
vn -2.38418508e-07 4.74529374e-19 1
vn 0 -2.3841659e-07 1
vn 0 -2.3841659e-07 1
vn -0 -0 1
vn -0 -0 1
vn 0 -2.3841659e-07 1
vn 0 -2.3841659e-07 1
vn 0 1.99032045e-12 1
vn -2.38418664e-07 1.99032045e-12 1
vn -2.38418664e-07 -2.38416703e-07 1
vn 0 -2.3841659e-07 1
vn -0 -0 1
vn -0 -0 1
vn 0 -2.3841659e-07 1
vn -2.38418664e-07 -2.38416703e-07 1
vn -2.38418437e-07 1.99032067e-12 1
vn 0 1.99032045e-12 1
vn -4.76837158e-07 -6.35786705e-07 1
vn -2.38418664e-07 -2.38416703e-07 1
vn -0 -0 1
vn -0 -7.94739776e-07 1
vn -2.38418664e-07 -2.38416703e-07 1
vn -4.76837158e-07 -6.35786705e-07 1
vn -4.76837158e-07 2.3842054e-07 1
vn -2.38418437e-07 1.99032067e-12 1
vn 1 4.76833179e-07 0
vn 1 4.76833378e-07 0
vn 1 -0 0
vn 1 -0 0
vn 1 4.76833378e-07 0
vn 1 4.76833179e-07 0
vn 1 -3.83589037e-12 4.76836931e-07
vn 1 -3.79970447e-12 -0
vn 1 0 0
vn 1 4.76833179e-07 0
vn 1 -0 0
vn 1 -0 0
vn 1 4.76833179e-07 0
vn 1 0 0
vn 1 1.13687868e-13 4.76837386e-07
vn 1 -3.83589037e-12 4.76836931e-07
vn 1 0 0
vn 1 0 0
vn 1 -0 0
vn 1 -0 0
vn 1 0 0
vn 1 0 0
vn 1 0 0
vn 1 1.13687868e-13 4.76837386e-07
vn 0.99999994 -0 -0
vn 1 0 0
vn 1 -0 0
vn 1 -0 -0
vn 1 0 0
vn 0.99999994 -0 -0
vn 1 -0 -0
vn 1 0 0
vn 0 6.35786478e-07 -1
vn -0 6.35786478e-07 -1
vn -0 7.94739776e-07 -1
vn -0 7.94739776e-07 -1
vn -0 6.35786478e-07 -1
vn 0 6.35786478e-07 -1
vn 1.1920929e-07 -2.38420569e-07 -1
vn -0 -2.38420569e-07 -1
vn 1.1920929e-07 5.16578211e-07 -1
vn 0 6.35786478e-07 -1
vn -0 7.94739776e-07 -1
vn -0 7.94739776e-07 -1
vn 0 6.35786478e-07 -1
vn 1.1920929e-07 5.16578211e-07 -1
vn 2.38418636e-07 -2.38419602e-07 -1
vn 1.1920929e-07 -2.38420569e-07 -1
vn 2.38418579e-07 3.17893154e-07 -1
vn 1.1920929e-07 5.16578211e-07 -1
vn -0 7.94739776e-07 -1
vn -0 3.97369888e-07 -1
vn 1.1920929e-07 5.16578211e-07 -1
vn 2.38418579e-07 3.17893154e-07 -1
vn 2.38418664e-07 -1.19210299e-07 -1
vn 2.38418636e-07 -2.38419602e-07 -1
vn 1.19209275e-07 1.19208266e-07 -1
vn 2.38418579e-07 3.17893154e-07 -1
vn -0 3.97369888e-07 -1
vn -0 0 -1
vn 2.38418579e-07 3.17893154e-07 -1
vn 1.19209275e-07 1.19208266e-07 -1
vn 2.38418579e-07 -9.90636826e-13 -1
vn 2.38418664e-07 -1.19210299e-07 -1
vn 0 0 -1
vn 1.19209275e-07 1.19208266e-07 -1
vn -0 0 -1
vn -0 0 -1
vn 1.19209275e-07 1.19208266e-07 -1
vn 0 0 -1
vn 1.78813949e-07 3.53740092e-19 -1
vn 2.38418579e-07 -9.90636826e-13 -1
vn 5.96046661e-08 -5.96041616e-08 -1
vn 0 0 -1
vn -0 0 -1
vn -0 0 -1
vn 0 0 -1
vn 5.96046661e-08 -5.96041616e-08 -1
vn 1.1920929e-07 4.97580113e-13 -1
vn 1.78813949e-07 3.53740092e-19 -1
vn 1.19209332e-07 -1.58946676e-07 -1
vn 5.96046661e-08 -5.96041616e-08 -1
vn -0 0 -1
vn -0 -1.98684944e-07 -1
vn 5.96046661e-08 -5.96041616e-08 -1
vn 1.19209332e-07 -1.58946676e-07 -1
vn 1.78813949e-07 5.96051635e-08 -1
vn 1.1920929e-07 4.97580113e-13 -1
vn 5.96046732e-08 -3.17893267e-07 -1
vn 1.19209332e-07 -1.58946676e-07 -1
vn -0 -1.98684944e-07 -1
vn -0 -3.97369888e-07 -1
vn 1.19209332e-07 -1.58946676e-07 -1
vn 5.96046732e-08 -3.17893267e-07 -1
vn 1.78813977e-07 1.19210341e-07 -1
vn 1.78813949e-07 5.96051635e-08 -1
vn 2.38418494e-07 -3.77497514e-07 -1
vn 5.96046732e-08 -3.17893267e-07 -1
vn -0 -3.97369888e-07 -1
vn 1.19209254e-07 -3.97369945e-07 -1
vn 5.96046732e-08 -3.17893267e-07 -1
vn 2.38418494e-07 -3.77497514e-07 -1
vn 1.78813835e-07 1.19210767e-07 -1
vn 1.78813977e-07 1.19210341e-07 -1
vn 4.76836931e-07 -4.17235924e-07 -0.99999994
vn 2.38418494e-07 -3.77497514e-07 -1
vn 1.19209254e-07 -3.97369945e-07 -1
vn 2.38418437e-07 -5.96054974e-07 -1
vn 2.38418494e-07 -3.77497514e-07 -1
vn 4.76836931e-07 -4.17235924e-07 -0.99999994
vn 2.38418437e-07 2.38419631e-07 -1
vn 1.78813835e-07 1.19210767e-07 -1
vn -1 3.64253737e-07 2.6490946e-07
vn -1 3.97366591e-07 3.97364545e-07
vn -0.99999994 4.96712687e-07 4.96705525e-07
vn -1 3.97370115e-07 2.48352336e-07
vn -1 3.97366591e-07 3.97364545e-07
vn -1 3.64253737e-07 2.6490946e-07
vn -1 -1.19209886e-07 3.97363891e-07
vn -1 -1.49013317e-07 3.97363806e-07
vn -1 3.97370115e-07 2.48352336e-07
vn -1 3.97369888e-07 -3.31591742e-13
vn -0.99999994 3.9736986e-07 -5.9604929e-08
vn -1 3.64253737e-07 2.6490946e-07
vn -1 3.97369888e-07 -3.31591742e-13
vn -1 1.98684944e-07 -1.49012589e-08
vn -1 1.98684873e-07 -8.94070382e-08
vn -0.99999994 3.9736986e-07 -5.9604929e-08
vn -1 1.98684944e-07 -1.49012589e-08
vn -0.99999994 1.49013715e-07 2.23516068e-08
vn -1 1.49013616e-07 -1.04308235e-07
vn -1 1.98684873e-07 -8.94070382e-08
vn -0.99999994 1.49013715e-07 2.23516068e-08
vn -1 -1.67769729e-13 -2.11100243e-07
vn -1 -9.93431026e-09 -4.13921498e-07
vn -1 1.49013616e-07 -1.04308235e-07
vn -0 -1 0
vn 0 -1 0
vn 0 -1 -0
vn -0 -1 -0
vn 0 -1 0
vn 0 -1 0
vn 0 -1 -0
vn 0 -1 -0
vn 0 -1 0
vn 0 -1 0
vn 0 -1 -0
vn 0 -1 -0
vn 0 -1 0
vn 0 -1 0
vn 0 -1 -0
vn 0 -1 -0
vn 0 -1 0
vn 0 -1 0
vn 0 -1 -0
vn 0 -1 -0
vn 0 -1 0
vn 0 -1 0
vn 0 -1 -0
vn 0 -1 -0
vn 0 -1 0
vn 0 -1 0
vn 0 -1 -0
vn 0 -1 -0
vn 0 -1 0
vn 0 -1 0
vn 0 -1 -0
vn 0 -1 -0
vn 0 -1 0
vn 0 -1 0
vn 0 -1 0
vn 0 -1 -0
vn -0 -1 0
vn 0 -1 0
vn 0 -1 0
vn -0 -1 0
vn 0 -1 0
vn 0 -1 0
vn 0 -1 0
vn 0 -1 0
vn 0 -1 0
vn 0 -1 0
vn 0 -1 0
vn 0 -1 0
vn 0 -1 0
vn 0 -1 0
vn 0 -1 0
vn 0 -1 0
vn 0 -1 0
vn 0 -1 0
vn 0 -1 0
vn 0 -1 0
vn 0 -1 0
vn 0 -1 0
vn 0 -1 0
vn 0 -1 0
vn 0 -1 0
vn 0 -1 0
vn 0 -1 0
vn 0 -1 0
vn 0 -1 0
vn 0 -1 0
vn 0 -1 0
vn 0 -1 0
vn 0 -1 0
vn 0 -1 0
vn 0 -1 0
vn 0 -1 0
vn -0 -1 0
vn 0 -1 0
vn 0 -1 0
vn -0 -1 0
vn 0 -1 0
vn 0 -1 0
vn 0 -1 0
vn 0 -1 0
vn 0 -1 0
vn 0 -1 0
vn 0 -1 0
vn 0 -1 0
vn 0 -1 0
vn 0 -1 0
vn 0 -1 0
vn 0 -1 0
vn 0 -1 0
vn 0 -1 0
vn 0 -1 0
vn 0 -1 0
vn 0 -1 0
vn 0 -1 0
vn 0 -1 0
vn 0 -1 0
vn 0 -1 0
vn 0 -1 0
vn 0 -1 0
vn 0 -1 0
vn 0 -1 0
vn 0 -1 0
vn 0 -1 0
vn 0 -1 0
vn 0 -1 0
vn 0 -1 0
vn 0 -1 0
vn 0 -1 0
vn -0 -1 0
vn -0 -1 0
vn 0 -1 0
vn -0 -1 0
vn -0 -1 0
vn -0 -1 0
vn 0 -1 0
vn 0 -1 0
vn -0 -1 0
vn -0 -1 0
vn 0 -1 0
vn 0 -1 0
vn -0 -1 0
vn -0 -1 0
vn 0 -1 0
vn 0 -1 0
vn -0 -1 0
vn -0 -1 0
vn 0 -1 0
vn 0 -1 0
vn -0 -1 0
vn -0 -1 0
vn 0 -1 0
vn 0 -1 0
vn -0 -1 0
vn -0 -1 0
vn 0 -1 0
vn 0 -1 0
vn -0 -1 0
vn -0 -1 0
vn 0 -1 0
vn 0 -1 0
vn -0 -1 0
vn 0 -1 0
vn 0 -1 0
vn 0 -1 0
vn -9.38312269e-07 -1 -4.6915639e-07
vn 0 -1 0
vn 0 -1 0
vn 0 -1 0
vn -9.38312269e-07 -1 -4.6915639e-07
vn -3.17891863e-06 -1 -1.58946023e-06
vn -0 -1 1.19209119e-06
vn 0 -1 0
vn 0 -1 0
vn -0 -1 1.19209119e-06
vn 0 -1 -0
vn 0 -1 0
vn 0 -1 0
vn 0 -1 -0
vn -5.68435652e-13 -1 1.19209597e-06
vn 0 -1 0
vn 9.38310563e-07 -1 -4.69155424e-07
vn 0 -1 0
vn 9.38310563e-07 -1 -4.69155424e-07
vn 0 -1 0
vn -5.68435652e-13 -1 1.19209597e-06
vn 3.17891227e-06 -1 -1.58945682e-06
vn 1 -0 -0
vn 1 0 0
vn 1 -0 -0
vn 1 -0 -0
vn 0 -0 -1
vn 0 -0 -1
vn 0 0 -1
vn 0 -0 -1
vn 0 -0 -1
vn 0 0 -1
vn 0 0 -1
vn 0 0 -1
vn 0 0 -1
vn 0 0 -1
vn 0 0 -1
vn 0 -0 -1
vn 0 -0 -1
vn 0 0 -1
vn 0 0 -1
vn 0 -0 -1
vn 0 -0 -1
vn 0 0 -1
vn 0 0 -1
vn 0 -0 -1
vn 0 -0 -1
vn 0 0 -1
vn 0 0 -1
vn 0 -0 -1
vn 0 -0 -1
vn 0 0 -1
vn 0 0 -1
vn 0 -0 -1
vn 0 -0 -1
vn 0 0 -1
vn 0 0 -1
vn 0 -0 -1
vn 0 -0 -1
vn 0 0 -1
vn 0 0 -1
vn 0 -0 -1
vn 0 -0 -1
vn 0 0 -1
vn 0 0 -1
vn 0 -0 -1
vn 0 -0 -1
vn 0 0 -1
vn 0 0 -1
vn 0 -0 -1
vn 0 -0 -1
vn 0 0 -1
vn 0 0 -1
vn 0 -0 -1
vn 0 -0 -1
vn 0 0 -1
vn 0 0 -1
vn 0 -0 -1
vn 0 -0 -1
vn 0 0 -1
vn 0 0 -1
vn 0 -0 -1
vn 0 -0 -1
vn 0 0 -1
vn 0 0 -1
vn 0 -0 -1
vn 0 -0 -1
vn 0 0 -1
vn 0 0 -1
vn 0 -0 -1
vn 0 -0 -1
vn 0 0 -1
vn 0 0 -1
vn 0 -0 -1
vn 0 -0 -1
vn 0 0 -1
vn 0 0 -1
vn 0 -0 -1
vn 0 -0 -1
vn 0 0 -1
vn 0 0 -1
vn 0 -0 -1
vn 0 -0 -1
vn 0 0 -1
vn 0 0 -1
vn 0 -0 -1
vn 0 -0 -1
vn 0 0 -1
vn 0 0 -1
vn 0 -0 -1
vn 0 -0 -1
vn 0 0 -1
vn 0 0 -1
vn 0 -0 -1
vn 0 -0 -1
vn 0 0 -1
vn 0 0 -1
vn 0 -0 -1
vn 0 -0 -1
vn 0 0 -1
vn 0 0 -1
vn 0 -0 -1
vn 0 -0 -1
vn 0 0 -1
vn 0 0 -1
vn 0 -0 -1
vn 0 -0 -1
vn 0 0 -1
vn 0 0 -1
vn 0 -0 -1
vn 0 -0 -1
vn 0 0 -1
vn 0 0 -1
vn 0 -0 -1
vn 0 -0 -1
vn 0 0 -1
vn 0 0 -1
vn 0 -0 -1
vn 0 -0 -1
vn 0 0 -1
vn 0 0 -1
vn 0 -0 -1
vn 0 -0 -1
vn 0 0 -1
vn -0 0 -1
vn -0 -0 -1
vn -1 -0 -0
vn -1 -0 0
vn -1 0 0
vn -1 0 -0
vn -1 0 -0
vn -1 0 0
vn -1 0 0
vn -1 0 -0
vn -1 0 -0
vn -1 0 0
vn -1 0 0
vn -1 0 -0
vn -1 0 -0
vn -1 0 0
vn -1 0 0
vn -1 0 -0
vn -1 0 -0
vn -1 0 0
vn -1 0 0
vn -1 0 -0
vn -1 0 -0
vn -1 0 0
vn -1 0 0
vn -1 0 -0
vn -1 0 -0
vn -1 0 0
vn -1 0 0
vn -1 0 -0
vn -1 0 -0
vn -1 0 0
vn -1 0 -0
vn -1 0 -0
vn 0 0 1
vn 0 0 1
vn 0 0 1
vn 0 0 1
vn 0 0 1
vn 0 0 1
vn 0 0 1
vn 0 0 1
vn 0 0 1
vn 0 0 1
vn 0 0 1
vn 0 0 1
vn 0 0 1
vn 0 0 1
vn 0 0 1
vn 0 0 1
vn 0 0 1
vn 0 0 1
vn 0 0 1
vn 0 0 1
vn 0 0 1
vn 0 0 1
vn -0 -0 1
vn -0 -0 1
vn 0 0 1
vn 0 -0 1
vn 0 0 1
vn 0 0 1
vn 0 0 1
vn 0 0 1
vn 0 0 1
vn 0 0 1
vn 0 0 1
vn 0 0 1
vn -0 -0 1
vn -0 -0 1
vn 1 -0 -0
vn 1 0 0
vn 1 0 0
vn 0.99999994 -0 -0
vn 0.99999994 -0 -0
vn 1 0 0
vn 1 2.55825174e-08 1.52483583e-14
vn 1 -0 -0
vn 1 -0 -0
vn 1 2.12836184e-07 1.26860287e-13
vn 1 0 0
vn 1 -0 -0
vn 1 0 0
vn 1 6.34301978e-14 -1.33022795e-07
vn 1 -0 -0
vn 1 -0 -0
vn 0 -0 -1
vn 0 -0 -1
vn 0 0 -1
vn 0 0 -1
vn 0 0 -1
vn 0 0 -1
vn 0 0 -1
vn 0 0 -1
vn 0 0 -1
vn 0 0 -1
vn 0 0 -1
vn 0 0 -1
vn 0 0 -1
vn 0 0 -1
vn 0 0 -1
vn 0 0 -1
vn 0 0 -1
vn 0 0 -1
vn 0 0 -1
vn 0 0 -1
vn 0 0 -1
vn 0 0 -1
vn 0 0 -1
vn 0 0 -1
vn 0 0 -1
vn 0 0 -1
vn 0 0 -1
vn 0 0 -1
vn 0 0 -1
vn 0 0 -1
vn 0 0 -1
vn 0 0 -1
vn 0 0 -1
vn 0 0 -1
vn 0 0 -1
vn 0 0 -1
vn 0 0 -1
vn 0 0 -1
vn 0 0 -1
vn 0 0 -1
vn 0 0 -1
vn 0 0 -1
vn 0 0 -1
vn 0 0 -1
vn 0 0 -1
vn 0 0 -1
vn 0 0 -1
vn 0 0 -1
vn 0 0 -1
vn 0 0 -1
vn 0 0 -1
vn 0 0 -1
vn 0 0 -1
vn 0 0 -1
vn 0 0 -1
vn 0 0 -1
vn 0 0 -1
vn 0 0 -1
vn 0 0 -1
vn 0 0 -1
vn 0 0 -1
vn 0 0 -1
vn 0 0 -1
vn 0 0 -1
vn 0 0 -1
vn 0 0 -1
vn 0 0 -1
vn 0 0 -1
vn 0 0 -1
vn 0 0 -1
vn 0 0 -1
vn 0 0 -1
vn 0 0 -1
vn 0 0 -1
vn 0 0 -1
vn 0 0 -1
vn 0 0 -1
vn 0 0 -1
vn 0 0 -1
vn 0 0 -1
vn 0 0 -1
vn 0 0 -1
vn 0 0 -1
vn 0 0 -1
vn 0 0 -1
vn 0 0 -1
vn 0 0 -1
vn 0 0 -1
vn 0 0 -1
vn 0 0 -1
vn 0 0 -1
vn 0 0 -1
vn 0 0 -1
vn 0 0 -1
vn 0 0 -1
vn 0 0 -1
vn 0 0 -1
vn 0 0 -1
vn 0 0 -1
vn 0 0 -1
vn 0 0 -1
vn 0 0 -1
vn 0 0 -1
vn 0 0 -1
vn 0 0 -1
vn 0 0 -1
vn 0 0 -1
vn 0 0 -1
vn 0 0 -1
vn 0 0 -1
vn 0 0 -1
vn 0 0 -1
vn 0 0 -1
vn 0 0 -1
vn 0 0 -1
vn 0 0 -1
vn 0 0 -1
vn 0 0 -1
vn -0 0 -1
vn -0 0 -1
vn -1 -0 0
vn -1 -0 0
vn -1 0 0
vn -1 0 0
vn -1 0 0
vn -1 0 0
vn -1 0 0
vn -1 0 0
vn -1 0 0
vn -1 0 0
vn -1 0 0
vn -1 0 0
vn -1 0 0
vn -1 0 0
vn -1 0 0
vn -1 0 0
vn -1 0 0
vn -1 0 0
vn -1 0 0
vn -1 0 0
vn -1 0 0
vn -1 0 0
vn -1 0 0
vn -1 0 0
vn -1 0 0
vn -1 0 0
vn -1 0 0
vn -1 0 0
vn -1 0 0
vn -1 0 0
vn -1 0 -0
vn -1 0 -0
vn 0 0 1
vn -0 -4.76837158e-07 1
vn 0 -4.76837158e-07 1
vn 0 0 1
vn 0 0 1
vn 0 -4.76837158e-07 1
vn 0 -4.76837158e-07 1
vn 0 0 1
vn 0 0 1
vn 0 -4.76837158e-07 1
vn 0 -4.76837158e-07 1
vn 0 0 1
vn 0 0 1
vn 0 -4.76837158e-07 1
vn 0 -4.76837158e-07 1
vn 0 0 1
vn 0 0 1
vn 0 -4.76837158e-07 1
vn 0 -4.76837158e-07 1
vn 0 0 1
vn 0 0 1
vn 0 -4.76837158e-07 1
vn -0 -4.76837158e-07 1
vn -0 -0 1
vn 0 -0 1
vn -0 -4.76837158e-07 1
vn 0 -4.76837158e-07 1
vn 0 0 1
vn 0 0 1
vn 0 -4.76837158e-07 1
vn 0 -4.76837158e-07 1
vn 0 0 1
vn 0 0 1
vn 0 -4.76837158e-07 1
vn -0 -4.76837158e-07 1
vn -0 -0 1
vn 1 0 0
vn 1 0 0
vn 1 -7.62418845e-15 1.59890803e-08
vn 1 0 0
vn 1 0 0
vn 1 -7.62418845e-15 1.59890803e-08
vn 0.99999994 6.10666438e-14 3.19781712e-08
vn 1 2.55825174e-08 1.52483583e-14
vn 1 2.12836184e-07 1.26860287e-13
vn 1 -3.98063987e-13 -2.66045305e-07
vn 1 6.34301978e-14 -1.33022795e-07
vn 1 0 0
vn 1 6.34301978e-14 -1.33022795e-07
vn 1 0 0
vn 1 -0 -0
vn 1 -0 -0
vn 0 -0 -1
vn 0 -0 -1
vn 0 0 -1
vn 0 0 -1
vn 0 0 -1
vn 0 0 -1
vn 0 0 -1
vn 0 0 -1
vn 0 0 -1
vn 0 0 -1
vn 0 0 -1
vn 0 0 -1
vn 0 0 -1
vn 0 0 -1
vn 0 0 -1
vn 0 0 -1
vn 0 0 -1
vn 0 0 -1
vn 0 0 -1
vn 0 0 -1
vn 0 0 -1
vn 0 0 -1
vn 0 0 -1
vn 0 0 -1
vn 0 0 -1
vn 0 0 -1
vn 0 0 -1
vn 0 0 -1
vn 0 0 -1
vn 0 0 -1
vn 0 0 -1
vn 0 0 -1
vn 0 0 -1
vn 0 0 -1
vn 0 0 -1
vn 0 0 -1
vn 0 0 -1
vn 0 0 -1
vn 0 0 -1
vn 0 0 -1
vn 0 0 -1
vn 0 0 -1
vn 0 0 -1
vn 0 0 -1
vn 0 0 -1
vn 0 0 -1
vn 0 0 -1
vn 0 0 -1
vn 0 0 -1
vn 0 0 -1
vn 0 0 -1
vn 0 0 -1
vn 0 0 -1
vn 0 0 -1
vn 0 0 -1
vn 0 0 -1
vn 0 0 -1
vn 0 0 -1
vn 0 0 -1
vn 0 0 -1
vn 0 0 -1
vn 0 0 -1
vn 0 0 -1
vn 0 0 -1
vn 0 0 -1
vn 0 0 -1
vn 0 0 -1
vn 0 0 -1
vn 0 0 -1
vn 0 0 -1
vn 0 0 -1
vn 0 0 -1
vn 0 0 -1
vn 0 0 -1
vn 0 0 -1
vn 0 0 -1
vn 0 0 -1
vn 0 0 -1
vn 0 0 -1
vn 0 0 -1
vn 0 0 -1
vn 0 0 -1
vn 0 0 -1
vn 0 0 -1
vn 0 0 -1
vn 0 0 -1
vn 0 0 -1
vn 0 0 -1
vn 0 0 -1
vn 0 0 -1
vn 0 0 -1
vn 0 0 -1
vn 0 0 -1
vn 0 0 -1
vn 0 0 -1
vn 0 0 -1
vn 0 0 -1
vn 0 0 -1
vn 0 0 -1
vn 0 0 -1
vn 0 0 -1
vn 0 0 -1
vn 0 0 -1
vn 0 0 -1
vn 0 0 -1
vn 0 0 -1
vn 0 0 -1
vn 0 0 -1
vn 0 0 -1
vn 0 0 -1
vn 0 0 -1
vn 0 0 -1
vn 0 0 -1
vn 0 0 -1
vn 0 0 -1
vn 0 0 -1
vn 0 0 -1
vn 0 0 -1
vn -0 0 -1
vn -0 0 -1
vn -1 -0 0
vn -1 -0 0
vn -1 0 0
vn -1 0 0
vn -1 0 0
vn -1 0 0
vn -1 0 0
vn -1 0 0
vn -1 0 0
vn -1 0 0
vn -1 0 0
vn -1 0 0
vn -1 0 0
vn -1 0 0
vn -1 0 0
vn -1 0 0
vn -1 0 0
vn -1 0 0
vn -1 0 0
vn -1 0 0
vn -1 0 0
vn -1 0 0
vn -1 0 0
vn -1 0 0
vn -1 0 0
vn -1 0 0
vn -1 0 0
vn -1 0 0
vn -1 0 0
vn -1 0 0
vn -1 0 -0
vn -1 0 -0
vn -0 -4.76837158e-07 1
vn 0 -4.76837158e-07 1
vn 0 -4.76837158e-07 1
vn 0 -4.76837158e-07 1
vn 0 -4.76837158e-07 1
vn 0 -4.76837158e-07 1
vn 0 -4.76837158e-07 1
vn 0 -4.76837158e-07 1
vn 0 -4.76837158e-07 1
vn 0 -4.76837158e-07 1
vn 0 -4.76837158e-07 1
vn 0 -4.76837158e-07 1
vn 0 -4.76837158e-07 1
vn 0 -4.76837158e-07 1
vn 0 -4.76837158e-07 1
vn 0 -4.76837158e-07 1
vn 0 -4.76837158e-07 1
vn 0 -4.76837158e-07 1
vn 0 -4.76837158e-07 1
vn 0 -4.76837158e-07 1
vn 0 -4.76837158e-07 1
vn 0 -4.76837158e-07 1
vn -0 -4.76837158e-07 1
vn -0 -4.76837158e-07 1
vn -0 -4.76837158e-07 1
vn 0 -4.76837272e-07 1
vn 0 -4.76837215e-07 1
vn 0 -4.76837158e-07 1
vn 0 -4.76837158e-07 1
vn 0 -4.76837215e-07 1
vn 0 -4.76837158e-07 1
vn 0 -4.76837158e-07 1
vn 0 -4.76837158e-07 1
vn 0 -4.76837158e-07 1
vn -0 -4.76837158e-07 1
vn -0 -4.76837158e-07 1
vn 1 0 0
vn 1 -0 0
vn 1 0 0
vn 1 -7.62418845e-15 1.59890803e-08
vn 1 -7.62418845e-15 1.59890803e-08
vn 1 0 0
vn 1 -1.70550418e-08 -1.01656075e-14
vn 0.99999994 6.10666438e-14 3.19781712e-08
vn 1 -3.98063987e-13 -2.66045305e-07
vn 1 -1.41890496e-07 -8.45732515e-14
vn 1 0 0
vn 1 6.34301978e-14 -1.33022795e-07
vn 1 0 0
vn 1 0 0
vn 1 -0 -0
vn 1 -0 -0
vn 0 -0 -1
vn 0 -0 -1
vn 0 0 -1
vn 0 0 -1
vn 0 0 -1
vn 0 0 -1
vn 0 0 -1
vn 0 0 -1
vn 0 0 -1
vn 0 0 -1
vn 0 0 -1
vn 0 0 -1
vn 0 0 -1
vn 0 0 -1
vn 0 0 -1
vn 0 0 -1
vn 0 0 -1
vn 0 0 -1
vn 0 0 -1
vn 0 0 -1
vn 0 0 -1
vn 0 0 -1
vn 0 0 -1
vn 0 0 -1
vn 0 0 -1
vn 0 0 -1
vn 0 0 -1
vn 0 0 -1
vn 0 0 -1
vn 0 0 -1
vn 0 0 -1
vn 0 0 -1
vn 0 0 -1
vn 0 0 -1
vn 0 0 -1
vn 0 0 -1
vn 0 0 -1
vn 0 0 -1
vn 0 0 -1
vn 0 0 -1
vn 0 0 -1
vn 0 0 -1
vn 0 0 -1
vn 0 0 -1
vn 0 0 -1
vn 0 0 -1
vn 0 0 -1
vn 0 0 -1
vn 0 0 -1
vn 0 0 -1
vn 0 0 -1
vn 0 0 -1
vn 0 0 -1
vn 0 0 -1
vn 0 0 -1
vn 0 0 -1
vn 0 0 -1
vn 0 0 -1
vn 0 0 -1
vn 0 0 -1
vn 0 0 -1
vn 0 0 -1
vn 0 0 -1
vn 0 0 -1
vn 0 0 -1
vn 0 0 -1
vn 0 0 -1
vn 0 0 -1
vn 0 0 -1
vn 0 0 -1
vn 0 0 -1
vn 0 0 -1
vn 0 0 -1
vn 0 0 -1
vn 0 0 -1
vn 0 0 -1
vn 0 0 -1
vn 0 0 -1
vn 0 0 -1
vn 0 0 -1
vn 0 0 -1
vn 0 0 -1
vn 0 0 -1
vn 0 0 -1
vn 0 0 -1
vn 0 0 -1
vn 0 0 -1
vn 0 0 -1
vn 0 0 -1
vn 0 0 -1
vn 0 0 -1
vn 0 0 -1
vn 0 0 -1
vn 0 0 -1
vn 0 0 -1
vn 0 0 -1
vn 0 0 -1
vn 0 0 -1
vn 0 0 -1
vn 0 0 -1
vn 0 0 -1
vn 0 0 -1
vn 0 0 -1
vn 0 0 -1
vn 0 0 -1
vn 0 0 -1
vn 0 0 -1
vn 0 0 -1
vn 0 0 -1
vn 0 0 -1
vn 0 0 -1
vn 0 0 -1
vn 0 0 -1
vn 0 0 -1
vn 0 0 -1
vn 0 0 -1
vn 0 0 -1
vn 0 0 -1
vn -0 0 -1
vn -0 0 -1
vn -1 -0 0
vn -1 -0 0
vn -1 0 0
vn -1 0 0
vn -1 0 0
vn -1 0 0
vn -1 0 0
vn -1 0 0
vn -1 0 0
vn -1 0 0
vn -1 0 0
vn -1 0 0
vn -1 0 0
vn -1 0 0
vn -1 0 0
vn -1 0 0
vn -1 0 0
vn -1 0 0
vn -1 0 0
vn -1 0 0
vn -1 0 0
vn -1 0 0
vn -1 0 0
vn -1 0 0
vn -1 0 0
vn -1 0 0
vn -1 0 0
vn -1 0 0
vn -1 0 0
vn -1 0 0
vn -1 -0 -0
vn -1 0 -0
vn 0 -4.76837158e-07 1
vn 0 4.76837158e-07 1
vn 0 4.76837158e-07 1
vn 0 -4.76837158e-07 1
vn 0 -4.76837158e-07 1
vn 0 4.76837158e-07 1
vn 0 4.76837158e-07 1
vn 0 -4.76837158e-07 1
vn 0 -4.76837158e-07 1
vn 0 4.76837158e-07 1
vn 0 4.76837158e-07 1
vn 0 -4.76837158e-07 1
vn 0 -4.76837158e-07 1
vn 0 4.76837158e-07 1
vn 0 4.76837158e-07 1
vn 0 -4.76837158e-07 1
vn 0 -4.76837158e-07 1
vn 0 4.76837158e-07 1
vn 0 4.76837158e-07 1
vn 0 -4.76837158e-07 1
vn 0 -4.76837158e-07 1
vn 0 4.76837158e-07 1
vn 0 4.76837158e-07 1
vn -0 -4.76837158e-07 1
vn 0 -4.76837272e-07 1
vn 0 4.76837158e-07 1
vn 0 4.76837158e-07 1
vn 0 -4.76837215e-07 1
vn 0 -4.76837215e-07 1
vn 0 4.76837158e-07 1
vn 0 4.76837158e-07 1
vn 0 -4.76837158e-07 1
vn 0 -4.76837158e-07 1
vn 0 4.76837158e-07 1
vn 0 4.76837158e-07 1
vn -0 -4.76837158e-07 1
vn 1 -0 0
vn 1 0 0
vn 1 0 0
vn 1 0 0
vn 1 0 0
vn 1 0 0
vn 1 0 0
vn 1 -1.70550418e-08 -1.01656075e-14
vn 1 -1.70550418e-08 -1.01656075e-14
vn 1 0 0
vn 1 0 0
vn 1 0 -0
vn 1 0 -0
vn 1 0 0
vn 1 0 0
vn 1 0 -0
vn 1 0 -0
vn 1 0 0
vn 1 0 0
vn 1 0 -0
vn 1 0 -0
vn 1 0 0
vn 1 0 0
vn 1 -1.41890496e-07 -8.45732515e-14
vn 1 -1.41890496e-07 -8.45732515e-14
vn 1 0 0
vn 1 0 0
vn 1 0 0
vn 1 0 0
vn 1 0 0
vn 1 -0 -0
vn 1 -0 -0
vn 0 -0 -1
vn 0 -0 -1
vn 0 0 -1
vn 0 0 -1
vn 0 0 -1
vn 0 0 -1
vn 0 0 -1
vn 0 0 -1
vn 0 0 -1
vn 0 0 -1
vn 0 0 -1
vn 0 0 -1
vn 0 0 -1
vn 0 0 -1
vn 0 0 -1
vn 0 0 -1
vn 0 0 -1
vn 0 0 -1
vn 0 0 -1
vn 0 0 -1
vn 0 0 -1
vn 0 0 -1
vn 0 0 -1
vn 0 0 -1
vn 0 0 -1
vn 0 0 -1
vn 0 0 -1
vn 0 0 -1
vn 0 0 -1
vn 0 0 -1
vn 0 0 -1
vn 0 0 -1
vn 0 0 -1
vn 0 0 -1
vn 0 0 -1
vn 0 0 -1
vn 0 0 -1
vn 0 0 -1
vn 0 0 -1
vn 0 0 -1
vn 0 0 -1
vn 0 0 -1
vn 0 0 -1
vn 0 0 -1
vn 0 0 -1
vn 0 0 -1
vn 0 0 -1
vn 0 0 -1
vn 0 0 -1
vn 0 0 -1
vn 0 0 -1
vn 0 0 -1
vn 0 0 -1
vn 0 0 -1
vn 0 0 -1
vn 0 0 -1
vn 0 0 -1
vn 0 0 -1
vn 0 0 -1
vn 0 0 -1
vn 0 0 -1
vn 0 0 -1
vn 0 0 -1
vn 0 0 -1
vn 0 0 -1
vn 0 0 -1
vn 0 0 -1
vn 0 0 -1
vn 0 0 -1
vn 0 0 -1
vn 0 0 -1
vn 0 0 -1
vn 0 0 -1
vn 0 0 -1
vn 0 0 -1
vn 0 0 -1
vn 0 0 -1
vn 0 0 -1
vn 0 0 -1
vn 0 0 -1
vn 0 0 -1
vn 0 0 -1
vn 0 0 -1
vn 0 0 -1
vn 0 0 -1
vn 0 0 -1
vn 0 0 -1
vn 0 0 -1
vn 0 0 -1
vn 0 0 -1
vn 0 0 -1
vn 0 0 -1
vn 0 0 -1
vn 0 0 -1
vn 0 0 -1
vn 0 0 -1
vn 0 0 -1
vn 0 0 -1
vn 0 0 -1
vn 0 0 -1
vn 0 0 -1
vn 0 0 -1
vn 0 0 -1
vn 0 0 -1
vn 0 0 -1
vn 0 0 -1
vn 0 0 -1
vn 0 0 -1
vn 0 0 -1
vn 0 0 -1
vn 0 0 -1
vn 0 0 -1
vn 0 0 -1
vn 0 0 -1
vn 0 0 -1
vn 0 0 -1
vn 0 0 -1
vn 0 0 -1
vn -0 0 -1
vn -0 0 -1
vn -1 -0 0
vn -1 -0 0
vn -1 0 0
vn -1 0 0
vn -1 0 0
vn -1 0 0
vn -1 0 0
vn -1 0 0
vn -1 0 0
vn -1 0 0
vn -1 0 0
vn -1 0 0
vn -1 0 0
vn -1 0 0
vn -1 0 0
vn -1 0 0
vn -1 0 0
vn -1 0 0
vn -1 0 0
vn -1 0 0
vn -1 0 0
vn -1 0 0
vn -1 0 0
vn -1 0 0
vn -1 0 0
vn -1 0 0
vn -1 0 0
vn -1 0 0
vn -1 0 0
vn -1 0 0
vn -1 0 -0
vn -1 -0 -0
vn 0 4.76837158e-07 1
vn -0 0 1
vn 0 0 1
vn 0 4.76837158e-07 1
vn 0 4.76837158e-07 1
vn 0 0 1
vn 0 0 1
vn 0 4.76837158e-07 1
vn 0 4.76837158e-07 1
vn 0 0 1
vn 0 0 1
vn 0 4.76837158e-07 1
vn 0 4.76837158e-07 1
vn 0 0 1
vn 0 0 1
vn 0 4.76837158e-07 1
vn 0 4.76837158e-07 1
vn 0 0 1
vn 0 0 1
vn 0 4.76837158e-07 1
vn 0 4.76837158e-07 1
vn 0 0 1
vn 0 -3.1789142e-07 1
vn 0 4.76837158e-07 1
vn 0 4.76837158e-07 1
vn 0 -3.1789142e-07 1
vn 0 0 1
vn 0 4.76837158e-07 1
vn 0 4.76837158e-07 1
vn 0 0 1
vn 0 0 1
vn 0 4.76837158e-07 1
vn 0 4.76837158e-07 1
vn 0 0 1
vn -0 0 1
vn 0 4.76837158e-07 1
vn 1 0 0
vn 1 0 0
vn 1 0 0
vn 1 0 0
vn 1 0 0
vn 1 0 0
vn 1 0 0
vn 1 0 0
vn 1 0 0
vn 1 0 0
vn 1 0 0
vn 1 0 0
vn 1 0 0
vn 1 0 0
vn 1 0 0
vn 1 0 0
vn 1 0 0
vn 1 0 0
vn 1 0 0
vn 1 0 0
vn 1 0 0
vn 1 0 0
vn 1 0 0
vn 1 0 0
vn 1 0 0
vn 1 0 0
vn 1 0 0
vn 1 0 0
vn 1 0 0
vn 1 0 0
vn 1 -0 -0
vn 1 -0 -0
vn 0 -0 -1
vn 0 -0 -1
vn 0 0 -1
vn 0 0 -1
vn 0 0 -1
vn 0 0 -1
vn 0 0 -1
vn 0 0 -1
vn 0 0 -1
vn 0 0 -1
vn 0 0 -1
vn 0 0 -1
vn 0 0 -1
vn 0 0 -1
vn 0 0 -1
vn 0 0 -1
vn 0 0 -1
vn 0 0 -1
vn 0 0 -1
vn 0 0 -1
vn 0 0 -1
vn 0 0 -1
vn 0 0 -1
vn 0 0 -1
vn 0 0 -1
vn 0 0 -1
vn 0 0 -1
vn 0 0 -1
vn 0 0 -1
vn 0 0 -1
vn 0 0 -1
vn 0 0 -1
vn 0 0 -1
vn 0 0 -1
vn 0 0 -1
vn 0 0 -1
vn 0 0 -1
vn 0 0 -1
vn 0 0 -1
vn 0 0 -1
vn 0 0 -1
vn 0 0 -1
vn 0 0 -1
vn 0 0 -1
vn 0 0 -1
vn 0 0 -1
vn 0 0 -1
vn 0 0 -1
vn 0 0 -1
vn 0 0 -1
vn 0 0 -1
vn 0 0 -1
vn 0 0 -1
vn 0 0 -1
vn 0 0 -1
vn 0 0 -1
vn 0 0 -1
vn 0 0 -1
vn 0 0 -1
vn 0 0 -1
vn 0 0 -1
vn 0 0 -1
vn 0 0 -1
vn 0 0 -1
vn 0 0 -1
vn 0 0 -1
vn 0 0 -1
vn 0 0 -1
vn 0 0 -1
vn 0 0 -1
vn 0 0 -1
vn 0 0 -1
vn 0 0 -1
vn 0 0 -1
vn 0 0 -1
vn 0 0 -1
vn 0 0 -1
vn 0 0 -1
vn 0 0 -1
vn 0 0 -1
vn 0 0 -1
vn 0 0 -1
vn 0 0 -1
vn 0 0 -1
vn 0 0 -1
vn 0 0 -1
vn 0 0 -1
vn 0 0 -1
vn 0 0 -1
vn 0 0 -1
vn 0 0 -1
vn 0 0 -1
vn 0 0 -1
vn 0 0 -1
vn 0 0 -1
vn 0 0 -1
vn 0 0 -1
vn 0 0 -1
vn 0 0 -1
vn 0 0 -1
vn 0 0 -1
vn 0 0 -1
vn 0 0 -1
vn 0 0 -1
vn 0 0 -1
vn 0 0 -1
vn 0 0 -1
vn 0 0 -1
vn 0 0 -1
vn 0 0 -1
vn 0 0 -1
vn 0 0 -1
vn 0 0 -1
vn 0 0 -1
vn 0 0 -1
vn 0 0 -1
vn 0 0 -1
vn 0 0 -1
vn -0 0 -1
vn -0 0 -1
vn -1 -0 0
vn -1 -0 0
vn -1 0 0
vn -1 0 0
vn -1 0 0
vn -1 0 0
vn -1 0 0
vn -1 0 0
vn -1 0 0
vn -1 0 0
vn -1 0 0
vn -1 0 0
vn -1 0 0
vn -1 0 0
vn -1 0 0
vn -1 0 0
vn -1 0 0
vn -1 0 0
vn -1 0 0
vn -1 0 0
vn -1 0 0
vn -1 0 0
vn -1 0 0
vn -1 0 0
vn -1 0 0
vn -1 0 0
vn -1 0 0
vn -1 0 0
vn -1 0 0
vn -1 0 0
vn -1 0 -0
vn -1 0 -0
vn -0 0 1
vn 0 -4.76837158e-07 1
vn 0 -4.76837158e-07 1
vn 0 0 1
vn 0 0 1
vn 0 -4.76837158e-07 1
vn 0 -4.76837158e-07 1
vn 0 0 1
vn 0 0 1
vn 0 -4.76837158e-07 1
vn 0 -4.76837158e-07 1
vn 0 0 1
vn 0 0 1
vn 0 -4.76837158e-07 1
vn 0 -4.76837158e-07 1
vn 0 0 1
vn 0 0 1
vn 0 -4.76837158e-07 1
vn 0 -4.76837158e-07 1
vn 0 0 1
vn 0 0 1
vn 0 -4.76837158e-07 1
vn 0 -4.76837158e-07 1
vn 0 -3.1789142e-07 1
vn 0 -3.1789142e-07 1
vn 0 -4.76837158e-07 1
vn 0 -4.76837215e-07 1
vn 0 0 1
vn 0 0 1
vn 0 -4.76837215e-07 1
vn 0 -4.7683713e-07 1
vn 0 0 1
vn 0 0 1
vn 0 -4.7683713e-07 1
vn -0 -4.76837158e-07 1
vn -0 0 1
vn 1 0 0
vn 1 -0 0
vn 1 0 0
vn 1 0 0
vn 1 0 0
vn 1 0 0
vn 1 0 0
vn 1 0 0
vn 1 0 0
vn 1 0 0
vn 1 0 0
vn 1 0 0
vn 1 0 0
vn 1 0 0
vn 1 0 0
vn 1 0 0
vn 1 0 0
vn 1 0 0
vn 1 0 0
vn 1 0 0
vn 1 0 0
vn 1 0 0
vn 1 0 0
vn 1 0 0
vn 1 0 0
vn 1 0 0
vn 1 0 0
vn 1 0 0
vn 1 0 0
vn 1 0 0
vn 1 -0 -0
vn 1 -0 -0
vn 0 -0 -1
vn 0 -0 -1
vn 0 0 -1
vn 0 0 -1
vn 0 0 -1
vn 0 0 -1
vn 0 0 -1
vn 0 0 -1
vn 0 0 -1
vn 0 0 -1
vn 0 0 -1
vn 0 0 -1
vn 0 0 -1
vn 0 0 -1
vn 0 0 -1
vn 0 0 -1
vn 0 0 -1
vn 0 0 -1
vn 0 0 -1
vn 0 0 -1
vn 0 0 -1
vn 0 0 -1
vn 0 0 -1
vn 0 0 -1
vn 0 0 -1
vn 0 0 -1
vn 0 0 -1
vn 0 0 -1
vn 0 0 -1
vn 0 0 -1
vn 0 0 -1
vn 0 0 -1
vn 0 0 -1
vn 0 0 -1
vn 0 0 -1
vn 0 0 -1
vn 0 0 -1
vn 0 0 -1
vn 0 0 -1
vn 0 0 -1
vn 0 0 -1
vn 0 0 -1
vn 0 0 -1
vn 0 0 -1
vn 0 0 -1
vn 0 0 -1
vn 0 0 -1
vn 0 0 -1
vn 0 0 -1
vn 0 0 -1
vn 0 0 -1
vn 0 0 -1
vn 0 0 -1
vn 0 0 -1
vn 0 0 -1
vn 0 0 -1
vn 0 0 -1
vn 0 0 -1
vn 0 0 -1
vn 0 0 -1
vn 0 0 -1
vn 0 0 -1
vn 0 0 -1
vn 0 0 -1
vn 0 0 -1
vn 0 0 -1
vn 0 0 -1
vn 0 0 -1
vn 0 0 -1
vn 0 0 -1
vn 0 0 -1
vn 0 0 -1
vn 0 0 -1
vn 0 0 -1
vn 0 0 -1
vn 0 0 -1
vn 0 0 -1
vn 0 0 -1
vn 0 0 -1
vn 0 0 -1
vn 0 0 -1
vn 0 0 -1
vn 0 0 -1
vn 0 0 -1
vn 0 0 -1
vn 0 0 -1
vn 0 0 -1
vn 0 0 -1
vn 0 0 -1
vn 0 0 -1
vn 0 0 -1
vn 0 0 -1
vn 0 0 -1
vn 0 0 -1
vn 0 0 -1
vn 0 0 -1
vn 0 0 -1
vn 0 0 -1
vn 0 0 -1
vn 0 0 -1
vn 0 0 -1
vn 0 0 -1
vn 0 0 -1
vn 0 0 -1
vn 0 0 -1
vn 0 0 -1
vn 0 0 -1
vn 0 0 -1
vn 0 0 -1
vn 0 0 -1
vn 0 0 -1
vn 0 0 -1
vn 0 0 -1
vn 0 0 -1
vn 0 0 -1
vn 0 0 -1
vn 0 0 -1
vn 0 0 -1
vn -0 0 -1
vn -0 0 -1
vn -1 -0 0
vn -1 -0 0
vn -1 0 0
vn -1 0 0
vn -1 0 0
vn -1 0 0
vn -1 0 0
vn -1 0 0
vn -1 0 0
vn -1 0 0
vn -1 0 0
vn -1 0 0
vn -1 0 0
vn -1 0 0
vn -1 0 0
vn -1 0 0
vn -1 0 0
vn -1 0 0
vn -1 0 0
vn -1 0 0
vn -1 0 0
vn -1 0 0
vn -1 0 0
vn -1 0 0
vn -1 0 0
vn -1 0 0
vn -1 0 0
vn -1 0 0
vn -1 0 0
vn -1 0 0
vn -1 -0 -0
vn -1 0 -0
vn 0 -4.76837158e-07 1
vn 0 4.76837158e-07 1
vn 0 4.76837158e-07 1
vn 0 -4.76837158e-07 1
vn 0 -4.76837158e-07 1
vn 0 4.76837158e-07 1
vn 0 4.76837158e-07 1
vn 0 -4.76837158e-07 1
vn 0 -4.76837158e-07 1
vn 0 4.76837158e-07 1
vn 0 4.76837158e-07 1
vn 0 -4.76837158e-07 1
vn 0 -4.76837158e-07 1
vn 0 4.76837158e-07 1
vn 0 4.76837158e-07 1
vn 0 -4.76837158e-07 1
vn 0 -4.76837158e-07 1
vn 0 4.76837158e-07 1
vn 0 4.76837158e-07 1
vn 0 -4.76837158e-07 1
vn 0 -4.76837158e-07 1
vn 0 4.76837158e-07 1
vn 0 4.76837158e-07 1
vn 0 -4.76837158e-07 1
vn 0 -4.76837158e-07 1
vn 0 4.76837158e-07 1
vn 0 4.76837158e-07 1
vn 0 -4.76837215e-07 1
vn 0 -4.76837215e-07 1
vn 0 4.76837158e-07 1
vn 0 4.76837158e-07 1
vn 0 -4.7683713e-07 1
vn 0 -4.7683713e-07 1
vn 0 4.76837158e-07 1
vn 0 4.76837158e-07 1
vn -0 -4.76837158e-07 1
vn 1 -0 0
vn 1 0 0
vn 1 0 0
vn 1 0 0
vn 1 0 0
vn 1 0 0
vn 1 0 0
vn 1 0 0
vn 1 0 0
vn 1 0 0
vn 1 0 0
vn 1 0 0
vn 1 0 0
vn 1 0 0
vn 1 0 0
vn 1 0 0
vn 1 0 0
vn 1 0 0
vn 1 0 0
vn 1 0 0
vn 1 0 0
vn 1 0 0
vn 1 0 0
vn 1 0 0
vn 1 0 0
vn 1 0 0
vn 1 0 0
vn 1 0 0
vn 1 0 0
vn 1 0 0
vn 1 -0 -0
vn 1 -0 -0
vn 0 -0 -1
vn 0 -0 -1
vn 0 0 -1
vn 0 0 -1
vn 0 0 -1
vn 0 0 -1
vn 0 0 -1
vn 0 0 -1
vn 0 0 -1
vn 0 0 -1
vn 0 0 -1
vn 0 0 -1
vn 0 0 -1
vn 0 0 -1
vn 0 0 -1
vn 0 0 -1
vn 0 0 -1
vn 0 0 -1
vn 0 0 -1
vn 0 0 -1
vn 0 0 -1
vn 0 0 -1
vn 0 0 -1
vn 0 0 -1
vn 0 0 -1
vn 0 0 -1
vn 0 0 -1
vn 0 0 -1
vn 0 0 -1
vn 0 0 -1
vn 0 0 -1
vn 0 0 -1
vn 0 0 -1
vn 0 0 -1
vn 0 0 -1
vn 0 0 -1
vn 0 0 -1
vn 0 0 -1
vn 0 0 -1
vn 0 0 -1
vn 0 0 -1
vn 0 0 -1
vn 0 0 -1
vn 0 0 -1
vn 0 0 -1
vn 0 0 -1
vn 0 0 -1
vn 0 0 -1
vn 0 0 -1
vn 0 0 -1
vn 0 0 -1
vn 0 0 -1
vn 0 0 -1
vn 0 0 -1
vn 0 0 -1
vn 0 0 -1
vn 0 0 -1
vn 0 0 -1
vn 0 0 -1
vn 0 0 -1
vn 0 0 -1
vn 0 0 -1
vn 0 0 -1
vn 0 0 -1
vn 0 0 -1
vn 0 0 -1
vn 0 0 -1
vn 0 0 -1
vn 0 0 -1
vn 0 0 -1
vn 0 0 -1
vn 0 0 -1
vn 0 0 -1
vn 0 0 -1
vn 0 0 -1
vn 0 0 -1
vn 0 0 -1
vn 0 0 -1
vn 0 0 -1
vn 0 0 -1
vn 0 0 -1
vn 0 0 -1
vn 0 0 -1
vn 0 0 -1
vn 0 0 -1
vn 0 0 -1
vn 0 0 -1
vn 0 0 -1
vn 0 0 -1
vn 0 0 -1
vn 0 0 -1
vn 0 0 -1
vn 0 0 -1
vn 0 0 -1
vn 0 0 -1
vn 0 0 -1
vn 0 0 -1
vn 0 0 -1
vn 0 0 -1
vn 0 0 -1
vn 0 0 -1
vn 0 0 -1
vn 0 0 -1
vn 0 0 -1
vn 0 0 -1
vn 0 0 -1
vn 0 0 -1
vn 0 0 -1
vn 0 0 -1
vn 0 0 -1
vn 0 0 -1
vn 0 0 -1
vn 0 0 -1
vn 0 0 -1
vn 0 0 -1
vn 0 0 -1
vn 0 0 -1
vn 0 0 -1
vn -0 0 -1
vn -0 0 -1
vn -1 -0 0
vn -1 -0 0
vn -1 0 0
vn -1 0 0
vn -1 0 0
vn -1 0 0
vn -1 0 0
vn -1 0 0
vn -1 0 0
vn -1 0 0
vn -1 0 0
vn -1 0 0
vn -1 0 0
vn -1 0 0
vn -1 0 0
vn -1 0 0
vn -1 0 0
vn -1 0 0
vn -1 0 0
vn -1 0 0
vn -1 0 0
vn -1 0 0
vn -1 0 0
vn -1 0 0
vn -1 0 0
vn -1 0 0
vn -1 0 0
vn -1 0 0
vn -1 0 0
vn -1 0 0
vn -1 0 -0
vn -1 -0 -0
vn 0 4.76837158e-07 1
vn 0 4.76837158e-07 1
vn 0 4.76837158e-07 1
vn 0 4.76837158e-07 1
vn 0 4.76837158e-07 1
vn 0 4.76837158e-07 1
vn 0 4.76837158e-07 1
vn 0 4.76837158e-07 1
vn 0 4.76837158e-07 1
vn 0 4.76837158e-07 1
vn 0 4.76837158e-07 1
vn 0 4.76837158e-07 1
vn 0 4.76837158e-07 1
vn 0 4.76837158e-07 1
vn 0 4.76837158e-07 1
vn 0 4.76837158e-07 1
vn 0 4.76837158e-07 1
vn 0 4.76837158e-07 1
vn 0 4.76837158e-07 1
vn 0 4.76837158e-07 1
vn 0 4.76837158e-07 1
vn 0 4.76837158e-07 1
vn 0 4.76837158e-07 1
vn 0 4.76837158e-07 1
vn 0 4.76837158e-07 1
vn 0 4.76837158e-07 1
vn 0 4.76837158e-07 1
vn 0 4.76837158e-07 1
vn 0 4.76837158e-07 1
vn 0 4.76837158e-07 1
vn 0 4.76837215e-07 1
vn 0 4.76837158e-07 1
vn 0 4.76837158e-07 1
vn 0 4.76837215e-07 1
vn -0 4.76837158e-07 1
vn 0 4.76837158e-07 1
vn 1 0 0
vn 1 0 0
vn 1 0 0
vn 1 0 0
vn 1 0 0
vn 1 0 0
vn 1 0 0
vn 1 0 0
vn 1 0 0
vn 1 0 0
vn 1 0 0
vn 1 0 0
vn 1 0 0
vn 1 0 0
vn 1 0 0
vn 1 0 0
vn 1 0 0
vn 1 0 0
vn 1 0 0
vn 1 0 0
vn 1 0 0
vn 1 0 0
vn 1 0 0
vn 1 0 0
vn 1 0 0
vn 1 0 0
vn 1 0 0
vn 1 0 0
vn 1 0 0
vn 1 0 0
vn 1 -0 -0
vn 1 -0 -0
vn 0 -0 -1
vn 0 -0 -1
vn 0 0 -1
vn 0 0 -1
vn 0 0 -1
vn 0 0 -1
vn 0 0 -1
vn 0 0 -1
vn 0 0 -1
vn 0 0 -1
vn 0 0 -1
vn 0 0 -1
vn 0 0 -1
vn 0 0 -1
vn 0 0 -1
vn 0 0 -1
vn 0 0 -1
vn 0 0 -1
vn 0 0 -1
vn 0 0 -1
vn 0 0 -1
vn 0 0 -1
vn 0 0 -1
vn 0 0 -1
vn 0 0 -1
vn 0 0 -1
vn 0 0 -1
vn 0 0 -1
vn 0 0 -1
vn 0 0 -1
vn 0 0 -1
vn 0 0 -1
vn 0 0 -1
vn 0 0 -1
vn 0 0 -1
vn 0 0 -1
vn 0 0 -1
vn 0 0 -1
vn 0 0 -1
vn 0 0 -1
vn 0 0 -1
vn 0 0 -1
vn 0 0 -1
vn 0 0 -1
vn 0 0 -1
vn 0 0 -1
vn 0 0 -1
vn 0 0 -1
vn 0 0 -1
vn 0 0 -1
vn 0 0 -1
vn 0 0 -1
vn 0 0 -1
vn 0 0 -1
vn 0 0 -1
vn 0 0 -1
vn 0 0 -1
vn 0 0 -1
vn 0 0 -1
vn 0 0 -1
vn 0 0 -1
vn 0 0 -1
vn 0 0 -1
vn 0 0 -1
vn 0 0 -1
vn 0 0 -1
vn 0 0 -1
vn 0 0 -1
vn 0 0 -1
vn 0 0 -1
vn 0 0 -1
vn 0 0 -1
vn 0 0 -1
vn 0 0 -1
vn 0 0 -1
vn 0 0 -1
vn 0 0 -1
vn 0 0 -1
vn 0 0 -1
vn 0 0 -1
vn 0 0 -1
vn 0 0 -1
vn 0 0 -1
vn 0 0 -1
vn 0 0 -1
vn 0 0 -1
vn 0 0 -1
vn 0 0 -1
vn 0 0 -1
vn 0 0 -1
vn 0 0 -1
vn 0 0 -1
vn 0 0 -1
vn 0 0 -1
vn 0 0 -1
vn 0 0 -1
vn 0 0 -1
vn 0 0 -1
vn 0 0 -1
vn 0 0 -1
vn 0 0 -1
vn 0 0 -1
vn 0 0 -1
vn 0 0 -1
vn 0 0 -1
vn 0 0 -1
vn 0 0 -1
vn 0 0 -1
vn 0 0 -1
vn 0 0 -1
vn 0 0 -1
vn 0 0 -1
vn 0 0 -1
vn 0 0 -1
vn 0 0 -1
vn 0 0 -1
vn 0 0 -1
vn 0 0 -1
vn -0 0 -1
vn -0 0 -1
vn -1 -0 0
vn -1 -0 0
vn -1 0 0
vn -1 0 0
vn -1 0 0
vn -1 0 0
vn -1 0 0
vn -1 0 0
vn -1 0 0
vn -1 0 0
vn -1 0 0
vn -1 0 0
vn -1 0 0
vn -1 0 0
vn -1 0 0
vn -1 0 0
vn -1 0 0
vn -1 0 0
vn -1 0 0
vn -1 0 0
vn -1 0 0
vn -1 0 0
vn -1 0 0
vn -1 0 0
vn -1 0 0
vn -1 0 0
vn -1 0 0
vn -1 0 0
vn -1 0 0
vn -1 0 0
vn -1 0 -0
vn -1 0 -0
vn 0 4.76837158e-07 1
vn 0 0 1
vn 0 0 1
vn 0 4.76837158e-07 1
vn 0 4.76837158e-07 1
vn 0 0 1
vn 0 0 1
vn 0 4.76837158e-07 1
vn 0 4.76837158e-07 1
vn 0 0 1
vn 0 0 1
vn 0 4.76837158e-07 1
vn 0 4.76837158e-07 1
vn 0 0 1
vn 0 0 1
vn 0 4.76837158e-07 1
vn 0 4.76837158e-07 1
vn 0 0 1
vn 0 0 1
vn 0 4.76837158e-07 1
vn 0 4.76837158e-07 1
vn 0 0 1
vn 0 0 1
vn 0 4.76837158e-07 1
vn 0 4.76837158e-07 1
vn 0 0 1
vn 0 0 1
vn 0 4.76837158e-07 1
vn 0 4.76837158e-07 1
vn 0 0 1
vn 0 0 1
vn 0 4.76837215e-07 1
vn 0 4.76837215e-07 1
vn 0 0 1
vn -0 -0 1
vn -0 4.76837158e-07 1
vn 1 0 0
vn 1 0 0
vn 1 0 0
vn 1 0 0
vn 1 0 0
vn 1 0 0
vn 1 0 0
vn 1 0 0
vn 1 0 0
vn 1 0 0
vn 1 0 0
vn 1 0 0
vn 1 0 0
vn 1 0 0
vn 1 0 0
vn 1 0 0
vn 1 0 0
vn 1 0 0
vn 1 0 0
vn 1 0 0
vn 1 0 0
vn 1 0 0
vn 1 0 0
vn 1 0 0
vn 1 0 0
vn 1 0 0
vn 1 0 0
vn 1 0 0
vn 1 0 0
vn 1 0 0
vn 1 -0 -0
vn 1 -0 -0
vn 0 -0 -1
vn -0 -0 -1
vn -0 0 -1
vn 0 0 -1
vn 0 0 -1
vn -0 0 -1
vn -0 0 -1
vn 0 0 -1
vn 0 0 -1
vn -0 0 -1
vn -0 0 -1
vn 0 0 -1
vn 0 0 -1
vn -0 0 -1
vn -0 0 -1
vn 0 0 -1
vn 0 0 -1
vn -0 0 -1
vn -0 0 -1
vn 0 0 -1
vn 0 0 -1
vn -0 0 -1
vn -0 0 -1
vn 0 0 -1
vn 0 0 -1
vn -0 0 -1
vn -0 0 -1
vn 0 0 -1
vn 0 0 -1
vn -0 0 -1
vn -0 0 -1
vn 0 0 -1
vn 0 0 -1
vn -0 0 -1
vn -0 0 -1
vn 0 0 -1
vn 0 0 -1
vn -0 0 -1
vn -0 0 -1
vn 0 0 -1
vn 0 0 -1
vn -0 0 -1
vn -0 0 -1
vn 0 0 -1
vn 0 0 -1
vn -0 0 -1
vn -0 0 -1
vn 0 0 -1
vn 0 0 -1
vn -0 0 -1
vn -0 0 -1
vn 0 0 -1
vn 0 0 -1
vn -0 0 -1
vn -0 0 -1
vn 0 0 -1
vn 0 0 -1
vn -0 0 -1
vn -0 0 -1
vn 0 0 -1
vn 0 0 -1
vn -0 0 -1
vn -0 0 -1
vn 0 0 -1
vn 0 0 -1
vn -0 0 -1
vn -0 0 -1
vn 0 0 -1
vn 0 0 -1
vn -0 0 -1
vn -0 0 -1
vn 0 0 -1
vn 0 0 -1
vn -0 0 -1
vn -0 0 -1
vn 0 0 -1
vn 0 0 -1
vn -0 0 -1
vn -0 0 -1
vn 0 0 -1
vn 0 0 -1
vn -0 0 -1
vn -0 0 -1
vn 0 0 -1
vn 0 0 -1
vn -0 0 -1
vn -0 0 -1
vn 0 0 -1
vn 0 0 -1
vn -0 0 -1
vn -0 0 -1
vn 0 0 -1
vn 0 0 -1
vn -0 0 -1
vn -0 0 -1
vn 0 0 -1
vn 0 0 -1
vn -0 0 -1
vn -0 0 -1
vn 0 0 -1
vn 0 0 -1
vn -0 0 -1
vn -0 0 -1
vn 0 0 -1
vn 0 0 -1
vn -0 0 -1
vn -0 0 -1
vn 0 0 -1
vn 0 0 -1
vn -0 0 -1
vn -0 0 -1
vn 0 0 -1
vn 0 0 -1
vn -0 0 -1
vn -0 0 -1
vn 0 0 -1
vn 0 0 -1
vn -0 0 -1
vn -0 0 -1
vn -0 0 -1
vn -1 -0 0
vn -1 -0 0
vn -1 -0 0
vn -1 0 0
vn -1 0 0
vn -1 -0 0
vn -1 -0 0
vn -1 0 0
vn -1 0 0
vn -1 -0 0
vn -1 -0 0
vn -1 0 0
vn -1 0 0
vn -1 -0 0
vn -1 0 0
vn -1 0 0
vn -1 0 0
vn -1 0 0
vn -1 -0 0
vn -1 0 0
vn -1 0 0
vn -1 -0 0
vn -1 -0 0
vn -1 0 0
vn -1 0 0
vn -1 -0 0
vn -1 -0 0
vn -1 0 0
vn -1 0 0
vn -1 -0 0
vn -1 -0 -0
vn -1 0 -0
vn 0 0 1
vn -0 -0 1
vn -0 -0 1
vn 0 0 1
vn 0 0 1
vn -0 -0 1
vn -0 -0 1
vn 0 0 1
vn 0 0 1
vn -0 -0 1
vn -0 -0 1
vn 0 0 1
vn 0 0 1
vn -0 -0 1
vn -0 -0 1
vn 0 0 1
vn 0 0 1
vn -0 -0 1
vn -0 -0 1
vn 0 0 1
vn 0 0 1
vn -0 -0 1
vn -0 -0 1
vn 0 0 1
vn 0 0 1
vn -0 -0 1
vn -0 0 1
vn 0 0 1
vn 0 0 1
vn -0 0 1
vn -0 -0 1
vn 0 0 1
vn 0 0 1
vn -0 -0 1
vn -0 -0 1
vn -0 -0 1
vn 1 0 0
vn 1 0 0
vn 1 0 0
vn 1 0 0
vn 1 0 0
vn 1 0 0
vn 1 0 0
vn 1 0 0
vn 1 0 0
vn 1 0 0
vn 1 0 0
vn 1 0 0
vn 1 0 0
vn 1 0 0
vn 1 0 0
vn 1 0 0
vn 1 0 0
vn 1 0 0
vn 1 0 0
vn 1 0 0
vn 1 0 0
vn 1 0 0
vn 1 0 0
vn 1 0 0
vn 1 0 0
vn 1 0 0
vn 1 0 0
vn 1 0 0
vn -0 -0 1
vn 2.38418579e-07 0 1
vn 0 0 1
vn 0 0 1
vn 0 0 1
vn 0 0 1
vn 0 4.76837158e-07 1
vn 0 4.76837158e-07 1
vn 0 4.76837158e-07 1
vn 0 4.76837158e-07 1
vn 0 4.76837158e-07 1
vn 0 4.76837158e-07 1
vn 0 4.76837158e-07 1
vn 0 4.76837158e-07 1
vn -2.38418579e-07 -4.76837158e-07 1
vn 0 -4.76837158e-07 1
vn 0 -4.76837158e-07 1
vn -2.38418579e-07 -4.76837158e-07 1
vn -4.76837158e-07 -9.53674316e-07 1
vn 0 -3.1789142e-07 1
vn 2.38418579e-07 0 1
vn 0 -4.76837158e-07 1
vn 0 -2.38418579e-07 1
vn 0 0 1
vn 0 0 1
vn 0 -2.38418579e-07 1
vn 0 4.76837158e-07 1
vn 0 4.76837158e-07 1
vn 0 4.76837158e-07 1
vn 0 4.76837158e-07 1
vn 0 2.38418608e-07 1
vn 0 4.76837158e-07 1
vn 0 4.76837158e-07 1
vn 0 2.38418608e-07 1
vn 0 -9.53674316e-07 1
vn -2.38418579e-07 -4.76837158e-07 1
vn -2.38418579e-07 -4.76837158e-07 1
vn 0 -9.53674316e-07 1
vn 0 -1.43051159e-06 1
vn -4.76837158e-07 -9.53674316e-07 1
vn 0 -4.76837158e-07 1
vn 0 0 1
vn 0 0 1
vn 0 -2.38418579e-07 1
vn 0 -2.38418579e-07 1
vn 0 0 1
vn 0 4.76837158e-07 1
vn 0 4.76837158e-07 1
vn 0 4.76837158e-07 1
vn 0 4.76837158e-07 1
vn 0 4.76837158e-07 1
vn 0 2.38418608e-07 1
vn 0 2.38418608e-07 1
vn 0 4.76837158e-07 1
vn 0 -4.76837158e-07 1
vn 0 -9.53674316e-07 1
vn 0 -9.53674316e-07 1
vn 0 -4.76837158e-07 1
vn 0 -9.53674316e-07 1
vn 0 -1.43051159e-06 1
vn 0 0 1
vn 0 -4.76837158e-07 1
vn 0 -2.38418579e-07 1
vn 0 0 1
vn 0 0 1
vn 0 -2.38418579e-07 1
vn 0 4.76837158e-07 1
vn 0 4.76837158e-07 1
vn 0 4.76837158e-07 1
vn 0 4.76837158e-07 1
vn 0 2.38418608e-07 1
vn 0 4.76837158e-07 1
vn 0 4.76837158e-07 1
vn 0 2.38418608e-07 1
vn 0 -9.53674316e-07 1
vn 0 -4.76837158e-07 1
vn 0 -4.76837158e-07 1
vn 0 -9.53674316e-07 1
vn 0 -1.43051159e-06 1
vn 0 -9.53674316e-07 1
vn 0 -4.76837158e-07 1
vn -2.38418579e-07 -0 1
vn 0 0 1
vn 0 -2.38418579e-07 1
vn 0 -2.38418579e-07 1
vn 0 0 1
vn 0 4.76837158e-07 1
vn 0 4.76837158e-07 1
vn 0 4.76837158e-07 1
vn 0 4.76837158e-07 1
vn 0 4.76837158e-07 1
vn 0 2.38418608e-07 1
vn 0 2.38418608e-07 1
vn 0 4.76837158e-07 1
vn 2.38418579e-07 -4.76837158e-07 1
vn 0 -9.53674316e-07 1
vn 0 -9.53674316e-07 1
vn 2.38418579e-07 -4.76837158e-07 1
vn 4.76837158e-07 -9.53674316e-07 1
vn 0 -1.43051159e-06 1
vn -2.38418579e-07 -0 1
vn -0 -0 1
vn 0 0 1
vn 0 0 1
vn 0 0 1
vn 0 0 1
vn 0 4.76837158e-07 1
vn 0 4.76837158e-07 1
vn 0 4.76837158e-07 1
vn 0 4.76837158e-07 1
vn 0 4.76837158e-07 1
vn 0 4.76837158e-07 1
vn 0 4.76837158e-07 1
vn 0 4.76837158e-07 1
vn 0 -4.76837158e-07 1
vn 2.38418579e-07 -4.76837158e-07 1
vn 2.38418579e-07 -4.76837158e-07 1
vn 0 -4.76837158e-07 1
vn -0 -9.53674316e-07 1
vn 4.76837158e-07 -9.53674316e-07 1
vn -0 -0 1
vn 2.38418579e-07 0 1
vn 0 0 1
vn 0 0 1
vn 0 0 1
vn 0 0 1
vn 0 4.76837158e-07 1
vn 0 4.76837158e-07 1
vn 0 4.76837158e-07 1
vn 0 4.76837158e-07 1
vn 0 4.76837158e-07 1
vn 0 4.76837158e-07 1
vn 0 4.76837158e-07 1
vn 0 4.76837158e-07 1
vn -2.38418579e-07 -4.76837158e-07 1
vn 0 -4.76837158e-07 1
vn 0 -4.76837158e-07 1
vn -2.38418579e-07 -4.76837158e-07 1
vn -4.76837158e-07 -9.53674316e-07 1
vn -0 -9.53674316e-07 1
vn 2.38418579e-07 0 1
vn -4.76837215e-07 -4.76837158e-07 1
vn -4.76837158e-07 -2.38418579e-07 1
vn 0 0 1
vn 0 0 1
vn -4.76837158e-07 -2.38418579e-07 1
vn 0 4.76837158e-07 1
vn 0 4.76837158e-07 1
vn 0 4.76837158e-07 1
vn 0 4.76837158e-07 1
vn 0 2.38418608e-07 1
vn 0 4.76837158e-07 1
vn 0 4.76837158e-07 1
vn 0 2.38418608e-07 1
vn 2.38418579e-07 -9.53674316e-07 1
vn -2.38418579e-07 -4.76837158e-07 1
vn -2.38418579e-07 -4.76837158e-07 1
vn 2.38418579e-07 -9.53674316e-07 1
vn 4.76837158e-07 -1.43051159e-06 1
vn -4.76837158e-07 -9.53674316e-07 1
vn -4.76837215e-07 -4.76837158e-07 1
vn 0 0 1
vn 0 4.76837158e-07 1
vn -4.76837158e-07 -2.38418579e-07 1
vn -4.76837158e-07 -2.38418579e-07 1
vn 0 4.76837158e-07 1
vn 0 9.53674316e-07 1
vn 0 4.76837158e-07 1
vn 0 4.76837158e-07 1
vn 0 9.53674316e-07 1
vn 0 7.15255794e-07 1
vn 0 2.38418608e-07 1
vn 0 2.38418608e-07 1
vn 0 7.15255794e-07 1
vn 0 0 1
vn 2.38418579e-07 -9.53674316e-07 1
vn 2.38418579e-07 -9.53674316e-07 1
vn 0 0 1
vn 0 -4.76837158e-07 1
vn 4.76837158e-07 -1.43051159e-06 1
vn 0 0 1
vn 4.76837215e-07 -4.76837158e-07 1
vn 4.76837158e-07 -2.38418579e-07 1
vn 0 4.76837158e-07 1
vn 0 4.76837158e-07 1
vn 4.76837158e-07 -2.38418579e-07 1
vn 0 4.76837158e-07 1
vn 0 9.53674316e-07 1
vn 0 9.53674316e-07 1
vn 0 4.76837158e-07 1
vn 0 2.38418608e-07 1
vn 0 7.15255794e-07 1
vn 0 7.15255794e-07 1
vn 0 2.38418608e-07 1
vn -2.38418608e-07 -9.53674316e-07 1
vn 0 0 1
vn 0 0 1
vn -2.38418608e-07 -9.53674316e-07 1
vn -4.76837158e-07 -1.43051159e-06 1
vn 0 -4.76837158e-07 1
vn 4.76837215e-07 -4.76837158e-07 1
vn -2.38418579e-07 -0 1
vn 0 0 1
vn 4.76837158e-07 -2.38418579e-07 1
vn 4.76837158e-07 -2.38418579e-07 1
vn 0 0 1
vn 0 4.76837158e-07 1
vn 0 4.76837158e-07 1
vn 0 4.76837158e-07 1
vn 0 4.76837158e-07 1
vn 0 4.76837158e-07 1
vn 0 2.38418608e-07 1
vn 0 2.38418608e-07 1
vn 0 4.76837158e-07 1
vn 2.38418579e-07 -4.76837158e-07 1
vn -2.38418608e-07 -9.53674316e-07 1
vn -2.38418608e-07 -9.53674316e-07 1
vn 2.38418579e-07 -4.76837158e-07 1
vn 4.76837158e-07 -9.53674316e-07 1
vn -4.76837158e-07 -1.43051159e-06 1
vn -2.38418579e-07 -0 1
vn 2.38418579e-07 0 1
vn 0 0 1
vn 0 0 1
vn 0 0 1
vn 0 0 1
vn 0 4.76837158e-07 1
vn 0 4.76837158e-07 1
vn 0 4.76837158e-07 1
vn 0 4.76837158e-07 1
vn 0 4.76837158e-07 1
vn 0 4.76837158e-07 1
vn 0 4.76837158e-07 1
vn 0 4.76837158e-07 1
vn -2.38418579e-07 -4.76837158e-07 1
vn 2.38418579e-07 -4.76837158e-07 1
vn 2.38418579e-07 -4.76837158e-07 1
vn -2.38418579e-07 -4.76837158e-07 1
vn -4.76837158e-07 -9.53674316e-07 1
vn 4.76837158e-07 -9.53674316e-07 1
vn 2.38418579e-07 0 1
vn 2.38418579e-07 -4.76837158e-07 1
vn 0 -2.38418579e-07 1
vn 0 0 1
vn 0 0 1
vn 0 -2.38418579e-07 1
vn 0 4.76837158e-07 1
vn 0 4.76837158e-07 1
vn 0 4.76837158e-07 1
vn 0 4.76837158e-07 1
vn 0 2.38418608e-07 1
vn 0 4.76837158e-07 1
vn 0 4.76837158e-07 1
vn 0 2.38418608e-07 1
vn -2.38418579e-07 -9.53674316e-07 1
vn -2.38418579e-07 -4.76837158e-07 1
vn -2.38418579e-07 -4.76837158e-07 1
vn -2.38418579e-07 -9.53674316e-07 1
vn -4.76837158e-07 -1.43051159e-06 1
vn -4.76837158e-07 -9.53674316e-07 1
vn 2.38418579e-07 -4.76837158e-07 1
vn -2.38418579e-07 -4.76837158e-07 1
vn 0 -2.38418579e-07 1
vn 0 -2.38418579e-07 1
vn 0 -2.38418579e-07 1
vn 0 -2.38418579e-07 1
vn 0 4.76837158e-07 1
vn 0 4.76837158e-07 1
vn 0 4.76837158e-07 1
vn 0 4.76837158e-07 1
vn 0 2.38418608e-07 1
vn 0 2.38418608e-07 1
vn 0 2.38418608e-07 1
vn 0 2.38418608e-07 1
vn 2.38418579e-07 -9.53674316e-07 1
vn -2.38418579e-07 -9.53674316e-07 1
vn -2.38418579e-07 -9.53674316e-07 1
vn 2.38418579e-07 -9.53674316e-07 1
vn 4.76837158e-07 -1.43051159e-06 1
vn -4.76837158e-07 -1.43051159e-06 1
vn -2.38418579e-07 -4.76837158e-07 1
vn -2.38418579e-07 -0 1
vn 0 0 1
vn 0 -2.38418579e-07 1
vn 0 -2.38418579e-07 1
vn 0 0 1
vn 0 4.76837158e-07 1
vn 0 4.76837158e-07 1
vn 0 4.76837158e-07 1
vn 0 4.76837158e-07 1
vn 0 4.76837158e-07 1
vn 0 2.38418608e-07 1
vn 0 2.38418608e-07 1
vn 0 4.76837158e-07 1
vn 2.38418579e-07 -4.76837158e-07 1
vn 2.38418579e-07 -9.53674316e-07 1
vn 2.38418579e-07 -9.53674316e-07 1
vn 2.38418579e-07 -4.76837158e-07 1
vn 4.76837158e-07 -9.53674316e-07 1
vn 4.76837158e-07 -1.43051159e-06 1
vn -2.38418579e-07 -0 1
vn -0 -0 1
vn 0 0 1
vn 0 0 1
vn 0 0 1
vn 0 0 1
vn 0 4.76837158e-07 1
vn 0 4.76837158e-07 1
vn 0 4.76837158e-07 1
vn 0 4.76837158e-07 1
vn 0 4.76837158e-07 1
vn 0 4.76837158e-07 1
vn 0 4.76837158e-07 1
vn 0 4.76837158e-07 1
vn 0 -4.76837158e-07 1
vn 2.38418579e-07 -4.76837158e-07 1
vn 2.38418579e-07 -4.76837158e-07 1
vn 0 -4.76837158e-07 1
vn -0 -9.53674316e-07 1
vn 4.76837158e-07 -9.53674316e-07 1
vn -0 -0 1
vn 2.38418579e-07 0 1
vn 0 0 1
vn 0 0 1
vn 0 0 1
vn 0 0 1
vn 0 4.76837158e-07 1
vn 0 4.76837158e-07 1
vn 0 4.76837158e-07 1
vn 0 4.76837158e-07 1
vn 0 4.76837158e-07 1
vn 0 4.76837158e-07 1
vn 0 4.76837158e-07 1
vn 0 4.76837158e-07 1
vn -2.38418579e-07 -4.76837158e-07 1
vn 0 -4.76837158e-07 1
vn 0 -4.76837158e-07 1
vn -2.38418579e-07 -4.76837158e-07 1
vn -4.76837158e-07 -9.53674316e-07 1
vn -0 -9.53674316e-07 1
vn 2.38418579e-07 0 1
vn 0 -4.76837158e-07 1
vn 0 -2.38418579e-07 1
vn 0 0 1
vn 0 0 1
vn 0 -2.38418579e-07 1
vn 0 4.76837158e-07 1
vn 0 4.76837158e-07 1
vn 0 4.76837158e-07 1
vn 0 4.76837158e-07 1
vn 0 2.38418608e-07 1
vn 0 4.76837158e-07 1
vn 0 4.76837158e-07 1
vn 0 2.38418608e-07 1
vn 0 -9.53674316e-07 1
vn -2.38418579e-07 -4.76837158e-07 1
vn -2.38418579e-07 -4.76837158e-07 1
vn 0 -9.53674316e-07 1
vn 0 -1.43051159e-06 1
vn -4.76837158e-07 -9.53674316e-07 1
vn 0 -4.76837158e-07 1
vn -2.38418579e-07 -0 1
vn 0 0 1
vn 0 -2.38418579e-07 1
vn 0 -2.38418579e-07 1
vn 0 0 1
vn 0 4.76837158e-07 1
vn 0 4.76837158e-07 1
vn 0 4.76837158e-07 1
vn 0 4.76837158e-07 1
vn 0 4.76837158e-07 1
vn 0 2.38418608e-07 1
vn 0 2.38418608e-07 1
vn 0 4.76837158e-07 1
vn 2.38418579e-07 -4.76837158e-07 1
vn 0 -9.53674316e-07 1
vn 0 -9.53674316e-07 1
vn 2.38418579e-07 -4.76837158e-07 1
vn 4.76837158e-07 -9.53674316e-07 1
vn 0 -1.43051159e-06 1
vn -2.38418579e-07 -0 1
vn -0 -0 1
vn 0 0 1
vn 0 0 1
vn 0 0 1
vn 0 0 1
vn 0 4.76837158e-07 1
vn 0 4.76837158e-07 1
vn 0 4.76837158e-07 1
vn 0 4.76837158e-07 1
vn 0 4.76837158e-07 1
vn 0 4.76837158e-07 1
vn 0 4.76837158e-07 1
vn 0 4.76837158e-07 1
vn 0 -4.76837158e-07 1
vn 2.38418579e-07 -4.76837158e-07 1
vn 2.38418579e-07 -4.76837158e-07 1
vn 0 -4.76837158e-07 1
vn -0 -9.53674316e-07 1
vn 4.76837158e-07 -9.53674316e-07 1
vn -0 -0 1
vn -0 -0 1
vn 0 0 1
vn 0 0 1
vn 0 0 1
vn 0 0 1
vn 0 4.76837158e-07 1
vn 0 4.76837158e-07 1
vn 0 4.76837158e-07 1
vn 0 4.76837158e-07 1
vn 0 4.76837158e-07 1
vn 0 4.76837158e-07 1
vn 0 4.76837158e-07 1
vn 0 4.76837158e-07 1
vn 0 -4.76837158e-07 1
vn 0 -4.76837158e-07 1
vn 0 -4.76837158e-07 1
vn 0 -4.76837158e-07 1
vn 0 -3.1789142e-07 1
vn -0 -9.53674316e-07 1
vn 0 -0 -1
vn 0 -0 -1
vn 0 0 -1
vn 0 -0 -1
vn 0 -0 -1
vn 0 0 -1
vn 0 0 -1
vn 0 -0 -1
vn 0 -0 -1
vn 0 0 -1
vn 0 0 -1
vn 0 -0 -1
vn 0 -0 -1
vn 0 0 -1
vn 0 0 -1
vn 0 -0 -1
vn 0 -0 -1
vn 0 0 -1
vn 0 0 -1
vn 0 -0 -1
vn 0 -0 -1
vn 0 0 -1
vn -0 0 -1
vn -0 -0 -1
vn -1 -0 -0
vn -1 -0 0
vn -1 0 0
vn -1 0 -0
vn -1 0 -0
vn -1 0 0
vn -1 0 0
vn -1 0 -0
vn -1 0 -0
vn -1 0 0
vn -1 0 0
vn -1 0 -0
vn -1 0 -0
vn -1 0 0
vn -1 0 0
vn -1 0 -0
vn -1 0 -0
vn -1 0 0
vn -1 0 0
vn -1 0 -0
vn -1 0 -0
vn -1 0 0
vn -1 0 0
vn -1 0 -0
vn -1 0 -0
vn -1 0 0
vn -1 0 0
vn -1 0 -0
vn -1 0 -0
vn -1 0 0
vn -1 0 0
vn -1 0 -0
vn -1 0 -0
vn -1 0 0
vn -1 0 0
vn -1 0 -0
vn -1 0 -0
vn -1 0 0
vn -1 0 0
vn -1 0 -0
vn -1 0 -0
vn -1 0 0
vn -1 0 0
vn -1 0 -0
vn -1 0 -0
vn -1 0 0
vn -1 0 0
vn -1 0 -0
vn -1 0 -0
vn -1 0 0
vn -1 0 0
vn -1 0 -0
vn -1 0 -0
vn -1 0 0
vn -1 0 0
vn -1 0 -0
vn -1 0 -0
vn -1 0 0
vn -1 0 0
vn -1 0 -0
vn -1 0 -0
vn -1 0 0
vn -1 0 0
vn -1 0 -0
vn -1 0 -0
vn -1 0 0
vn -1 0 0
vn -1 0 -0
vn -1 0 -0
vn -1 0 0
vn -1 0 0
vn -1 0 -0
vn -1 0 -0
vn -1 0 0
vn -1 0 0
vn -1 0 -0
vn -1 0 -0
vn -1 0 0
vn -1 0 -0
vn -1 0 -0
vn 0 0 1
vn 0 0 1
vn 0 0 1
vn 0 0 1
vn 0 0 1
vn 0 0 1
vn 0 0 1
vn 0 0 1
vn 0 0 1
vn 0 0 1
vn 0 0 1
vn 0 0 1
vn 0 0 1
vn 0 0 1
vn 0 0 1
vn 0 0 1
vn 0 0 1
vn 0 0 1
vn 0 0 1
vn 0 0 1
vn 0 0 1
vn 0 0 1
vn 0 0 1
vn 0 0 1
vn 0 0 1
vn 0 0 1
vn 0 0 1
vn 0 0 1
vn 0 0 1
vn 0 0 1
vn 0 0 1
vn 0 0 1
vn 0 0 1
vn 0 0 1
vn 0 0 1
vn 0 0 1
vn 0 0 1
vn 0 0 1
vn 0 0 1
vn 0 0 1
vn 0 0 1
vn 0 0 1
vn 0 0 1
vn 0 0 1
vn 0 0 1
vn 0 0 1
vn 0 0 1
vn 0 0 1
vn 0 0 1
vn 0 0 1
vn 0 0 1
vn 0 0 1
vn 0 0 1
vn 0 0 1
vn 0 0 1
vn 0 0 1
vn 0 0 1
vn 0 0 1
vn 0 0 1
vn 0 0 1
vn 0 0 1
vn 0 0 1
vn 0 0 1
vn 0 0 1
vn 0 0 1
vn 0 0 1
vn 0 0 1
vn 0 0 1
vn 0 0 1
vn 0 0 1
vn 0 0 1
vn 0 0 1
vn 0 0 1
vn 0 0 1
vn 0 0 1
vn 0 0 1
vn 0 0 1
vn 0 0 1
vn 0 0 1
vn 0 0 1
vn 0 0 1
vn 0 0 1
vn 0 0 1
vn 0 0 1
vn 0 0 1
vn 0 0 1
vn 0 0 1
vn 0 0 1
vn 0 0 1
vn 0 0 1
vn 0 0 1
vn 0 0 1
vn 0 0 1
vn 0 0 1
vn 0 0 1
vn 0 0 1
vn 0 0 1
vn 0 0 1
vn 0 0 1
vn 0 0 1
vn 0 0 1
vn 0 0 1
vn 0 0 1
vn 0 0 1
vn 0 0 1
vn 0 0 1
vn 0 0 1
vn 0 0 1
vn 0 0 1
vn 0 0 1
vn 0 0 1
vn 0 0 1
vn 0 0 1
vn 0 0 1
vn 0 0 1
vn 0 0 1
vn 0 0 1
vn 0 0 1
vn -0 -0 1
vn -0 -0 1
vn 1 -0 -0
vn 1 0 0
vn 1 0 0
vn 1 -0 -0
vn 1 -0 -0
vn 1 0 0
vn 1 0 0
vn 1 -0 -0
vn 1 -0 -0
vn 1 0 0
vn 1 0 0
vn 1 -0 -0
vn 1 -0 -0
vn 1 0 0
vn 1 0 0
vn 1 -0 -0
vn 1 -0 -0
vn 1 0 0
vn 1 0 0
vn 1 -0 -0
vn 1 -0 -0
vn 1 0 0
vn 1 0 0
vn 1 -0 -0
vn 1 -0 -0
vn 1 0 0
vn 1 0 0
vn 1 -0 -0
vn 1 -0 -0
vn 1 0 0
vn 1 0 0
vn 1 -0 -0
vn 1 -0 -0
vn 1 0 0
vn 1 0 0
vn 1 -0 -0
vn 1 -0 -0
vn 1 0 0
vn 1 0 0
vn 1 -0 -0
vn 1 -0 -0
vn 1 0 0
vn 1 0 0
vn 1 -0 -0
vn 1 -0 -0
vn 1 0 0
vn 1 0 0
vn 1 -0 -0
vn 1 -0 -0
vn 1 0 0
vn 1 0 0
vn 1 -0 -0
vn 1 -0 -0
vn 1 0 0
vn 1 0 0
vn 1 -0 -0
vn 1 -0 -0
vn 1 0 0
vn 1 0 0
vn 1 -0 -0
vn 1 -0 -0
vn 1 0 0
vn 1 0 0
vn 1 -0 -0
vn 1 -0 -0
vn 1 0 0
vn 1 0 0
vn 1 -0 -0
vn 1 -0 -0
vn 1 0 0
vn 1 0 0
vn 1 -0 -0
vn 1 -0 -0
vn 1 0 0
vn 1 0 0
vn 1 -0 -0
vn 1 -0 -0
vn 1 0 0
vn 1 -0 -0
vn 1 -0 -0
vn 0 -0 -1
vn 0 -0 -1
vn 0 0 -1
vn 0 -0 -1
vn 0 -0 -1
vn 0 0 -1
vn 0 0 -1
vn 0 0 -1
vn 0 0 -1
vn 0 0 -1
vn -0 0 -1
vn -0 -0 -1
vn 0 -0 -1
vn -0 4.76837158e-07 -1
vn 0 4.76837158e-07 -1
vn 0 0 -1
vn 0 0 -1
vn 0 4.76837158e-07 -1
vn 0 4.76837158e-07 -1
vn 0 0 -1
vn 0 0 -1
vn 0 4.76837158e-07 -1
vn 0 4.76837158e-07 -1
vn 0 0 -1
vn 0 0 -1
vn 0 4.76837158e-07 -1
vn 0 4.76837158e-07 -1
vn 0 0 -1
vn 0 0 -1
vn 0 4.76837158e-07 -1
vn 0 4.76837158e-07 -1
vn 0 0 -1
vn 0 0 -1
vn 0 4.76837158e-07 -1
vn -0 4.76837158e-07 -1
vn -0 0 -1
vn -1 -0 0
vn -1 -0 0
vn -1 0 0
vn -1 0 0
vn -1 0 0
vn -1 0 0
vn -1 0 0
vn -1 0 0
vn -1 0 0
vn -1 0 0
vn -1 0 0
vn -1 0 0
vn -1 0 0
vn -1 0 0
vn -1 0 0
vn -1 0 0
vn -1 0 0
vn -1 0 0
vn -1 0 0
vn -1 0 0
vn -1 0 0
vn -1 0 0
vn -1 0 0
vn -1 0 0
vn -1 0 0
vn -1 0 0
vn -1 0 0
vn -1 0 0
vn -1 0 0
vn -1 0 0
vn -1 0 0
vn -1 0 0
vn -1 0 0
vn -1 0 0
vn -1 0 0
vn -1 0 0
vn -1 0 0
vn -1 0 0
vn -1 0 0
vn -1 0 0
vn -1 0 0
vn -1 0 0
vn -1 0 0
vn -1 0 0
vn -1 0 0
vn -1 0 0
vn -1 0 0
vn -1 0 0
vn -1 0 0
vn -1 0 0
vn -1 0 0
vn -1 0 0
vn -1 0 0
vn -1 0 0
vn -1 0 0
vn -1 0 0
vn -1 0 0
vn -1 0 0
vn -1 0 0
vn -1 0 0
vn -1 0 0
vn -1 0 0
vn -1 0 0
vn -1 0 0
vn -1 0 0
vn -1 0 0
vn -1 0 0
vn -1 0 0
vn -1 0 0
vn -1 0 0
vn -1 0 0
vn -1 0 0
vn -1 0 0
vn -1 0 0
vn -1 0 0
vn -1 0 0
vn -1 0 0
vn -1 0 0
vn -1 0 -0
vn -1 0 -0
vn 0 0 1
vn 0 0 1
vn 0 0 1
vn 0 0 1
vn 0 0 1
vn 0 0 1
vn 0 0 1
vn 0 0 1
vn 0 0 1
vn 0 0 1
vn 0 0 1
vn 0 0 1
vn 0 0 1
vn 0 0 1
vn 0 0 1
vn 0 0 1
vn 0 0 1
vn 0 0 1
vn 0 0 1
vn 0 0 1
vn 0 0 1
vn 0 0 1
vn 0 0 1
vn 0 0 1
vn 0 0 1
vn 0 0 1
vn 0 0 1
vn 0 0 1
vn 0 0 1
vn 0 0 1
vn 0 0 1
vn 0 0 1
vn 0 0 1
vn 0 0 1
vn 0 0 1
vn 0 0 1
vn 0 0 1
vn 0 0 1
vn 0 0 1
vn 0 0 1
vn 0 0 1
vn 0 0 1
vn 0 0 1
vn 0 0 1
vn 0 0 1
vn 0 0 1
vn 0 0 1
vn 0 0 1
vn 0 0 1
vn 0 0 1
vn 0 0 1
vn 0 0 1
vn 0 0 1
vn 0 0 1
vn 0 0 1
vn 0 0 1
vn 0 0 1
vn 0 0 1
vn 0 0 1
vn 0 0 1
vn 0 0 1
vn 0 0 1
vn 0 0 1
vn 0 0 1
vn 0 0 1
vn 0 0 1
vn 0 0 1
vn 0 0 1
vn 0 0 1
vn 0 0 1
vn 0 0 1
vn 0 0 1
vn 0 0 1
vn 0 0 1
vn 0 0 1
vn 0 0 1
vn 0 0 1
vn 0 0 1
vn 0 0 1
vn 0 0 1
vn 0 0 1
vn 0 0 1
vn 0 0 1
vn 0 0 1
vn 0 0 1
vn 0 0 1
vn 0 0 1
vn 0 0 1
vn 0 0 1
vn 0 0 1
vn 0 0 1
vn 0 0 1
vn 0 0 1
vn 0 0 1
vn 0 0 1
vn 0 0 1
vn 0 0 1
vn 0 0 1
vn 0 0 1
vn 0 0 1
vn 0 0 1
vn 0 0 1
vn 0 0 1
vn 0 0 1
vn 0 0 1
vn 0 0 1
vn 0 0 1
vn 0 0 1
vn 0 0 1
vn 0 0 1
vn 0 0 1
vn 0 0 1
vn 0 0 1
vn 0 0 1
vn 0 0 1
vn 0 0 1
vn 0 0 1
vn 0 0 1
vn -0 -0 1
vn -0 -0 1
vn 1 0 0
vn 1 0 0
vn 1 0 0
vn 1 0 0
vn 1 0 0
vn 1 0 0
vn 1 0 0
vn 1 0 0
vn 1 0 0
vn 1 0 0
vn 1 0 0
vn 1 0 0
vn 1 0 0
vn 1 0 0
vn 1 0 0
vn 1 0 0
vn 1 0 0
vn 1 0 0
vn 1 0 0
vn 1 0 0
vn 1 0 0
vn 1 0 0
vn 1 0 0
vn 1 0 0
vn 1 0 0
vn 1 0 0
vn 1 0 0
vn 1 0 0
vn 1 0 0
vn 1 0 0
vn 1 0 0
vn 1 0 0
vn 1 0 0
vn 1 0 0
vn 1 0 0
vn 1 0 0
vn 1 0 0
vn 1 0 0
vn 1 0 0
vn 1 0 0
vn 1 0 0
vn 1 0 0
vn 1 0 0
vn 1 0 0
vn 1 0 0
vn 1 0 0
vn 1 0 0
vn 1 0 0
vn 1 0 0
vn 1 0 0
vn 1 0 0
vn 1 0 0
vn 1 0 0
vn 1 0 0
vn 1 0 0
vn 1 0 0
vn 1 0 0
vn 1 0 0
vn 1 0 0
vn 1 0 0
vn 1 0 0
vn 1 0 0
vn 1 0 0
vn 1 0 0
vn 1 0 0
vn 1 0 0
vn 1 0 0
vn 1 0 0
vn 1 0 0
vn 1 0 0
vn 1 0 0
vn 1 0 0
vn 1 0 0
vn 1 0 0
vn 1 0 0
vn 1 0 0
vn 1 0 0
vn 1 0 0
vn 1 -0 -0
vn 1 -0 -0
vn 0 -0 -1
vn -0 4.76837158e-07 -1
vn 0 4.76837158e-07 -1
vn 0 0 -1
vn 0 0 -1
vn 0 4.76837158e-07 -1
vn 0 4.76837158e-07 -1
vn 0 0 -1
vn 0 0 -1
vn 0 4.76837158e-07 -1
vn -0 4.76837158e-07 -1
vn -0 0 -1
vn -0 4.76837158e-07 -1
vn 0 4.76837158e-07 -1
vn 0 4.76837158e-07 -1
vn 0 4.76837158e-07 -1
vn 0 4.76837158e-07 -1
vn 0 4.76837158e-07 -1
vn 0 4.76837158e-07 -1
vn 0 4.76837158e-07 -1
vn 0 4.76837158e-07 -1
vn 0 4.76837158e-07 -1
vn 0 4.76837158e-07 -1
vn 0 4.76837158e-07 -1
vn 0 4.76837158e-07 -1
vn 0 4.76837158e-07 -1
vn 0 4.76837158e-07 -1
vn 0 4.76837158e-07 -1
vn 0 4.76837158e-07 -1
vn 0 4.76837158e-07 -1
vn 0 4.76837158e-07 -1
vn 0 4.76837158e-07 -1
vn 0 4.76837158e-07 -1
vn 0 4.76837158e-07 -1
vn -0 4.76837158e-07 -1
vn -0 4.76837158e-07 -1
vn -1 -0 0
vn -1 -0 0
vn -1 0 0
vn -1 0 0
vn -1 0 0
vn -1 0 0
vn -1 0 0
vn -1 0 0
vn -1 0 0
vn -1 0 0
vn -1 0 0
vn -1 0 0
vn -1 0 0
vn -1 0 0
vn -1 0 0
vn -1 0 0
vn -1 0 0
vn -1 0 0
vn -1 0 0
vn -1 0 0
vn -1 0 0
vn -1 0 0
vn -1 0 0
vn -1 0 0
vn -1 0 0
vn -1 0 0
vn -1 0 0
vn -1 0 0
vn -1 0 0
vn -1 0 0
vn -1 0 0
vn -1 0 0
vn -1 0 0
vn -1 0 0
vn -1 0 0
vn -1 0 0
vn -1 0 0
vn -1 0 0
vn -1 0 0
vn -1 0 0
vn -1 0 0
vn -1 0 0
vn -1 0 0
vn -1 0 0
vn -1 0 0
vn -1 0 0
vn -1 0 0
vn -1 0 0
vn -1 0 0
vn -1 0 0
vn -1 0 0
vn -1 0 0
vn -1 0 0
vn -1 0 0
vn -1 0 0
vn -1 0 0
vn -1 0 0
vn -1 0 0
vn -1 0 0
vn -1 0 0
vn -1 0 0
vn -1 0 0
vn -1 0 0
vn -1 0 0
vn -1 0 0
vn -1 0 0
vn -1 0 0
vn -1 0 0
vn -1 0 0
vn -1 0 0
vn -1 0 0
vn -1 0 0
vn -1 0 0
vn -1 0 0
vn -1 0 0
vn -1 0 0
vn -1 0 0
vn -1 0 0
vn -1 0 -0
vn -1 0 -0
vn 0 0 1
vn 0 0 1
vn 0 0 1
vn 0 0 1
vn 0 0 1
vn 0 0 1
vn 0 0 1
vn 0 0 1
vn 0 0 1
vn 0 0 1
vn 0 0 1
vn 0 0 1
vn 0 0 1
vn 0 0 1
vn 0 0 1
vn 0 0 1
vn 0 0 1
vn 0 0 1
vn 0 0 1
vn 0 0 1
vn 0 0 1
vn 0 0 1
vn 0 0 1
vn 0 0 1
vn 0 0 1
vn 0 0 1
vn 0 0 1
vn 0 0 1
vn 0 0 1
vn 0 0 1
vn 0 0 1
vn 0 0 1
vn 0 0 1
vn 0 0 1
vn 0 0 1
vn 0 0 1
vn 0 0 1
vn 0 0 1
vn 0 0 1
vn 0 0 1
vn 0 0 1
vn 0 0 1
vn 0 0 1
vn 0 0 1
vn 0 0 1
vn 0 0 1
vn 0 0 1
vn 0 0 1
vn 0 0 1
vn 0 0 1
vn 0 0 1
vn 0 0 1
vn 0 0 1
vn 0 0 1
vn 0 0 1
vn 0 0 1
vn 0 0 1
vn 0 0 1
vn 0 0 1
vn 0 0 1
vn 0 0 1
vn 0 0 1
vn 0 0 1
vn 0 0 1
vn 0 0 1
vn 0 0 1
vn 0 0 1
vn 0 0 1
vn 0 0 1
vn 0 0 1
vn 0 0 1
vn 0 0 1
vn 0 0 1
vn 0 0 1
vn 0 0 1
vn 0 0 1
vn 0 0 1
vn 0 0 1
vn 0 0 1
vn 0 0 1
vn 0 0 1
vn 0 0 1
vn 0 0 1
vn 0 0 1
vn 0 0 1
vn 0 0 1
vn 0 0 1
vn 0 0 1
vn 0 0 1
vn 0 0 1
vn 0 0 1
vn 0 0 1
vn 0 0 1
vn 0 0 1
vn 0 0 1
vn 0 0 1
vn 0 0 1
vn 0 0 1
vn 0 0 1
vn 0 0 1
vn 0 0 1
vn 0 0 1
vn 0 0 1
vn 0 0 1
vn 0 0 1
vn 0 0 1
vn 0 0 1
vn 0 0 1
vn 0 0 1
vn 0 0 1
vn 0 0 1
vn 0 0 1
vn 0 0 1
vn 0 0 1
vn 0 0 1
vn 0 0 1
vn 0 0 1
vn 0 0 1
vn -0 -0 1
vn -0 -0 1
vn 1 0 0
vn 1 0 0
vn 1 0 0
vn 1 0 0
vn 1 0 0
vn 1 0 0
vn 1 0 0
vn 1 0 0
vn 1 0 0
vn 1 0 0
vn 1 0 0
vn 1 0 0
vn 1 0 0
vn 1 0 0
vn 1 0 0
vn 1 0 0
vn 1 0 0
vn 1 0 0
vn 1 0 0
vn 1 0 0
vn 1 0 0
vn 1 0 0
vn 1 0 0
vn 1 0 0
vn 1 0 0
vn 1 0 0
vn 1 0 0
vn 1 0 0
vn 1 0 0
vn 1 0 0
vn 1 0 0
vn 1 0 0
vn 1 0 0
vn 1 0 0
vn 1 0 0
vn 1 0 0
vn 1 0 0
vn 1 0 0
vn 1 0 0
vn 1 0 0
vn 1 0 0
vn 1 0 0
vn 1 0 0
vn 1 0 0
vn 1 0 0
vn 1 0 0
vn 1 0 0
vn 1 0 0
vn 1 0 0
vn 1 0 0
vn 1 0 0
vn 1 0 0
vn 1 0 0
vn 1 0 0
vn 1 0 0
vn 1 0 0
vn 1 0 0
vn 1 0 0
vn 1 0 0
vn 1 0 0
vn 1 0 0
vn 1 0 0
vn 1 0 0
vn 1 0 0
vn 1 0 0
vn 1 0 0
vn 1 0 0
vn 1 0 0
vn 1 0 0
vn 1 0 0
vn 1 0 0
vn 1 0 0
vn 1 0 0
vn 1 0 0
vn 1 0 0
vn 1 0 0
vn 1 0 0
vn 1 0 0
vn 1 -0 -0
vn 1 -0 -0
vn -0 4.76837158e-07 -1
vn 0 4.76837158e-07 -1
vn 0 4.76837158e-07 -1
vn 0 4.76837158e-07 -1
vn 0 4.76837158e-07 -1
vn 0 4.76837158e-07 -1
vn 0 4.76837215e-07 -1
vn 0 4.76837158e-07 -1
vn 0 4.76837158e-07 -1
vn 0 4.76837215e-07 -1
vn -0 4.76837272e-07 -1
vn -0 4.76837158e-07 -1
vn 0 4.76837158e-07 -1
vn 0 -4.76837158e-07 -1
vn 0 -4.76837158e-07 -1
vn 0 4.76837158e-07 -1
vn 0 4.76837158e-07 -1
vn 0 -4.76837158e-07 -1
vn 0 -4.76837158e-07 -1
vn 0 4.76837158e-07 -1
vn 0 4.76837158e-07 -1
vn 0 -4.76837158e-07 -1
vn 0 -4.76837158e-07 -1
vn 0 4.76837158e-07 -1
vn 0 4.76837158e-07 -1
vn 0 -4.76837158e-07 -1
vn 0 -4.76837158e-07 -1
vn 0 4.76837158e-07 -1
vn 0 4.76837158e-07 -1
vn 0 -4.76837158e-07 -1
vn 0 -4.76837158e-07 -1
vn 0 4.76837158e-07 -1
vn 0 4.76837158e-07 -1
vn 0 -4.76837158e-07 -1
vn 0 -4.76837158e-07 -1
vn -0 4.76837158e-07 -1
vn -1 -0 0
vn -1 -0 0
vn -1 0 0
vn -1 0 0
vn -1 0 0
vn -1 0 0
vn -1 0 0
vn -1 0 0
vn -1 0 0
vn -1 0 0
vn -1 0 0
vn -1 0 0
vn -1 0 0
vn -1 0 0
vn -1 0 0
vn -1 0 0
vn -1 0 0
vn -1 0 0
vn -1 0 0
vn -1 0 0
vn -1 0 0
vn -1 0 0
vn -1 0 0
vn -1 0 0
vn -1 0 0
vn -1 0 0
vn -1 0 0
vn -1 0 0
vn -1 0 0
vn -1 0 0
vn -1 0 0
vn -1 0 0
vn -1 0 0
vn -1 0 0
vn -1 0 0
vn -1 0 0
vn -1 0 0
vn -1 0 0
vn -1 0 0
vn -1 0 0
vn -1 0 0
vn -1 0 0
vn -1 0 0
vn -1 0 0
vn -1 0 0
vn -1 0 0
vn -1 0 0
vn -1 0 0
vn -1 0 0
vn -1 0 0
vn -1 0 0
vn -1 0 0
vn -1 0 0
vn -1 0 0
vn -1 0 0
vn -1 0 0
vn -1 0 0
vn -1 0 0
vn -1 0 0
vn -1 0 0
vn -1 0 0
vn -1 0 0
vn -1 0 0
vn -1 0 0
vn -1 0 0
vn -1 0 0
vn -1 0 0
vn -1 0 0
vn -1 0 0
vn -1 0 0
vn -1 0 0
vn -1 0 0
vn -1 0 0
vn -1 0 0
vn -1 0 0
vn -1 0 0
vn -1 0 0
vn -1 0 0
vn -1 0 -0
vn -1 0 -0
vn 0 0 1
vn 0 0 1
vn 0 0 1
vn 0 0 1
vn 0 0 1
vn 0 0 1
vn 0 0 1
vn 0 0 1
vn 0 0 1
vn 0 0 1
vn 0 0 1
vn 0 0 1
vn 0 0 1
vn 0 0 1
vn 0 0 1
vn 0 0 1
vn 0 0 1
vn 0 0 1
vn 0 0 1
vn 0 0 1
vn 0 0 1
vn 0 0 1
vn 0 0 1
vn 0 0 1
vn 0 0 1
vn 0 0 1
vn 0 0 1
vn 0 0 1
vn 0 0 1
vn 0 0 1
vn 0 0 1
vn 0 0 1
vn 0 0 1
vn 0 0 1
vn 0 0 1
vn 0 0 1
vn 0 0 1
vn 0 0 1
vn 0 0 1
vn 0 0 1
vn 0 0 1
vn 0 0 1
vn 0 0 1
vn 0 0 1
vn 0 0 1
vn 0 0 1
vn 0 0 1
vn 0 0 1
vn 0 0 1
vn 0 0 1
vn 0 0 1
vn 0 0 1
vn 0 0 1
vn 0 0 1
vn 0 0 1
vn 0 0 1
vn 0 0 1
vn 0 0 1
vn 0 0 1
vn 0 0 1
vn 0 0 1
vn 0 0 1
vn 0 0 1
vn 0 0 1
vn 0 0 1
vn 0 0 1
vn 0 0 1
vn 0 0 1
vn 0 0 1
vn 0 0 1
vn 0 0 1
vn 0 0 1
vn 0 0 1
vn 0 0 1
vn 0 0 1
vn 0 0 1
vn 0 0 1
vn 0 0 1
vn 0 0 1
vn 0 0 1
vn 0 0 1
vn 0 0 1
vn 0 0 1
vn 0 0 1
vn 0 0 1
vn 0 0 1
vn 0 0 1
vn 0 0 1
vn 0 0 1
vn 0 0 1
vn 0 0 1
vn 0 0 1
vn 0 0 1
vn 0 0 1
vn 0 0 1
vn 0 0 1
vn 0 0 1
vn 0 0 1
vn 0 0 1
vn 0 0 1
vn 0 0 1
vn 0 0 1
vn 0 0 1
vn 0 0 1
vn 0 0 1
vn 0 0 1
vn 0 0 1
vn 0 0 1
vn 0 0 1
vn 0 0 1
vn 0 0 1
vn 0 0 1
vn 0 0 1
vn 0 0 1
vn 0 0 1
vn 0 0 1
vn 0 0 1
vn 0 0 1
vn -0 -0 1
vn -0 -0 1
vn 1 0 0
vn 1 0 0
vn 1 0 0
vn 1 0 0
vn 1 0 0
vn 1 0 0
vn 1 0 0
vn 1 0 0
vn 1 0 0
vn 1 0 0
vn 1 0 0
vn 1 0 0
vn 1 0 0
vn 1 0 0
vn 1 0 0
vn 1 0 0
vn 1 0 0
vn 1 0 0
vn 1 0 0
vn 1 0 0
vn 1 0 0
vn 1 0 0
vn 1 0 0
vn 1 0 0
vn 1 0 0
vn 1 0 0
vn 1 0 0
vn 1 0 0
vn 1 0 0
vn 1 0 0
vn 1 0 0
vn 1 0 0
vn 1 0 0
vn 1 0 0
vn 1 0 0
vn 1 0 0
vn 1 0 0
vn 1 0 0
vn 1 0 0
vn 1 0 0
vn 1 0 0
vn 1 0 0
vn 1 0 0
vn 1 0 0
vn 1 0 0
vn 1 0 0
vn 1 0 0
vn 1 0 0
vn 1 0 0
vn 1 0 0
vn 1 0 0
vn 1 0 0
vn 1 0 0
vn 1 0 0
vn 1 0 0
vn 1 0 0
vn 1 0 0
vn 1 0 0
vn 1 0 0
vn 1 0 0
vn 1 0 0
vn 1 0 0
vn 1 0 0
vn 1 0 0
vn 1 0 0
vn 1 0 0
vn 1 0 0
vn 1 0 0
vn 1 0 0
vn 1 0 0
vn 1 0 0
vn 1 0 0
vn 1 0 0
vn 1 0 0
vn 1 0 0
vn 1 0 0
vn 1 0 0
vn 1 0 0
vn 1 -0 -0
vn 1 -0 -0
vn 0 4.76837158e-07 -1
vn 0 -4.76837158e-07 -1
vn 0 -4.76837158e-07 -1
vn 0 4.76837158e-07 -1
vn 0 4.76837158e-07 -1
vn 0 -4.76837158e-07 -1
vn 0 -4.76837158e-07 -1
vn 0 4.76837215e-07 -1
vn 0 4.76837215e-07 -1
vn 0 -4.76837158e-07 -1
vn 0 -4.76837158e-07 -1
vn -0 4.76837272e-07 -1
vn 0 -4.76837158e-07 -1
vn 0 3.1789142e-07 -1
vn 0 0 -1
vn 0 -4.76837158e-07 -1
vn 0 -4.76837158e-07 -1
vn 0 0 -1
vn 0 0 -1
vn 0 -4.76837158e-07 -1
vn 0 -4.76837158e-07 -1
vn 0 0 -1
vn 0 0 -1
vn 0 -4.76837158e-07 -1
vn 0 -4.76837158e-07 -1
vn 0 0 -1
vn 0 0 -1
vn 0 -4.76837158e-07 -1
vn 0 -4.76837158e-07 -1
vn 0 0 -1
vn 0 0 -1
vn 0 -4.76837158e-07 -1
vn 0 -4.76837158e-07 -1
vn 0 0 -1
vn -0 0 -1
vn 0 -4.76837158e-07 -1
vn -1 -0 0
vn -1 -0 0
vn -1 0 0
vn -1 0 0
vn -1 0 0
vn -1 0 0
vn -1 0 0
vn -1 0 0
vn -1 0 0
vn -1 0 0
vn -1 0 0
vn -1 0 0
vn -1 0 0
vn -1 0 0
vn -1 0 0
vn -1 0 0
vn -1 0 0
vn -1 0 0
vn -1 0 0
vn -1 0 0
vn -1 0 0
vn -1 0 0
vn -1 0 0
vn -1 0 0
vn -1 0 0
vn -1 0 0
vn -1 0 0
vn -1 0 0
vn -1 0 0
vn -1 0 0
vn -1 0 0
vn -1 0 0
vn -1 0 0
vn -1 0 0
vn -1 0 0
vn -1 0 0
vn -1 0 0
vn -1 0 0
vn -1 0 0
vn -1 0 0
vn -1 0 0
vn -1 0 0
vn -1 0 0
vn -1 0 0
vn -1 0 0
vn -1 0 0
vn -1 0 0
vn -1 0 0
vn -1 0 0
vn -1 0 0
vn -1 0 0
vn -1 0 0
vn -1 0 0
vn -1 0 0
vn -1 0 0
vn -1 0 0
vn -1 0 0
vn -1 0 0
vn -1 0 0
vn -1 0 0
vn -1 0 0
vn -1 0 0
vn -1 0 0
vn -1 0 0
vn -1 0 0
vn -1 0 0
vn -1 0 0
vn -1 0 0
vn -1 0 0
vn -1 0 0
vn -1 0 0
vn -1 0 0
vn -1 0 0
vn -1 0 0
vn -1 0 0
vn -1 0 0
vn -1 0 0
vn -1 0 0
vn -1 0 -0
vn -1 0 -0
vn 0 0 1
vn 0 0 1
vn 0 0 1
vn 0 0 1
vn 0 0 1
vn 0 0 1
vn 0 0 1
vn 0 0 1
vn 0 0 1
vn 0 0 1
vn 0 0 1
vn 0 0 1
vn 0 0 1
vn 0 0 1
vn 0 0 1
vn 0 0 1
vn 0 0 1
vn 0 0 1
vn 0 0 1
vn 0 0 1
vn 0 0 1
vn 0 0 1
vn 0 0 1
vn 0 0 1
vn 0 0 1
vn 0 0 1
vn 0 0 1
vn 0 0 1
vn 0 0 1
vn 0 0 1
vn 0 0 1
vn 0 0 1
vn 0 0 1
vn 0 0 1
vn 0 0 1
vn 0 0 1
vn 0 0 1
vn 0 0 1
vn 0 0 1
vn 0 0 1
vn 0 0 1
vn 0 0 1
vn 0 0 1
vn 0 0 1
vn 0 0 1
vn 0 0 1
vn 0 0 1
vn 0 0 1
vn 0 0 1
vn 0 0 1
vn 0 0 1
vn 0 0 1
vn 0 0 1
vn 0 0 1
vn 0 0 1
vn 0 0 1
vn 0 0 1
vn 0 0 1
vn 0 0 1
vn 0 0 1
vn 0 0 1
vn 0 0 1
vn 0 0 1
vn 0 0 1
vn 0 0 1
vn 0 0 1
vn 0 0 1
vn 0 0 1
vn 0 0 1
vn 0 0 1
vn 0 0 1
vn 0 0 1
vn 0 0 1
vn 0 0 1
vn 0 0 1
vn 0 0 1
vn 0 0 1
vn 0 0 1
vn 0 0 1
vn 0 0 1
vn 0 0 1
vn 0 0 1
vn 0 0 1
vn 0 0 1
vn 0 0 1
vn 0 0 1
vn 0 0 1
vn 0 0 1
vn 0 0 1
vn 0 0 1
vn 0 0 1
vn 0 0 1
vn 0 0 1
vn 0 0 1
vn 0 0 1
vn 0 0 1
vn 0 0 1
vn 0 0 1
vn 0 0 1
vn 0 0 1
vn 0 0 1
vn 0 0 1
vn 0 0 1
vn 0 0 1
vn 0 0 1
vn 0 0 1
vn 0 0 1
vn 0 0 1
vn 0 0 1
vn 0 0 1
vn 0 0 1
vn 0 0 1
vn 0 0 1
vn 0 0 1
vn 0 0 1
vn 0 0 1
vn 0 0 1
vn 0 0 1
vn -0 -0 1
vn -0 -0 1
vn 1 0 0
vn 1 0 0
vn 1 0 0
vn 1 0 0
vn 1 0 0
vn 1 0 0
vn 1 0 0
vn 1 0 0
vn 1 0 0
vn 1 0 0
vn 1 0 0
vn 1 0 0
vn 1 0 0
vn 1 0 0
vn 1 0 0
vn 1 0 0
vn 1 0 0
vn 1 0 0
vn 1 0 0
vn 1 0 0
vn 1 0 0
vn 1 0 0
vn 1 0 0
vn 1 0 0
vn 1 0 0
vn 1 0 0
vn 1 0 0
vn 1 0 0
vn 1 0 0
vn 1 0 0
vn 1 0 0
vn 1 0 0
vn 1 0 0
vn 1 0 0
vn 1 0 0
vn 1 0 0
vn 1 0 0
vn 1 0 0
vn 1 0 0
vn 1 0 0
vn 1 0 0
vn 1 0 0
vn 1 0 0
vn 1 0 0
vn 1 0 0
vn 1 0 0
vn 1 0 0
vn 1 0 0
vn 1 0 0
vn 1 0 0
vn 1 0 0
vn 1 0 0
vn 1 0 0
vn 1 0 0
vn 1 0 0
vn 1 0 0
vn 1 0 0
vn 1 0 0
vn 1 0 0
vn 1 0 0
vn 1 0 0
vn 1 0 0
vn 1 0 0
vn 1 0 0
vn 1 0 0
vn 1 0 0
vn 1 0 0
vn 1 0 0
vn 1 0 0
vn 1 0 0
vn 1 0 0
vn 1 0 0
vn 1 0 0
vn 1 0 0
vn 1 0 0
vn 1 0 0
vn 1 0 0
vn 1 0 0
vn 1 -0 -0
vn 1 -0 -0
vn 0 -4.76837158e-07 -1
vn -0 0 -1
vn 0 0 -1
vn 0 -4.76837158e-07 -1
vn 0 -4.76837158e-07 -1
vn 0 0 -1
vn 0 0 -1
vn 0 -4.76837158e-07 -1
vn 0 -4.76837158e-07 -1
vn 0 0 -1
vn 0 3.1789142e-07 -1
vn 0 -4.76837158e-07 -1
vn 0 3.1789142e-07 -1
vn 0 4.76837158e-07 -1
vn 0 4.76837158e-07 -1
vn 0 0 -1
vn 0 0 -1
vn 0 4.76837158e-07 -1
vn 0 4.76837158e-07 -1
vn 0 0 -1
vn 0 0 -1
vn 0 4.76837158e-07 -1
vn 0 4.76837158e-07 -1
vn 0 0 -1
vn 0 0 -1
vn 0 4.76837158e-07 -1
vn 0 4.76837158e-07 -1
vn 0 0 -1
vn 0 0 -1
vn 0 4.76837158e-07 -1
vn 0 4.76837158e-07 -1
vn 0 0 -1
vn 0 0 -1
vn 0 4.76837158e-07 -1
vn -0 4.76837158e-07 -1
vn -0 0 -1
vn -1 -0 0
vn -1 -0 0
vn -1 0 0
vn -1 0 0
vn -1 0 0
vn -1 0 0
vn -1 0 0
vn -1 0 0
vn -1 0 0
vn -1 0 0
vn -1 0 0
vn -1 0 0
vn -1 0 0
vn -1 0 0
vn -1 0 0
vn -1 0 0
vn -1 0 0
vn -1 0 0
vn -1 0 0
vn -1 0 0
vn -1 0 0
vn -1 0 0
vn -1 0 0
vn -1 0 0
vn -1 0 0
vn -1 0 0
vn -1 0 0
vn -1 0 0
vn -1 0 0
vn -1 0 0
vn -1 0 0
vn -1 0 0
vn -1 0 0
vn -1 0 0
vn -1 0 0
vn -1 0 0
vn -1 0 0
vn -1 0 0
vn -1 0 0
vn -1 0 0
vn -1 0 0
vn -1 0 0
vn -1 0 0
vn -1 0 0
vn -1 0 0
vn -1 0 0
vn -1 0 0
vn -1 0 0
vn -1 0 0
vn -1 0 0
vn -1 0 0
vn -1 0 0
vn -1 0 0
vn -1 0 0
vn -1 0 0
vn -1 0 0
vn -1 0 0
vn -1 0 0
vn -1 0 0
vn -1 0 0
vn -1 0 0
vn -1 0 0
vn -1 0 0
vn -1 0 0
vn -1 0 0
vn -1 0 0
vn -1 0 0
vn -1 0 0
vn -1 0 0
vn -1 0 0
vn -1 0 0
vn -1 0 0
vn -1 0 0
vn -1 0 0
vn -1 0 0
vn -1 0 0
vn -1 0 0
vn -1 0 0
vn -1 0 -0
vn -1 0 -0
vn 0 0 1
vn 0 0 1
vn 0 0 1
vn 0 0 1
vn 0 0 1
vn 0 0 1
vn 0 0 1
vn 0 0 1
vn 0 0 1
vn 0 0 1
vn 0 0 1
vn 0 0 1
vn 0 0 1
vn 0 0 1
vn 0 0 1
vn 0 0 1
vn 0 0 1
vn 0 0 1
vn 0 0 1
vn 0 0 1
vn 0 0 1
vn 0 0 1
vn 0 0 1
vn 0 0 1
vn 0 0 1
vn 0 0 1
vn 0 0 1
vn 0 0 1
vn 0 0 1
vn 0 0 1
vn 0 0 1
vn 0 0 1
vn 0 0 1
vn 0 0 1
vn 0 0 1
vn 0 0 1
vn 0 0 1
vn 0 0 1
vn 0 0 1
vn 0 0 1
vn 0 0 1
vn 0 0 1
vn 0 0 1
vn 0 0 1
vn 0 0 1
vn 0 0 1
vn 0 0 1
vn 0 0 1
vn 0 0 1
vn 0 0 1
vn 0 0 1
vn 0 0 1
vn 0 0 1
vn 0 0 1
vn 0 0 1
vn 0 0 1
vn 0 0 1
vn 0 0 1
vn 0 0 1
vn 0 0 1
vn 0 0 1
vn 0 0 1
vn 0 0 1
vn 0 0 1
vn 0 0 1
vn 0 0 1
vn 0 0 1
vn 0 0 1
vn 0 0 1
vn 0 0 1
vn 0 0 1
vn 0 0 1
vn 0 0 1
vn 0 0 1
vn 0 0 1
vn 0 0 1
vn 0 0 1
vn 0 0 1
vn 0 0 1
vn 0 0 1
vn 0 0 1
vn 0 0 1
vn 0 0 1
vn 0 0 1
vn 0 0 1
vn 0 0 1
vn 0 0 1
vn 0 0 1
vn 0 0 1
vn 0 0 1
vn 0 0 1
vn 0 0 1
vn 0 0 1
vn 0 0 1
vn 0 0 1
vn 0 0 1
vn 0 0 1
vn 0 0 1
vn 0 0 1
vn 0 0 1
vn 0 0 1
vn 0 0 1
vn 0 0 1
vn 0 0 1
vn 0 0 1
vn 0 0 1
vn 0 0 1
vn 0 0 1
vn 0 0 1
vn 0 0 1
vn 0 0 1
vn 0 0 1
vn 0 0 1
vn 0 0 1
vn 0 0 1
vn 0 0 1
vn 0 0 1
vn 0 0 1
vn -0 -0 1
vn -0 -0 1
vn 1 0 0
vn 1 0 0
vn 1 0 0
vn 1 0 0
vn 1 0 0
vn 1 0 0
vn 1 0 0
vn 1 0 0
vn 1 0 0
vn 1 0 0
vn 1 0 0
vn 1 0 0
vn 1 0 0
vn 1 0 0
vn 1 0 0
vn 1 0 0
vn 1 0 0
vn 1 0 0
vn 1 0 0
vn 1 0 0
vn 1 0 0
vn 1 0 0
vn 1 0 0
vn 1 0 0
vn 1 0 0
vn 1 0 0
vn 1 0 0
vn 1 0 0
vn 1 0 0
vn 1 0 0
vn 1 0 0
vn 1 0 0
vn 1 0 0
vn 1 0 0
vn 1 0 0
vn 1 0 0
vn 1 0 0
vn 1 0 0
vn 1 0 0
vn 1 0 0
vn 1 0 0
vn 1 0 0
vn 1 0 0
vn 1 0 0
vn 1 0 0
vn 1 0 0
vn 1 0 0
vn 1 0 0
vn 1 0 0
vn 1 0 0
vn 1 0 0
vn 1 0 0
vn 1 0 0
vn 1 0 0
vn 1 0 0
vn 1 0 0
vn 1 0 0
vn 1 0 0
vn 1 0 0
vn 1 0 0
vn 1 0 0
vn 1 0 0
vn 1 0 0
vn 1 0 0
vn 1 0 0
vn 1 0 0
vn 1 0 0
vn 1 0 0
vn 1 0 0
vn 1 0 0
vn 1 0 0
vn 1 0 0
vn 1 0 0
vn 1 0 0
vn 1 0 0
vn 1 0 0
vn 1 0 0
vn 1 0 0
vn 1 -0 -0
vn 1 -0 -0
vn -0 0 -1
vn 0 4.76837158e-07 -1
vn 0 4.7683713e-07 -1
vn 0 0 -1
vn 0 0 -1
vn 0 4.7683713e-07 -1
vn 0 4.76837215e-07 -1
vn 0 0 -1
vn 0 0 -1
vn 0 4.76837215e-07 -1
vn 0 4.76837158e-07 -1
vn 0 3.1789142e-07 -1
vn 0 4.76837158e-07 -1
vn 0 -4.76837158e-07 -1
vn 0 -4.76837158e-07 -1
vn 0 4.76837158e-07 -1
vn 0 4.76837158e-07 -1
vn 0 -4.76837158e-07 -1
vn 0 -4.76837158e-07 -1
vn 0 4.76837158e-07 -1
vn 0 4.76837158e-07 -1
vn 0 -4.76837158e-07 -1
vn 0 -4.76837158e-07 -1
vn 0 4.76837158e-07 -1
vn 0 4.76837158e-07 -1
vn 0 -4.76837158e-07 -1
vn 0 -4.76837158e-07 -1
vn 0 4.76837158e-07 -1
vn 0 4.76837158e-07 -1
vn 0 -4.76837158e-07 -1
vn 0 -4.76837158e-07 -1
vn 0 4.76837158e-07 -1
vn 0 4.76837158e-07 -1
vn 0 -4.76837158e-07 -1
vn 0 -4.76837158e-07 -1
vn -0 4.76837158e-07 -1
vn -1 -0 0
vn -1 -0 0
vn -1 0 0
vn -1 0 0
vn -1 0 0
vn -1 0 0
vn -1 0 0
vn -1 0 0
vn -1 0 0
vn -1 0 0
vn -1 0 0
vn -1 0 0
vn -1 0 0
vn -1 0 0
vn -1 0 0
vn -1 0 0
vn -1 0 0
vn -1 0 0
vn -1 0 0
vn -1 0 0
vn -1 0 0
vn -1 0 0
vn -1 0 0
vn -1 0 0
vn -1 0 0
vn -1 0 0
vn -1 0 0
vn -1 0 0
vn -1 0 0
vn -1 0 0
vn -1 0 0
vn -1 0 0
vn -1 0 0
vn -1 0 0
vn -1 0 0
vn -1 0 0
vn -1 0 0
vn -1 0 0
vn -1 0 0
vn -1 0 0
vn -1 0 0
vn -1 0 0
vn -1 0 0
vn -1 0 0
vn -1 0 0
vn -1 0 0
vn -1 0 0
vn -1 0 0
vn -1 0 0
vn -1 0 0
vn -1 0 0
vn -1 0 0
vn -1 0 0
vn -1 0 0
vn -1 0 0
vn -1 0 0
vn -1 0 0
vn -1 0 0
vn -1 0 0
vn -1 0 0
vn -1 0 0
vn -1 0 0
vn -1 0 0
vn -1 0 0
vn -1 0 0
vn -1 0 0
vn -1 0 0
vn -1 0 0
vn -1 0 0
vn -1 0 0
vn -1 0 0
vn -1 0 0
vn -1 0 0
vn -1 0 0
vn -1 0 0
vn -1 0 0
vn -1 0 0
vn -1 0 0
vn -1 0 -0
vn -1 0 -0
vn 0 0 1
vn 0 0 1
vn 0 0 1
vn 0 0 1
vn 0 0 1
vn 0 0 1
vn 0 0 1
vn 0 0 1
vn 0 0 1
vn 0 0 1
vn 0 0 1
vn 0 0 1
vn 0 0 1
vn 0 0 1
vn 0 0 1
vn 0 0 1
vn 0 0 1
vn 0 0 1
vn 0 0 1
vn 0 0 1
vn 0 0 1
vn 0 0 1
vn 0 0 1
vn 0 0 1
vn 0 0 1
vn 0 0 1
vn 0 0 1
vn 0 0 1
vn 0 0 1
vn 0 0 1
vn 0 0 1
vn 0 0 1
vn 0 0 1
vn 0 0 1
vn 0 0 1
vn 0 0 1
vn 0 0 1
vn 0 0 1
vn 0 0 1
vn 0 0 1
vn 0 0 1
vn 0 0 1
vn 0 0 1
vn 0 0 1
vn 0 0 1
vn 0 0 1
vn 0 0 1
vn 0 0 1
vn 0 0 1
vn 0 0 1
vn 0 0 1
vn 0 0 1
vn 0 0 1
vn 0 0 1
vn 0 0 1
vn 0 0 1
vn 0 0 1
vn 0 0 1
vn 0 0 1
vn 0 0 1
vn 0 0 1
vn 0 0 1
vn 0 0 1
vn 0 0 1
vn 0 0 1
vn 0 0 1
vn 0 0 1
vn 0 0 1
vn 0 0 1
vn 0 0 1
vn 0 0 1
vn 0 0 1
vn 0 0 1
vn 0 0 1
vn 0 0 1
vn 0 0 1
vn 0 0 1
vn 0 0 1
vn 0 0 1
vn 0 0 1
vn 0 0 1
vn 0 0 1
vn 0 0 1
vn 0 0 1
vn 0 0 1
vn 0 0 1
vn 0 0 1
vn 0 0 1
vn 0 0 1
vn 0 0 1
vn 0 0 1
vn 0 0 1
vn 0 0 1
vn 0 0 1
vn 0 0 1
vn 0 0 1
vn 0 0 1
vn 0 0 1
vn 0 0 1
vn 0 0 1
vn 0 0 1
vn 0 0 1
vn 0 0 1
vn 0 0 1
vn 0 0 1
vn 0 0 1
vn 0 0 1
vn 0 0 1
vn 0 0 1
vn 0 0 1
vn 0 0 1
vn 0 0 1
vn 0 0 1
vn 0 0 1
vn 0 0 1
vn 0 0 1
vn 0 0 1
vn 0 0 1
vn -0 -0 1
vn -0 -0 1
vn 1 0 0
vn 1 0 0
vn 1 0 0
vn 1 0 0
vn 1 0 0
vn 1 0 0
vn 1 0 0
vn 1 0 0
vn 1 0 0
vn 1 0 0
vn 1 0 0
vn 1 0 0
vn 1 0 0
vn 1 0 0
vn 1 0 0
vn 1 0 0
vn 1 0 0
vn 1 0 0
vn 1 0 0
vn 1 0 0
vn 1 0 0
vn 1 0 0
vn 1 0 0
vn 1 0 0
vn 1 0 0
vn 1 0 0
vn 1 0 0
vn 1 0 0
vn 1 0 0
vn 1 0 0
vn 1 0 0
vn 1 0 0
vn 1 0 0
vn 1 0 0
vn 1 0 0
vn 1 0 0
vn 1 0 0
vn 1 0 0
vn 1 0 0
vn 1 0 0
vn 1 0 0
vn 1 0 0
vn 1 0 0
vn 1 0 0
vn 1 0 0
vn 1 0 0
vn 1 0 0
vn 1 0 0
vn 1 0 0
vn 1 0 0
vn 1 0 0
vn 1 0 0
vn 1 0 0
vn 1 0 0
vn 1 0 0
vn 1 0 0
vn 1 0 0
vn 1 0 0
vn 1 0 0
vn 1 0 0
vn 1 0 0
vn 1 0 0
vn 1 0 0
vn 1 0 0
vn 1 0 0
vn 1 0 0
vn 1 0 0
vn 1 0 0
vn 1 0 0
vn 1 0 0
vn 1 0 0
vn 1 0 0
vn 1 0 0
vn 1 0 0
vn 1 0 0
vn 1 0 0
vn 1 0 0
vn 1 0 0
vn 1 -0 -0
vn 1 -0 -0
vn 0 4.76837158e-07 -1
vn 0 -4.76837158e-07 -1
vn 0 -4.76837158e-07 -1
vn 0 4.7683713e-07 -1
vn 0 4.7683713e-07 -1
vn 0 -4.76837158e-07 -1
vn 0 -4.76837158e-07 -1
vn 0 4.76837215e-07 -1
vn 0 4.76837215e-07 -1
vn 0 -4.76837158e-07 -1
vn 0 -4.76837158e-07 -1
vn 0 4.76837158e-07 -1
vn 0 -4.76837158e-07 -1
vn 0 -4.76837158e-07 -1
vn 0 -4.76837158e-07 -1
vn 0 -4.76837158e-07 -1
vn 0 -4.76837158e-07 -1
vn 0 -4.76837158e-07 -1
vn 0 -4.76837158e-07 -1
vn 0 -4.76837158e-07 -1
vn 0 -4.76837158e-07 -1
vn 0 -4.76837158e-07 -1
vn 0 -4.76837158e-07 -1
vn 0 -4.76837158e-07 -1
vn 0 -4.76837158e-07 -1
vn 0 -4.76837158e-07 -1
vn 0 -4.76837158e-07 -1
vn 0 -4.76837158e-07 -1
vn 0 -4.76837158e-07 -1
vn 0 -4.76837158e-07 -1
vn 0 -4.76837158e-07 -1
vn 0 -4.76837158e-07 -1
vn 0 -4.76837158e-07 -1
vn 0 -4.76837158e-07 -1
vn -0 -4.76837158e-07 -1
vn 0 -4.76837158e-07 -1
vn -1 -0 0
vn -1 -0 0
vn -1 0 0
vn -1 0 0
vn -1 0 0
vn -1 0 0
vn -1 0 0
vn -1 0 0
vn -1 0 0
vn -1 0 0
vn -1 0 0
vn -1 0 0
vn -1 0 0
vn -1 0 0
vn -1 0 0
vn -1 0 0
vn -1 0 0
vn -1 0 0
vn -1 0 0
vn -1 0 0
vn -1 0 0
vn -1 0 0
vn -1 0 0
vn -1 0 0
vn -1 0 0
vn -1 0 0
vn -1 0 0
vn -1 0 0
vn -1 0 0
vn -1 0 0
vn -1 0 0
vn -1 0 0
vn -1 0 0
vn -1 0 0
vn -1 0 0
vn -1 0 0
vn -1 0 0
vn -1 0 0
vn -1 0 0
vn -1 0 0
vn -1 0 0
vn -1 0 0
vn -1 0 0
vn -1 0 0
vn -1 0 0
vn -1 0 0
vn -1 0 0
vn -1 0 0
vn -1 0 0
vn -1 0 0
vn -1 0 0
vn -1 0 0
vn -1 0 0
vn -1 0 0
vn -1 0 0
vn -1 0 0
vn -1 0 0
vn -1 0 0
vn -1 0 0
vn -1 0 0
vn -1 0 0
vn -1 0 0
vn -1 0 0
vn -1 0 0
vn -1 0 0
vn -1 0 0
vn -1 0 0
vn -1 0 0
vn -1 0 0
vn -1 0 0
vn -1 0 0
vn -1 0 0
vn -1 0 0
vn -1 0 0
vn -1 0 0
vn -1 0 0
vn -1 0 0
vn -1 0 0
vn -1 0 -0
vn -1 0 -0
vn 0 0 1
vn 0 0 1
vn 0 0 1
vn 0 0 1
vn 0 0 1
vn 0 0 1
vn 0 0 1
vn 0 0 1
vn 0 0 1
vn 0 0 1
vn 0 0 1
vn 0 0 1
vn 0 0 1
vn 0 0 1
vn 0 0 1
vn 0 0 1
vn 0 0 1
vn 0 0 1
vn 0 0 1
vn 0 0 1
vn 0 0 1
vn 0 0 1
vn 0 0 1
vn 0 0 1
vn 0 0 1
vn 0 0 1
vn 0 0 1
vn 0 0 1
vn 0 0 1
vn 0 0 1
vn 0 0 1
vn 0 0 1
vn 0 0 1
vn 0 0 1
vn 0 0 1
vn 0 0 1
vn 0 0 1
vn 0 0 1
vn 0 0 1
vn 0 0 1
vn 0 0 1
vn 0 0 1
vn 0 0 1
vn 0 0 1
vn 0 0 1
vn 0 0 1
vn 0 0 1
vn 0 0 1
vn 0 0 1
vn 0 0 1
vn 0 0 1
vn 0 0 1
vn 0 0 1
vn 0 0 1
vn 0 0 1
vn 0 0 1
vn 0 0 1
vn 0 0 1
vn 0 0 1
vn 0 0 1
vn 0 0 1
vn 0 0 1
vn 0 0 1
vn 0 0 1
vn 0 0 1
vn 0 0 1
vn 0 0 1
vn 0 0 1
vn 0 0 1
vn 0 0 1
vn 0 0 1
vn 0 0 1
vn 0 0 1
vn 0 0 1
vn 0 0 1
vn 0 0 1
vn 0 0 1
vn 0 0 1
vn 0 0 1
vn 0 0 1
vn 0 0 1
vn 0 0 1
vn 0 0 1
vn 0 0 1
vn 0 0 1
vn 0 0 1
vn 0 0 1
vn 0 0 1
vn 0 0 1
vn 0 0 1
vn 0 0 1
vn 0 0 1
vn 0 0 1
vn 0 0 1
vn 0 0 1
vn 0 0 1
vn 0 0 1
vn 0 0 1
vn 0 0 1
vn 0 0 1
vn 0 0 1
vn 0 0 1
vn 0 0 1
vn 0 0 1
vn 0 0 1
vn 0 0 1
vn 0 0 1
vn 0 0 1
vn 0 0 1
vn 0 0 1
vn 0 0 1
vn 0 0 1
vn 0 0 1
vn 0 0 1
vn 0 0 1
vn 0 0 1
vn 0 0 1
vn 0 0 1
vn -0 -0 1
vn -0 -0 1
vn 1 0 0
vn 1 0 0
vn 1 0 0
vn 1 0 0
vn 1 0 0
vn 1 0 0
vn 1 0 0
vn 1 0 0
vn 1 0 0
vn 1 0 0
vn 1 0 0
vn 1 0 0
vn 1 0 0
vn 1 0 0
vn 1 0 0
vn 1 0 0
vn 1 0 0
vn 1 0 0
vn 1 0 0
vn 1 0 0
vn 1 0 0
vn 1 0 0
vn 1 0 0
vn 1 0 0
vn 1 0 0
vn 1 0 0
vn 1 0 0
vn 1 0 0
vn 1 0 0
vn 1 0 0
vn 1 0 0
vn 1 0 0
vn 1 0 0
vn 1 0 0
vn 1 0 0
vn 1 0 0
vn 1 0 0
vn 1 0 0
vn 1 0 0
vn 1 0 0
vn 1 0 0
vn 1 0 0
vn 1 0 0
vn 1 0 0
vn 1 0 0
vn 1 0 0
vn 1 0 0
vn 1 0 0
vn 1 0 0
vn 1 0 0
vn 1 0 0
vn 1 0 0
vn 1 0 0
vn 1 0 0
vn 1 0 0
vn 1 0 0
vn 1 0 0
vn 1 0 0
vn 1 0 0
vn 1 0 0
vn 1 0 0
vn 1 0 0
vn 1 0 0
vn 1 0 0
vn 1 0 0
vn 1 0 0
vn 1 0 0
vn 1 0 0
vn 1 0 0
vn 1 0 0
vn 1 0 0
vn 1 0 0
vn 1 0 0
vn 1 0 0
vn 1 0 0
vn 1 0 0
vn 1 0 0
vn 1 0 0
vn 1 -0 -0
vn 1 -0 -0
vn 0 -4.76837158e-07 -1
vn 0 -4.76837158e-07 -1
vn 0 -4.76837215e-07 -1
vn 0 -4.76837158e-07 -1
vn 0 -4.76837158e-07 -1
vn 0 -4.76837215e-07 -1
vn 0 -4.76837158e-07 -1
vn 0 -4.76837158e-07 -1
vn 0 -4.76837158e-07 -1
vn 0 -4.76837158e-07 -1
vn 0 -4.76837158e-07 -1
vn 0 -4.76837158e-07 -1
vn 0 -4.76837158e-07 -1
vn 0 0 -1
vn 0 0 -1
vn 0 -4.76837158e-07 -1
vn 0 -4.76837158e-07 -1
vn 0 0 -1
vn 0 0 -1
vn 0 -4.76837158e-07 -1
vn 0 -4.76837158e-07 -1
vn 0 0 -1
vn 0 0 -1
vn 0 -4.76837158e-07 -1
vn 0 -4.76837158e-07 -1
vn 0 0 -1
vn 0 0 -1
vn 0 -4.76837158e-07 -1
vn 0 -4.76837158e-07 -1
vn 0 0 -1
vn 0 0 -1
vn 0 -4.76837158e-07 -1
vn 0 -4.76837158e-07 -1
vn 0 0 -1
vn -0 0 -1
vn -0 -4.76837158e-07 -1
vn -1 -0 0
vn -1 -0 0
vn -1 0 0
vn -1 0 0
vn -1 0 0
vn -1 0 0
vn -1 0 0
vn -1 0 0
vn -1 0 0
vn -1 0 0
vn -1 0 0
vn -1 0 0
vn -1 0 0
vn -1 0 0
vn -1 0 0
vn -1 0 0
vn -1 0 0
vn -1 0 0
vn -1 0 0
vn -1 0 0
vn -1 0 0
vn -1 0 0
vn -1 0 0
vn -1 0 0
vn -1 0 0
vn -1 0 0
vn -1 0 0
vn -1 0 0
vn -1 0 0
vn -1 0 0
vn -1 0 0
vn -1 0 0
vn -1 0 0
vn -1 0 0
vn -1 0 0
vn -1 0 0
vn -1 0 0
vn -1 0 0
vn -1 0 0
vn -1 0 0
vn -1 0 0
vn -1 0 0
vn -1 0 0
vn -1 0 0
vn -1 0 0
vn -1 0 0
vn -1 0 0
vn -1 0 0
vn -1 0 0
vn -1 0 0
vn -1 0 0
vn -1 0 0
vn -1 0 0
vn -1 0 0
vn -1 0 0
vn -1 0 0
vn -1 0 0
vn -1 0 0
vn -1 0 0
vn -1 0 0
vn -1 0 0
vn -1 0 0
vn -1 0 0
vn -1 0 0
vn -1 0 0
vn -1 0 0
vn -1 0 0
vn -1 0 0
vn -1 0 0
vn -1 0 0
vn -1 0 0
vn -1 0 0
vn -1 0 0
vn -1 0 0
vn -1 0 0
vn -1 0 0
vn -1 0 0
vn -1 0 0
vn -1 0 -0
vn -1 0 -0
vn 0 0 1
vn 0 0 1
vn 0 0 1
vn 0 0 1
vn 0 0 1
vn 0 0 1
vn 0 0 1
vn 0 0 1
vn 0 0 1
vn 0 0 1
vn 0 0 1
vn 0 0 1
vn 0 0 1
vn 0 0 1
vn 0 0 1
vn 0 0 1
vn 0 0 1
vn 0 0 1
vn 0 0 1
vn 0 0 1
vn 0 0 1
vn 0 0 1
vn 0 0 1
vn 0 0 1
vn 0 0 1
vn 0 0 1
vn 0 0 1
vn 0 0 1
vn 0 0 1
vn 0 0 1
vn 0 0 1
vn 0 0 1
vn 0 0 1
vn 0 0 1
vn 0 0 1
vn 0 0 1
vn 0 0 1
vn 0 0 1
vn 0 0 1
vn 0 0 1
vn 0 0 1
vn 0 0 1
vn 0 0 1
vn 0 0 1
vn 0 0 1
vn 0 0 1
vn 0 0 1
vn 0 0 1
vn 0 0 1
vn 0 0 1
vn 0 0 1
vn 0 0 1
vn 0 0 1
vn 0 0 1
vn 0 0 1
vn 0 0 1
vn 0 0 1
vn 0 0 1
vn 0 0 1
vn 0 0 1
vn 0 0 1
vn 0 0 1
vn 0 0 1
vn 0 0 1
vn 0 0 1
vn 0 0 1
vn 0 0 1
vn 0 0 1
vn 0 0 1
vn 0 0 1
vn 0 0 1
vn 0 0 1
vn 0 0 1
vn 0 0 1
vn 0 0 1
vn 0 0 1
vn 0 0 1
vn 0 0 1
vn 0 0 1
vn 0 0 1
vn 0 0 1
vn 0 0 1
vn 0 0 1
vn 0 0 1
vn 0 0 1
vn 0 0 1
vn 0 0 1
vn 0 0 1
vn 0 0 1
vn 0 0 1
vn 0 0 1
vn 0 0 1
vn 0 0 1
vn 0 0 1
vn 0 0 1
vn 0 0 1
vn 0 0 1
vn 0 0 1
vn 0 0 1
vn 0 0 1
vn 0 0 1
vn 0 0 1
vn 0 0 1
vn 0 0 1
vn 0 0 1
vn 0 0 1
vn 0 0 1
vn 0 0 1
vn 0 0 1
vn 0 0 1
vn 0 0 1
vn 0 0 1
vn 0 0 1
vn 0 0 1
vn 0 0 1
vn 0 0 1
vn 0 0 1
vn 0 0 1
vn -0 -0 1
vn -0 -0 1
vn 1 0 0
vn 1 0 0
vn 1 0 0
vn 1 0 0
vn 1 0 0
vn 1 0 0
vn 1 0 0
vn 1 0 0
vn 1 0 0
vn 1 0 0
vn 1 0 0
vn 1 0 0
vn 1 0 0
vn 1 0 0
vn 1 0 0
vn 1 0 0
vn 1 0 0
vn 1 0 0
vn 1 0 0
vn 1 0 0
vn 1 0 0
vn 1 0 0
vn 1 0 0
vn 1 0 0
vn 1 0 0
vn 1 0 0
vn 1 0 0
vn 1 0 0
vn 1 0 0
vn 1 0 0
vn 1 0 0
vn 1 0 0
vn 1 0 0
vn 1 0 0
vn 1 0 0
vn 1 0 0
vn 1 0 0
vn 1 0 0
vn 1 0 0
vn 1 0 0
vn 1 0 0
vn 1 0 0
vn 1 0 0
vn 1 0 0
vn 1 0 0
vn 1 0 0
vn 1 0 0
vn 1 0 0
vn 1 0 0
vn 1 0 0
vn 1 0 0
vn 1 0 0
vn 1 0 0
vn 1 0 0
vn 1 0 0
vn 1 0 0
vn 1 0 0
vn 1 0 0
vn 1 0 0
vn 1 0 0
vn 1 0 0
vn 1 0 0
vn 1 0 0
vn 1 0 0
vn 1 0 0
vn 1 0 0
vn 1 0 0
vn 1 0 0
vn 1 0 0
vn 1 0 0
vn 1 0 0
vn 1 0 0
vn 1 0 0
vn 1 0 0
vn 1 0 0
vn 1 0 0
vn 1 0 0
vn 1 0 0
vn 1 -0 -0
vn 1 -0 -0
vn 0 -4.76837158e-07 -1
vn 0 -0 -1
vn 0 0 -1
vn 0 -4.76837215e-07 -1
vn 0 -4.76837215e-07 -1
vn 0 0 -1
vn 0 0 -1
vn 0 -4.76837158e-07 -1
vn 0 -4.76837158e-07 -1
vn 0 0 -1
vn 0 0 -1
vn 0 -4.76837158e-07 -1
vn 0 0 -1
vn -0 0 -1
vn -0 0 -1
vn 0 0 -1
vn 0 0 -1
vn -0 0 -1
vn -0 0 -1
vn 0 0 -1
vn 0 0 -1
vn -0 0 -1
vn -0 0 -1
vn 0 0 -1
vn 0 0 -1
vn -0 0 -1
vn -0 0 -1
vn 0 0 -1
vn 0 0 -1
vn -0 0 -1
vn -0 0 -1
vn 0 0 -1
vn 0 0 -1
vn -0 0 -1
vn -0 0 -1
vn -0 0 -1
vn -1 -0 0
vn -1 -0 0
vn -1 -0 0
vn -1 0 0
vn -1 0 0
vn -1 -0 0
vn -1 -0 0
vn -1 0 0
vn -1 0 0
vn -1 -0 0
vn -1 -0 0
vn -1 0 0
vn -1 0 0
vn -1 -0 0
vn -1 -0 0
vn -1 0 0
vn -1 0 0
vn -1 -0 0
vn -1 -0 0
vn -1 0 0
vn -1 0 0
vn -1 -0 0
vn -1 -0 0
vn -1 0 0
vn -1 0 0
vn -1 -0 0
vn -1 -0 0
vn -1 0 0
vn -1 0 0
vn -1 -0 0
vn -1 -0 0
vn -1 0 0
vn -1 0 0
vn -1 -0 0
vn -1 -0 0
vn -1 0 0
vn -1 0 0
vn -1 -0 0
vn -1 -0 0
vn -1 0 0
vn -1 0 0
vn -1 -0 0
vn -1 -0 0
vn -1 0 0
vn -1 0 0
vn -1 -0 0
vn -1 -0 0
vn -1 0 0
vn -1 0 0
vn -1 -0 0
vn -1 -0 0
vn -1 0 0
vn -1 0 0
vn -1 -0 0
vn -1 -0 0
vn -1 0 0
vn -1 0 0
vn -1 -0 0
vn -1 -0 0
vn -1 0 0
vn -1 0 0
vn -1 -0 0
vn -1 -0 0
vn -1 0 0
vn -1 0 0
vn -1 -0 0
vn -1 -0 0
vn -1 0 0
vn -1 0 0
vn -1 -0 0
vn -1 -0 0
vn -1 0 0
vn -1 0 0
vn -1 -0 0
vn -1 -0 0
vn -1 0 0
vn -1 0 0
vn -1 -0 0
vn -1 -0 -0
vn -1 0 -0
vn 0 0 1
vn -0 -0 1
vn -0 -0 1
vn 0 0 1
vn 0 0 1
vn -0 -0 1
vn -0 -0 1
vn 0 0 1
vn 0 0 1
vn -0 -0 1
vn -0 -0 1
vn 0 0 1
vn 0 0 1
vn -0 -0 1
vn -0 -0 1
vn 0 0 1
vn 0 0 1
vn -0 -0 1
vn -0 -0 1
vn 0 0 1
vn 0 0 1
vn -0 -0 1
vn -0 -0 1
vn 0 0 1
vn 0 0 1
vn -0 -0 1
vn -0 -0 1
vn 0 0 1
vn 0 0 1
vn -0 -0 1
vn -0 -0 1
vn 0 0 1
vn 0 0 1
vn -0 -0 1
vn -0 -0 1
vn 0 0 1
vn 0 0 1
vn -0 -0 1
vn -0 -0 1
vn 0 0 1
vn 0 0 1
vn -0 -0 1
vn -0 -0 1
vn 0 0 1
vn 0 0 1
vn -0 -0 1
vn -0 -0 1
vn 0 0 1
vn 0 0 1
vn -0 -0 1
vn -0 -0 1
vn 0 0 1
vn 0 0 1
vn -0 -0 1
vn -0 -0 1
vn 0 0 1
vn 0 0 1
vn -0 -0 1
vn -0 -0 1
vn 0 0 1
vn 0 0 1
vn -0 -0 1
vn -0 -0 1
vn 0 0 1
vn 0 0 1
vn -0 -0 1
vn -0 -0 1
vn 0 0 1
vn 0 0 1
vn -0 -0 1
vn -0 -0 1
vn 0 0 1
vn 0 0 1
vn -0 -0 1
vn -0 -0 1
vn 0 0 1
vn 0 0 1
vn -0 -0 1
vn -0 -0 1
vn 0 0 1
vn 0 0 1
vn -0 -0 1
vn -0 -0 1
vn 0 0 1
vn 0 0 1
vn -0 -0 1
vn -0 -0 1
vn 0 0 1
vn 0 0 1
vn -0 -0 1
vn -0 -0 1
vn 0 0 1
vn 0 0 1
vn -0 -0 1
vn -0 -0 1
vn 0 0 1
vn 0 0 1
vn -0 -0 1
vn -0 -0 1
vn 0 0 1
vn 0 0 1
vn -0 -0 1
vn -0 -0 1
vn 0 0 1
vn 0 0 1
vn -0 -0 1
vn -0 -0 1
vn 0 0 1
vn 0 0 1
vn -0 -0 1
vn -0 0 1
vn 0 0 1
vn 0 0 1
vn -0 0 1
vn -0 -0 1
vn 0 0 1
vn 0 0 1
vn -0 -0 1
vn -0 -0 1
vn -0 -0 1
vn 1 0 0
vn 1 0 0
vn 1 0 0
vn 1 0 0
vn 1 0 0
vn 1 0 0
vn 1 0 0
vn 1 0 0
vn 1 0 0
vn 1 0 0
vn 1 0 0
vn 1 0 0
vn 1 0 0
vn 1 0 0
vn 1 0 0
vn 1 0 0
vn 1 0 0
vn 1 0 0
vn 1 0 0
vn 1 0 0
vn 1 0 0
vn 1 0 0
vn 1 0 0
vn 1 0 0
vn 1 0 0
vn 1 0 0
vn 1 0 0
vn 1 0 0
vn 1 0 0
vn 1 0 0
vn 1 0 0
vn 1 0 0
vn 1 0 0
vn 1 0 0
vn 1 0 0
vn 1 0 0
vn 1 0 0
vn 1 0 0
vn 1 0 0
vn 1 0 0
vn 1 0 0
vn 1 0 0
vn 1 0 0
vn 1 0 0
vn 1 0 0
vn 1 0 0
vn 1 0 0
vn 1 0 0
vn 1 0 0
vn 1 0 0
vn 1 0 0
vn 1 0 0
vn 1 0 0
vn 1 0 0
vn 1 0 0
vn 1 0 0
vn 1 0 0
vn 1 0 0
vn 1 0 0
vn 1 0 0
vn 1 0 0
vn 1 0 0
vn 1 0 0
vn 1 0 0
vn 1 0 0
vn 1 0 0
vn 1 0 0
vn 1 0 0
vn 1 0 0
vn 1 0 0
vn 1 0 0
vn 1 0 0
vn 1 0 0
vn 1 0 0
vn 1 0 0
vn 1 0 0
vn 1 0 0
vn 1 0 0
vn 1 -0 -0
vn 1 -0 -0
vn 0 -0 -1
vn -0 -0 -1
vn -0 0 -1
vn 0 0 -1
vn 0 0 -1
vn -0 0 -1
vn -0 0 -1
vn 0 0 -1
vn 0 0 -1
vn -0 0 -1
vn -0 0 -1
vn 0 0 -1
vn 0 3.1789142e-07 -1
vn 2.27373648e-13 9.53674316e-07 -1
vn 0 4.76837158e-07 -1
vn 0 4.76837158e-07 -1
vn 0 4.76837158e-07 -1
vn 0 4.76837158e-07 -1
vn 0 -4.76837158e-07 -1
vn 0 -4.76837158e-07 -1
vn 0 -4.76837158e-07 -1
vn 0 -4.76837158e-07 -1
vn 0 -4.76837158e-07 -1
vn 0 -4.76837158e-07 -1
vn 0 -4.76837158e-07 -1
vn 0 -4.76837158e-07 -1
vn 0 0 -1
vn 0 0 -1
vn 0 0 -1
vn 0 0 -1
vn -4.76837158e-07 0 -1
vn -0 0 -1
vn 2.27373648e-13 9.53674316e-07 -1
vn 0 9.53674771e-07 -1
vn 0 4.76837386e-07 -1
vn 0 4.76837158e-07 -1
vn 0 4.76837158e-07 -1
vn 0 4.76837386e-07 -1
vn 0 -4.76837158e-07 -1
vn 0 -4.76837158e-07 -1
vn 0 -4.76837158e-07 -1
vn 0 -4.76837158e-07 -1
vn 0 -4.76837158e-07 -1
vn 0 -4.76837158e-07 -1
vn 0 -4.76837158e-07 -1
vn 0 -4.76837158e-07 -1
vn 0 4.76837158e-07 -1
vn 0 0 -1
vn 0 0 -1
vn 0 4.76837158e-07 -1
vn 0 9.53674316e-07 -1
vn -4.76837158e-07 0 -1
vn 0 9.53674771e-07 -1
vn 0 9.53674316e-07 -1
vn 0 4.76837158e-07 -1
vn 0 4.76837386e-07 -1
vn 0 4.76837386e-07 -1
vn 0 4.76837158e-07 -1
vn 0 -4.76837158e-07 -1
vn 0 -4.76837158e-07 -1
vn 0 -4.76837158e-07 -1
vn 0 -4.76837158e-07 -1
vn 0 -4.76837158e-07 -1
vn 0 -4.76837158e-07 -1
vn 0 -4.76837158e-07 -1
vn 0 -4.76837158e-07 -1
vn 0 0 -1
vn 0 4.76837158e-07 -1
vn 0 4.76837158e-07 -1
vn 0 0 -1
vn 0 0 -1
vn 0 9.53674316e-07 -1
vn 0 9.53674316e-07 -1
vn 0 9.53674771e-07 -1
vn 0 4.76837386e-07 -1
vn 0 4.76837158e-07 -1
vn 0 4.76837158e-07 -1
vn 0 4.76837386e-07 -1
vn 0 -4.76837158e-07 -1
vn 0 -4.76837158e-07 -1
vn 0 -4.76837158e-07 -1
vn 0 -4.76837158e-07 -1
vn 0 -4.76837158e-07 -1
vn 0 -4.76837158e-07 -1
vn 0 -4.76837158e-07 -1
vn 0 -4.76837158e-07 -1
vn 0 4.76837158e-07 -1
vn 0 0 -1
vn 0 0 -1
vn 0 4.76837158e-07 -1
vn 0 9.53674316e-07 -1
vn 0 0 -1
vn 0 9.53674771e-07 -1
vn -2.27373648e-13 9.53674316e-07 -1
vn 0 4.76837158e-07 -1
vn 0 4.76837386e-07 -1
vn 0 4.76837386e-07 -1
vn 0 4.76837158e-07 -1
vn 0 -4.76837158e-07 -1
vn 0 -4.76837158e-07 -1
vn 0 -4.76837158e-07 -1
vn 0 -4.76837158e-07 -1
vn 0 -4.76837158e-07 -1
vn 0 -4.76837158e-07 -1
vn 0 -4.76837158e-07 -1
vn 0 -4.76837158e-07 -1
vn 0 0 -1
vn 0 4.76837158e-07 -1
vn 0 4.76837158e-07 -1
vn 0 0 -1
vn 4.76837158e-07 0 -1
vn 0 9.53674316e-07 -1
vn -2.27373648e-13 9.53674316e-07 -1
vn -0 9.53674316e-07 -1
vn 0 4.76837158e-07 -1
vn 0 4.76837158e-07 -1
vn 0 4.76837158e-07 -1
vn 0 4.76837158e-07 -1
vn 0 -4.76837158e-07 -1
vn 0 -4.76837158e-07 -1
vn 0 -4.76837158e-07 -1
vn 0 -4.76837158e-07 -1
vn 0 -4.76837158e-07 -1
vn 0 -4.76837158e-07 -1
vn 0 -4.76837158e-07 -1
vn 0 -4.76837158e-07 -1
vn 0 0 -1
vn 0 0 -1
vn 0 0 -1
vn 0 0 -1
vn -0 0 -1
vn 4.76837158e-07 0 -1
vn -0 9.53674316e-07 -1
vn 2.27373648e-13 9.53674316e-07 -1
vn 0 4.76837158e-07 -1
vn 0 4.76837158e-07 -1
vn 0 4.76837158e-07 -1
vn 0 4.76837158e-07 -1
vn 0 -4.76837158e-07 -1
vn 0 -4.76837158e-07 -1
vn 0 -4.76837158e-07 -1
vn 0 -4.76837158e-07 -1
vn 0 -4.76837158e-07 -1
vn 0 -4.76837158e-07 -1
vn 0 -4.76837158e-07 -1
vn 0 -4.76837158e-07 -1
vn 0 0 -1
vn 0 0 -1
vn 0 0 -1
vn 0 0 -1
vn -4.76837158e-07 0 -1
vn -0 0 -1
vn 2.27373648e-13 9.53674316e-07 -1
vn -4.76837499e-07 9.53674771e-07 -1
vn -4.76837272e-07 4.76837329e-07 -1
vn 0 4.76837158e-07 -1
vn 0 4.76837158e-07 -1
vn -4.76837272e-07 4.76837329e-07 -1
vn 0 -4.76837158e-07 -1
vn 0 -4.76837158e-07 -1
vn 0 -4.76837158e-07 -1
vn 0 -4.76837158e-07 -1
vn 0 -4.76837158e-07 -1
vn 0 -4.76837158e-07 -1
vn 0 -4.76837158e-07 -1
vn 0 -4.76837158e-07 -1
vn 4.76837158e-07 4.76837158e-07 -1
vn 0 0 -1
vn 0 0 -1
vn 4.76837158e-07 4.76837158e-07 -1
vn 4.76837158e-07 9.53674316e-07 -1
vn -4.76837158e-07 0 -1
vn -4.76837499e-07 9.53674771e-07 -1
vn 0 9.53674316e-07 -1
vn 0 5.06627075e-13 -1
vn -4.76837272e-07 4.76837329e-07 -1
vn -4.76837272e-07 4.76837329e-07 -1
vn 0 5.06627075e-13 -1
vn 0 -9.53674032e-07 -1
vn 0 -4.76837158e-07 -1
vn 0 -4.76837158e-07 -1
vn 0 -9.53674032e-07 -1
vn 0 -9.53674316e-07 -1
vn 0 -4.76837158e-07 -1
vn 0 -4.76837158e-07 -1
vn 0 -9.53674316e-07 -1
vn 0 -4.76837158e-07 -1
vn 4.76837158e-07 4.76837158e-07 -1
vn 4.76837158e-07 4.76837158e-07 -1
vn 0 -4.76837158e-07 -1
vn 0 0 -1
vn 4.76837158e-07 9.53674316e-07 -1
vn 0 9.53674316e-07 -1
vn 4.76837499e-07 9.53674771e-07 -1
vn 4.76837272e-07 4.76837329e-07 -1
vn 0 5.06627075e-13 -1
vn 0 5.06627075e-13 -1
vn 4.76837272e-07 4.76837329e-07 -1
vn 0 -4.76837158e-07 -1
vn 0 -9.53674032e-07 -1
vn 0 -9.53674032e-07 -1
vn 0 -4.76837158e-07 -1
vn 0 -4.76837158e-07 -1
vn 0 -9.53674316e-07 -1
vn 0 -9.53674316e-07 -1
vn 0 -4.76837158e-07 -1
vn -4.76837158e-07 4.76837158e-07 -1
vn 0 -4.76837158e-07 -1
vn 0 -4.76837158e-07 -1
vn -4.76837158e-07 4.76837158e-07 -1
vn -4.76837158e-07 9.53674316e-07 -1
vn 0 0 -1
vn 4.76837499e-07 9.53674771e-07 -1
vn -2.27373648e-13 9.53674316e-07 -1
vn 0 4.76837158e-07 -1
vn 4.76837272e-07 4.76837329e-07 -1
vn 4.76837272e-07 4.76837329e-07 -1
vn 0 4.76837158e-07 -1
vn 0 -4.76837158e-07 -1
vn 0 -4.76837158e-07 -1
vn 0 -4.76837158e-07 -1
vn 0 -4.76837158e-07 -1
vn 0 -4.76837158e-07 -1
vn 0 -4.76837158e-07 -1
vn 0 -4.76837158e-07 -1
vn 0 -4.76837158e-07 -1
vn 0 0 -1
vn -4.76837158e-07 4.76837158e-07 -1
vn -4.76837158e-07 4.76837158e-07 -1
vn 0 0 -1
vn 4.76837158e-07 0 -1
vn -4.76837158e-07 9.53674316e-07 -1
vn -2.27373648e-13 9.53674316e-07 -1
vn 2.27373648e-13 9.53674316e-07 -1
vn 0 4.76837158e-07 -1
vn 0 4.76837158e-07 -1
vn 0 4.76837158e-07 -1
vn 0 4.76837158e-07 -1
vn 0 -4.76837158e-07 -1
vn 0 -4.76837158e-07 -1
vn 0 -4.76837158e-07 -1
vn 0 -4.76837158e-07 -1
vn 0 -4.76837158e-07 -1
vn 0 -4.76837158e-07 -1
vn 0 -4.76837158e-07 -1
vn 0 -4.76837158e-07 -1
vn 0 0 -1
vn 0 0 -1
vn 0 0 -1
vn 0 0 -1
vn -4.76837158e-07 0 -1
vn 4.76837158e-07 0 -1
vn 2.27373648e-13 9.53674316e-07 -1
vn 2.27373811e-13 9.53674771e-07 -0.99999994
vn 0 4.76837386e-07 -1
vn 0 4.76837158e-07 -1
vn 0 4.76837158e-07 -1
vn 0 4.76837386e-07 -1
vn 0 -4.76837158e-07 -1
vn 0 -4.76837158e-07 -1
vn 0 -4.76837158e-07 -1
vn 0 -4.76837158e-07 -1
vn 0 -4.76837158e-07 -1
vn 0 -4.76837158e-07 -1
vn 0 -4.76837158e-07 -1
vn 0 -4.76837158e-07 -1
vn 0 4.76837158e-07 -1
vn 0 0 -1
vn 0 0 -1
vn 0 4.76837158e-07 -1
vn -4.76837158e-07 9.53674316e-07 -1
vn -4.76837158e-07 0 -1
vn 2.27373811e-13 9.53674771e-07 -0.99999994
vn -2.27373811e-13 9.53674771e-07 -0.99999994
vn 0 4.76837386e-07 -1
vn 0 4.76837386e-07 -1
vn 0 4.76837386e-07 -1
vn 0 4.76837386e-07 -1
vn 0 -4.76837158e-07 -1
vn 0 -4.76837158e-07 -1
vn 0 -4.76837158e-07 -1
vn 0 -4.76837158e-07 -1
vn 0 -4.76837158e-07 -1
vn 0 -4.76837158e-07 -1
vn 0 -4.76837158e-07 -1
vn 0 -4.76837158e-07 -1
vn 0 4.76837158e-07 -1
vn 0 4.76837158e-07 -1
vn 0 4.76837158e-07 -1
vn 0 4.76837158e-07 -1
vn 4.76837158e-07 9.53674316e-07 -1
vn -4.76837158e-07 9.53674316e-07 -1
vn -2.27373811e-13 9.53674771e-07 -0.99999994
vn -2.27373648e-13 9.53674316e-07 -1
vn 0 4.76837158e-07 -1
vn 0 4.76837386e-07 -1
vn 0 4.76837386e-07 -1
vn 0 4.76837158e-07 -1
vn 0 -4.76837158e-07 -1
vn 0 -4.76837158e-07 -1
vn 0 -4.76837158e-07 -1
vn 0 -4.76837158e-07 -1
vn 0 -4.76837158e-07 -1
vn 0 -4.76837158e-07 -1
vn 0 -4.76837158e-07 -1
vn 0 -4.76837158e-07 -1
vn 0 0 -1
vn 0 4.76837158e-07 -1
vn 0 4.76837158e-07 -1
vn 0 0 -1
vn 4.76837158e-07 0 -1
vn 4.76837158e-07 9.53674316e-07 -1
vn -2.27373648e-13 9.53674316e-07 -1
vn -0 9.53674316e-07 -1
vn 0 4.76837158e-07 -1
vn 0 4.76837158e-07 -1
vn 0 4.76837158e-07 -1
vn 0 4.76837158e-07 -1
vn 0 -4.76837158e-07 -1
vn 0 -4.76837158e-07 -1
vn 0 -4.76837158e-07 -1
vn 0 -4.76837158e-07 -1
vn 0 -4.76837158e-07 -1
vn 0 -4.76837158e-07 -1
vn 0 -4.76837158e-07 -1
vn 0 -4.76837158e-07 -1
vn 0 0 -1
vn 0 0 -1
vn 0 0 -1
vn 0 0 -1
vn -0 0 -1
vn 4.76837158e-07 0 -1
vn -0 9.53674316e-07 -1
vn 2.27373648e-13 9.53674316e-07 -1
vn 0 4.76837158e-07 -1
vn 0 4.76837158e-07 -1
vn 0 4.76837158e-07 -1
vn 0 4.76837158e-07 -1
vn 0 -4.76837158e-07 -1
vn 0 -4.76837158e-07 -1
vn 0 -4.76837158e-07 -1
vn 0 -4.76837158e-07 -1
vn 0 -4.76837158e-07 -1
vn 0 -4.76837158e-07 -1
vn 0 -4.76837158e-07 -1
vn 0 -4.76837158e-07 -1
vn 0 0 -1
vn 0 0 -1
vn 0 0 -1
vn 0 0 -1
vn -4.76837158e-07 0 -1
vn -0 0 -1
vn 2.27373648e-13 9.53674316e-07 -1
vn 0 9.53674771e-07 -1
vn 0 4.76837386e-07 -1
vn 0 4.76837158e-07 -1
vn 0 4.76837158e-07 -1
vn 0 4.76837386e-07 -1
vn 0 -4.76837158e-07 -1
vn 0 -4.76837158e-07 -1
vn 0 -4.76837158e-07 -1
vn 0 -4.76837158e-07 -1
vn 0 -4.76837158e-07 -1
vn 0 -4.76837158e-07 -1
vn 0 -4.76837158e-07 -1
vn 0 -4.76837158e-07 -1
vn 0 4.76837158e-07 -1
vn 0 0 -1
vn 0 0 -1
vn 0 4.76837158e-07 -1
vn 0 9.53674316e-07 -1
vn -4.76837158e-07 0 -1
vn 0 9.53674771e-07 -1
vn -2.27373648e-13 9.53674316e-07 -1
vn 0 4.76837158e-07 -1
vn 0 4.76837386e-07 -1
vn 0 4.76837386e-07 -1
vn 0 4.76837158e-07 -1
vn 0 -4.76837158e-07 -1
vn 0 -4.76837158e-07 -1
vn 0 -4.76837158e-07 -1
vn 0 -4.76837158e-07 -1
vn 0 -4.76837158e-07 -1
vn 0 -4.76837158e-07 -1
vn 0 -4.76837158e-07 -1
vn 0 -4.76837158e-07 -1
vn 0 0 -1
vn 0 4.76837158e-07 -1
vn 0 4.76837158e-07 -1
vn 0 0 -1
vn 4.76837158e-07 0 -1
vn 0 9.53674316e-07 -1
vn -2.27373648e-13 9.53674316e-07 -1
vn -0 9.53674316e-07 -1
vn 0 4.76837158e-07 -1
vn 0 4.76837158e-07 -1
vn 0 4.76837158e-07 -1
vn 0 4.76837158e-07 -1
vn 0 -4.76837158e-07 -1
vn 0 -4.76837158e-07 -1
vn 0 -4.76837158e-07 -1
vn 0 -4.76837158e-07 -1
vn 0 -4.76837158e-07 -1
vn 0 -4.76837158e-07 -1
vn 0 -4.76837158e-07 -1
vn 0 -4.76837158e-07 -1
vn 0 0 -1
vn 0 0 -1
vn 0 0 -1
vn 0 0 -1
vn -0 0 -1
vn 4.76837158e-07 0 -1
vn -0 9.53674316e-07 -1
vn 0 3.1789142e-07 -1
vn 0 4.76837158e-07 -1
vn 0 4.76837158e-07 -1
vn 0 4.76837158e-07 -1
vn 0 4.76837158e-07 -1
vn 0 -4.76837158e-07 -1
vn 0 -4.76837158e-07 -1
vn 0 -4.76837158e-07 -1
vn 0 -4.76837158e-07 -1
vn 0 -4.76837158e-07 -1
vn 0 -4.76837158e-07 -1
vn 0 -4.76837158e-07 -1
vn 0 -4.76837158e-07 -1
vn 0 0 -1
vn 0 0 -1
vn 0 0 -1
vn 0 0 -1
vn -0 0 -1
vn -0 0 -1
vn 0 1 0
vn 0 1 0
vn 0 1 0
vn 0 1 0
vn 0 1 0
vn 0 1 0
vn 0 1 0
vn 0 1 0
vn 0 1 0
vn 0 1 0
vn 0 1 0
vn 0 1 0
vn 0 1 0
vn 0 1 0
vn 0 1 0
vn 0 1 0
vn 0 1 0
vn 0 1 0
vn 0 1 0
vn 0 1 0
vn 0 1 0
vn 0 1 0
vn 0 1 0
vn 0 1 0
vn 0 1 0
vn 0 1 0
vn 0 1 0
vn 0 1 0
vn 0 1 0
vn 0 1 0
vn 0 1 0
vn 0 1 0
vn 0 1 0
vn 0 1 0
vn 0 1 0
vn 0 1 0
vn 0 1 0
vn 0 1 0
vn 0 1 0
vn 0 1 0
vn 0 1 0
vn 0 1 0
vn 0 1 0
vn 0 1 0
vn 0 1 0
vn 0 1 0
vn 0 1 0
vn 0 1 0
vn 0 1 0
vn 0 1 0
vn 0 1 0
vn 0 1 0
vn 0 1 0
vn 0 1 0
vn 0 1 0
vn 0 1 0
vn 0 1 0
vn 0 1 0
vn 0 1 0
vn 0 1 0
vn 0 1 0
vn 0 1 0
vn 0 1 0
vn 0 1 0
vn 0 1 0
vn 0 1 0
vn 0 1 0
vn 0 1 0
vn 0 1 0
vn 0 1 0
vn 0 1 0
vn 0 1 0
vn 0 1 0
vn 0 1 0
vn 0 1 0
vn 0 1 0
vn 0 1 0
vn 0 1 0
vn 0 1 0
vn 0 1 0
vn 0 1 0
vn 0 1 0
vn 0 1 0
vn 0 1 0
vn 0 1 0
vn 0 1 0
vn 0 1 0
vn 0 1 0
vn 0 1 0
vn 0 1 0
vn 0 1 0
vn 0 1 0
vn 0 1 0
vn 0 1 0
vn 0 1 0
vn 0 1 0
vn 0 1 0
vn 0 1 0
vn 0 1 0
vn 0 1 0
vn 0 1 0
vn 0 1 0
vn 0 1 0
vn 0 1 0
vn 0 1 0
vn 0 1 0
vn 0 1 0
vn 0 1 0
vn -0 1 -0
vn 0 1 0
vn 0 1 0
vn -0 1 -0
vn -0 1 -0
vn 0 1 0
vn 0 1 0
vn -0 1 -0
vn -0 1 -0
vn 0 1 0
vn 0 1 0
vn -0 1 -0
vn -0 1 -0
vn 0 1 0
vn 0 1 0
vn -0 1 -0
vn -0 1 -0
vn 0 1 0
vn 0 1 0
vn -0 1 -0
vn -0 1 -0
vn 0 1 0
vn 0 1 0
vn -0 1 -0
vn -0 1 -0
vn 0 1 0
vn 0 1 0
vn -0 1 -0
vn -0 1 -0
vn 0 1 0
vn 0 1 0
vn -0 1 -0
vn -0 1 -0
vn 0 1 0
vn 0 1 0
vn 0 1 0
vn 0 1 2.9206393e-07
vn 0 1 0
vn 0 1 0
vn 0 1 0
vn 0 1 0
vn 0 1 0
vn 0 1 0
vn 0 1 0
vn 0 1 0
vn 0 1 0
vn 0 1 0
vn 0 1 0
vn 0 1 0
vn 0 1 0
vn 0 1 0
vn 0 1 0
vn 0 1 0
vn 0 1 0
vn 0 1 0
vn 0 1 0
vn 0 1 0
vn 0 1 0
vn 0 1 0
vn 0 1 0
vn 0 1 0
vn 0 1 0
vn 0 1 0
vn 0 1 0
vn 0 1 0
vn 0 1 0
vn 0 1 0
vn 0 1 0
vn 0 1 0
vn 0 1 0
vn 0 1 0
vn 0 1 0
vn 0 1 0
vn 0 1 0
vn 0 1 0
vn 0 1 0
vn 0 1 0
vn 0 1 0
vn 0 1 0
vn 0 1 0
vn 0 1 0
vn 0 1 0
vn 0 1 0
vn 0 1 0
vn 0 1 0
vn 0 1 0
vn 0 1 0
vn 0 1 0
vn 0 1 0
vn 0 1 0
vn 0 1 0
vn 0 1 0
vn 0 1 0
vn 0 1 0
vn 0 1 0
vn 0 1 0
vn 0 1 0
vn 0 1 0
vn 0 1 0
vn 0 1 0
vn 0 1 0
vn 0 1 0
vn 0 1 0
vn 0 1 0
vn 0 1 0
vn 0 1 0
vn 0 1 0
vn 0 1 0
vn 0 1 0
vn 0 1 0
vn 0 1 0
vn 0 1 0
vn 0 1 0
vn 0 1 0
vn 0 1 0
vn 0 1 0
vn 0 1 0
vn 0 1 0
vn 0 1 0
vn 0 1 0
vn 0 1 0
vn 0 1 0
vn 0 1 0
vn 0 1 0
vn 0 1 0
vn 0 1 0
vn 0 1 0
vn 0 1 0
vn 0 1 0
vn 0 1 0
vn 0 1 0
vn 0 1 0
vn 0 1 0
vn 0 1 0
vn 0 1 0
vn 0 1 0
vn 0 1 0
vn 0 1 0
vn 0 1 0
vn 0 1 0
vn 0 1 0
vn 0 1 0
vn 0 1 0
vn 0 1 0
vn 0 1 0
vn 0 1 0
vn 0 1 0
vn 0 1 0
vn 0 1 0
vn 0 1 0
vn 0 1 0
vn 0 1 0
vn 0 1 0
vn 0 1 0
vn -0 1 -0
vn -0 1 -0
vn 1.76176081e-06 1 -1.37859706e-06
vn 0 1 2.9206393e-07
vn 0 1 0
vn 4.67302016e-07 1 0
vn 4.67302016e-07 1 0
vn 0 1 0
vn 0 1 0
vn 0 1 0
vn 0 1 0
vn 0 1 0
vn 0 1 0
vn 0 1 0
vn 0 1 0
vn 0 1 0
vn 0 1 0
vn 0 1 0
vn 0 1 0
vn 0 1 0
vn 0 1 0
vn 0 1 0
vn 0 1 0
vn 0 1 0
vn 0 1 0
vn 0 1 0
vn 0 1 0
vn 0 1 0
vn 0 1 0
vn 0 1 0
vn 0 1 0
vn 0 1 0
vn 0 1 0
vn 0 1 0
vn 0 1 0
vn 0 1 0
vn 0 1 0
vn 0 1 0
vn 0 1 0
vn 0 1 0
vn 0 1 0
vn 0 1 0
vn 0 1 0
vn 0 1 0
vn 0 1 0
vn 0 1 0
vn 0 1 0
vn 0 1 0
vn 0 1 0
vn 0 1 0
vn 0 1 0
vn 0 1 0
vn 0 1 0
vn 0 1 0
vn 0 1 0
vn 0 1 0
vn 0 1 0
vn 0 1 0
vn 0 1 0
vn 0 1 0
vn 0 1 0
vn 0 1 0
vn 0 1 0
vn 0 1 0
vn 0 1 0
vn 0 1 0
vn 0 1 0
vn 0 1 0
vn 0 1 0
vn 0 1 0
vn 0 1 0
vn 0 1 0
vn 0 1 0
vn 0 1 0
vn 0 1 0
vn 0 1 0
vn 0 1 0
vn 0 1 0
vn 0 1 0
vn 0 1 0
vn 0 1 0
vn 0 1 0
vn 0 1 0
vn 0 1 0
vn 0 1 0
vn 0 1 0
vn 0 1 0
vn 0 1 0
vn 0 1 0
vn 0 1 0
vn 0 1 0
vn 0 1 0
vn 0 1 0
vn 0 1 0
vn 0 1 0
vn 0 1 0
vn 0 1 0
vn 0 1 0
vn 0 1 0
vn 0 1 0
vn 0 1 0
vn 0 1 0
vn 0 1 0
vn 0 1 0
vn 0 1 0
vn 0 1 0
vn 0 1 0
vn 0 1 0
vn 0 1 0
vn 0 1 0
vn 0 1 0
vn 0 1 0
vn 0 1 0
vn 0 1 0
vn 0 1 0
vn 0 1 0
vn 0 1 0
vn 0 1 0
vn 0 1 0
vn 0 1 0
vn -0 1 -0
vn -0 1 -0
vn 0 1 -1.16825197e-06
vn 1.76176081e-06 1 -1.37859706e-06
vn 4.67302016e-07 1 0
vn 0 1 0
vn 0 1 0
vn 4.67302016e-07 1 0
vn 0 1 0
vn 0 1 0
vn 0 1 0
vn 0 1 0
vn 0 1 0
vn 0 1 0
vn 0 1 0
vn 0 1 0
vn 0 1 0
vn 0 1 0
vn 0 1 0
vn 0 1 0
vn 0 1 0
vn 0 1 0
vn 0 1 0
vn 0 1 0
vn 0 1 0
vn 0 1 0
vn 0 1 0
vn 0 1 0
vn 0 1 0
vn 0 1 0
vn 0 1 0
vn 0 1 0
vn 0 1 0
vn 0 1 0
vn 0 1 0
vn 0 1 0
vn 0 1 0
vn 0 1 0
vn 0 1 0
vn 0 1 0
vn 0 1 0
vn 0 1 0
vn 0 1 0
vn 0 1 0
vn 0 1 0
vn 0 1 0
vn 0 1 0
vn 0 1 0
vn 0 1 0
vn 0 1 0
vn 0 1 0
vn 0 1 0
vn 0 1 0
vn 0 1 0
vn 0 1 0
vn 0 1 0
vn 0 1 0
vn 0 1 0
vn 0 1 0
vn 0 1 0
vn 0 1 0
vn 0 1 0
vn 0 1 0
vn 0 1 0
vn 0 1 0
vn 0 1 0
vn 0 1 0
vn 0 1 0
vn 0 1 0
vn 0 1 0
vn 0 1 0
vn 0 1 0
vn 0 1 0
vn 0 1 0
vn 0 1 0
vn 0 1 0
vn 0 1 0
vn 0 1 0
vn 0 1 0
vn 0 1 0
vn 0 1 0
vn 0 1 0
vn 0 1 0
vn 0 1 0
vn 0 1 0
vn 0 1 0
vn 0 1 0
vn 0 1 0
vn 0 1 0
vn 0 1 0
vn 0 1 0
vn 0 1 0
vn 0 1 0
vn 0 1 0
vn 0 1 0
vn 0 1 0
vn 0 1 0
vn 0 1 0
vn 0 1 0
vn 0 1 0
vn 0 1 0
vn 0 1 0
vn 0 1 0
vn 0 1 0
vn 0 1 0
vn 0 1 0
vn 0 1 0
vn 0 1 0
vn 0 1 0
vn 0 1 0
vn 0 1 0
vn 0 1 0
vn 0 1 0
vn 0 1 0
vn 0 1 0
vn 0 1 0
vn 0 1 0
vn 0 1 0
vn 0 1 0
vn 0 1 0
vn -0 1 -0
vn -0 1 -0
vn 0 1 0
vn 0 1 -1.16825197e-06
vn 0 1 0
vn 0 1 0
vn 0 1 0
vn 0 1 0
vn 0 1 0
vn 0 1 0
vn 0 1 0
vn 0 1 0
vn 0 1 0
vn 0 1 0
vn 0 1 0
vn 0 1 0
vn 0 1 0
vn 0 1 0
vn 0 1 0
vn 0 1 0
vn 0 1 0
vn 0 1 0
vn 0 1 0
vn 0 1 0
vn 0 1 0
vn 0 1 0
vn 0 1 0
vn 0 1 0
vn 0 1 0
vn 0 1 0
vn 0 1 0
vn 0 1 0
vn 0 1 0
vn 0 1 0
vn 0 1 0
vn 0 1 0
vn 0 1 0
vn 0 1 0
vn 0 1 0
vn 0 1 0
vn 0 1 0
vn 0 1 0
vn 0 1 0
vn 0 1 0
vn 0 1 0
vn 0 1 0
vn 0 1 0
vn 0 1 0
vn 0 1 0
vn 0 1 0
vn 0 1 0
vn 0 1 0
vn 0 1 0
vn 0 1 0
vn 0 1 0
vn 0 1 0
vn 0 1 0
vn 0 1 0
vn 0 1 0
vn 0 1 0
vn 0 1 0
vn 0 1 0
vn 0 1 0
vn 0 1 0
vn 0 1 0
vn 0 1 0
vn 0 1 0
vn 0 1 0
vn 0 1 0
vn 0 1 0
vn 0 1 0
vn 0 1 0
vn 0 1 0
vn 0 1 0
vn 0 1 0
vn 0 1 0
vn 0 1 0
vn 0 1 0
vn 0 1 0
vn 0 1 0
vn 0 1 0
vn 0 1 0
vn 0 1 0
vn 0 1 0
vn 0 1 0
vn 0 1 0
vn 0 1 0
vn 0 1 0
vn 0 1 0
vn 0 1 0
vn 0 1 0
vn 0 1 0
vn 0 1 0
vn 0 1 0
vn 0 1 0
vn 0 1 0
vn 0 1 0
vn 0 1 0
vn 0 1 0
vn 0 1 0
vn 0 1 0
vn 0 1 0
vn 0 1 0
vn 0 1 0
vn 0 1 0
vn 0 1 0
vn 0 1 0
vn 0 1 0
vn 0 1 0
vn 0 1 0
vn 0 1 0
vn 0 1 0
vn 0 1 0
vn 0 1 0
vn 0 1 0
vn 0 1 0
vn 0 1 0
vn 0 1 0
vn 0 1 0
vn 0 1 0
vn -0 1 -0
vn -0 1 -0
vn -0 1 -1.16825868e-06
vn 0 1 0
vn 0 1 0
vn 0 1 0
vn 0 1 0
vn 0 1 0
vn 0 1 0
vn 0 1 0
vn 0 1 0
vn 0 1 0
vn 0 1 0
vn 0 1 0
vn 0 1 0
vn 0 1 0
vn 0 1 0
vn 0 1 0
vn 0 1 0
vn 0 1 0
vn 0 1 0
vn 0 1 0
vn 0 1 0
vn 0 1 0
vn 0 1 0
vn 0 1 0
vn 0 1 0
vn 0 1 0
vn 0 1 0
vn 0 1 0
vn 0 1 0
vn 0 1 0
vn 0 1 0
vn 0 1 0
vn 0 1 0
vn 0 1 0
vn 0 1 0
vn 0 1 0
vn 0 1 0
vn 0 1 0
vn 0 1 0
vn 0 1 0
vn 0 1 0
vn 0 1 0
vn 0 1 0
vn 0 1 0
vn 0 1 0
vn 0 1 0
vn 0 1 0
vn 0 1 0
vn 0 1 0
vn 0 1 0
vn 0 1 0
vn 0 1 0
vn 0 1 0
vn 0 1 0
vn 0 1 0
vn 0 1 0
vn 0 1 0
vn 0 1 0
vn 0 1 0
vn 0 1 0
vn 0 1 0
vn 0 1 0
vn 0 1 0
vn 0 1 0
vn 0 1 0
vn 0 1 0
vn 0 1 0
vn 0 1 0
vn 0 1 0
vn 0 1 0
vn 0 1 0
vn 0 1 0
vn 0 1 0
vn 0 1 0
vn 0 1 0
vn 0 1 0
vn 0 1 0
vn 0 1 0
vn 0 1 0
vn 0 1 0
vn 0 1 0
vn 0 1 0
vn 0 1 0
vn 0 1 0
vn 0 1 0
vn 0 1 0
vn 0 1 0
vn 0 1 0
vn 0 1 0
vn 0 1 0
vn 0 1 0
vn 0 1 0
vn 0 1 0
vn 0 1 0
vn 0 1 0
vn 0 1 0
vn 0 1 0
vn 0 1 0
vn 0 1 0
vn 0 1 0
vn 0 1 0
vn 0 1 0
vn 0 1 0
vn 0 1 0
vn 0 1 0
vn 0 1 0
vn 0 1 0
vn 0 1 0
vn 0 1 0
vn 0 1 0
vn 0 1 0
vn 0 1 0
vn 0 1 0
vn 0 1 0
vn 0 1 0
vn 0 1 0
vn 0 1 0
vn 0 1 0
vn -0 1 -0
vn -0 1 -0
vn -1.76177048e-06 1 -1.37860786e-06
vn -0 1 -1.16825868e-06
vn 0 1 0
vn -4.6730193e-07 1 0
vn -4.6730193e-07 1 0
vn 0 1 0
vn 0 1 0
vn 0 1 0
vn 0 1 0
vn 0 1 0
vn 0 1 0
vn 0 1 0
vn 0 1 0
vn 0 1 0
vn 0 1 0
vn 0 1 0
vn 0 1 0
vn 0 1 0
vn 0 1 0
vn 0 1 0
vn 0 1 0
vn 0 1 0
vn 0 1 0
vn 0 1 0
vn 0 1 0
vn 0 1 0
vn 0 1 0
vn 0 1 0
vn 0 1 0
vn 0 1 0
vn 0 1 0
vn 0 1 0
vn 0 1 0
vn 0 1 0
vn 0 1 0
vn 0 1 0
vn 0 1 0
vn 0 1 0
vn 0 1 0
vn 0 1 0
vn 0 1 0
vn 0 1 0
vn 0 1 0
vn 0 1 0
vn 0 1 0
vn 0 1 0
vn 0 1 0
vn 0 1 0
vn 0 1 0
vn 0 1 0
vn 0 1 0
vn 0 1 0
vn 0 1 0
vn 0 1 0
vn 0 1 0
vn 0 1 0
vn 0 1 0
vn 0 1 0
vn 0 1 0
vn 0 1 0
vn 0 1 0
vn 0 1 0
vn 0 1 0
vn 0 1 0
vn 0 1 0
vn 0 1 0
vn 0 1 0
vn 0 1 0
vn 0 1 0
vn 0 1 0
vn 0 1 0
vn 0 1 0
vn 0 1 0
vn 0 1 0
vn 0 1 0
vn 0 1 0
vn 0 1 0
vn 0 1 0
vn 0 1 0
vn 0 1 0
vn 0 1 0
vn 0 1 0
vn 0 1 0
vn 0 1 0
vn 0 1 0
vn 0 1 0
vn 0 1 0
vn 0 1 0
vn 0 1 0
vn 0 1 0
vn 0 1 0
vn 0 1 0
vn 0 1 0
vn 0 1 0
vn 0 1 0
vn 0 1 0
vn 0 1 0
vn 0 1 0
vn 0 1 0
vn 0 1 0
vn 0 1 0
vn 0 1 0
vn 0 1 0
vn 0 1 0
vn 0 1 0
vn 0 1 0
vn 0 1 0
vn 0 1 0
vn 0 1 0
vn 0 1 0
vn 0 1 0
vn 0 1 0
vn 0 1 0
vn 0 1 0
vn 0 1 0
vn 0 1 0
vn 0 1 0
vn 0 1 0
vn -0 1 -0
vn -0 1 -0
vn 0 1 2.92063447e-07
vn -1.76177048e-06 1 -1.37860786e-06
vn -4.6730193e-07 1 0
vn 0 1 0
vn 0 1 0
vn -4.6730193e-07 1 0
vn 0 1 0
vn 0 1 0
vn 0 1 0
vn 0 1 0
vn 0 1 0
vn 0 1 0
vn 0 1 0
vn 0 1 0
vn 0 1 0
vn 0 1 0
vn 0 1 0
vn 0 1 0
vn 0 1 0
vn 0 1 0
vn 0 1 0
vn 0 1 0
vn 0 1 0
vn 0 1 0
vn 0 1 0
vn 0 1 0
vn 0 1 0
vn 0 1 0
vn 0 1 0
vn 0 1 0
vn 0 1 0
vn 0 1 0
vn 0 1 0
vn 0 1 0
vn 0 1 0
vn 0 1 0
vn 0 1 0
vn 0 1 0
vn 0 1 0
vn 0 1 0
vn 0 1 0
vn 0 1 0
vn 0 1 0
vn 0 1 0
vn 0 1 0
vn 0 1 0
vn 0 1 0
vn 0 1 0
vn 0 1 0
vn 0 1 0
vn 0 1 0
vn 0 1 0
vn 0 1 0
vn 0 1 0
vn 0 1 0
vn 0 1 0
vn 0 1 0
vn 0 1 0
vn 0 1 0
vn 0 1 0
vn 0 1 0
vn 0 1 0
vn 0 1 0
vn 0 1 0
vn 0 1 0
vn 0 1 0
vn 0 1 0
vn 0 1 0
vn 0 1 0
vn 0 1 0
vn 0 1 0
vn 0 1 0
vn 0 1 0
vn 0 1 0
vn 0 1 0
vn 0 1 0
vn 0 1 0
vn 0 1 0
vn 0 1 0
vn 0 1 0
vn 0 1 0
vn 0 1 0
vn 0 1 0
vn 0 1 0
vn 0 1 0
vn 0 1 0
vn 0 1 0
vn 0 1 0
vn 0 1 0
vn 0 1 0
vn 0 1 0
vn 0 1 0
vn 0 1 0
vn 0 1 0
vn 0 1 0
vn 0 1 0
vn 0 1 0
vn 0 1 0
vn 0 1 0
vn 0 1 0
vn 0 1 0
vn 0 1 0
vn 0 1 0
vn 0 1 0
vn 0 1 0
vn 0 1 0
vn 0 1 0
vn 0 1 0
vn 0 1 0
vn 0 1 0
vn 0 1 0
vn 0 1 0
vn 0 1 0
vn 0 1 0
vn 0 1 0
vn 0 1 0
vn 0 1 0
vn 0 1 0
vn -0 1 -0
vn -0 1 -0
vn -0 1 -0
vn 0 1 2.92063447e-07
vn 0 1 0
vn -0 1 -0
vn -0 1 -0
vn 0 1 0
vn 0 1 0
vn -0 1 -0
vn -0 1 -0
vn 0 1 0
vn 0 1 0
vn -0 1 -0
vn -0 1 -0
vn 0 1 0
vn 0 1 0
vn -0 1 -0
vn -0 1 -0
vn 0 1 0
vn 0 1 0
vn -0 1 -0
vn -0 1 -0
vn 0 1 0
vn 0 1 0
vn -0 1 -0
vn -0 1 -0
vn 0 1 0
vn 0 1 0
vn -0 1 -0
vn -0 1 -0
vn 0 1 0
vn 0 1 0
vn -0 1 -0
vn -0 1 -0
vn 0 1 0
vn 0 1 0
vn -0 1 -0
vn -0 1 -0
vn 0 1 0
vn 0 1 0
vn -0 1 -0
vn -0 1 -0
vn 0 1 0
vn 0 1 0
vn -0 1 -0
vn -0 1 -0
vn 0 1 0
vn 0 1 0
vn -0 1 -0
vn -0 1 -0
vn 0 1 0
vn 0 1 0
vn -0 1 -0
vn -0 1 -0
vn 0 1 0
vn 0 1 0
vn -0 1 -0
vn -0 1 -0
vn 0 1 0
vn 0 1 0
vn -0 1 -0
vn -0 1 -0
vn 0 1 0
vn 0 1 0
vn -0 1 -0
vn -0 1 -0
vn 0 1 0
vn 0 1 0
vn -0 1 -0
vn -0 1 -0
vn 0 1 0
vn 0 1 0
vn -0 1 -0
vn -0 1 -0
vn 0 1 0
vn 0 1 0
vn -0 1 -0
vn -0 1 -0
vn 0 1 0
vn 0 1 0
vn -0 1 -0
vn -0 1 -0
vn 0 1 0
vn 0 1 0
vn -0 1 -0
vn -0 1 -0
vn 0 1 0
vn 0 1 0
vn -0 1 -0
vn -0 1 -0
vn 0 1 0
vn 0 1 0
vn -0 1 -0
vn -0 1 -0
vn 0 1 0
vn 0 1 0
vn -0 1 -0
vn -0 1 -0
vn 0 1 0
vn 0 1 0
vn -0 1 -0
vn -0 1 -0
vn 0 1 0
vn 0 1 0
vn -0 1 -0
vn -0 1 -0
vn 0 1 0
vn 0 1 0
vn -0 1 -0
vn -0 1 -0
vn 0 1 0
vn 0 1 0
vn -0 1 -0
vn -0 1 -0
vn 0 1 0
vn 0 1 0
vn -0 1 -0
vn -0 1 -0
vn 0 1 0
vn -0 1 -0
vn -0 1 -0
vn 0 1 0
vn 0 1 0
vn 0 1 0
vn 0 1 0
vn 0 1 0
vn 0 1 0
vn 0 1 0
vn 0 1 0
vn 0 1 0
vn 0 1 0
vn 0 1 0
vn 0 1 0
vn 0 1 0
vn 0 1 0
vn 0 1 0
vn 0 1 0
vn 0 1 0
vn 0 1 0
vn 0 1 0
vn 0 1 0
vn 0 1 0
vn 0 1 0
vn 0 1 0
vn 0 1 0
vn 0 1 0
vn 0 1 0
vn 0 1 0
vn 0 1 0
vn 0 1 0
vn 0 1 0
vn 0 1 0
vn 0 1 0
vn 0 1 0
vn 0 1 0
vn 0 1 0
vn 0 1 0
vn 0 1 0
vn 0 1 0
vn 0 1 0
vn 0 1 0
vn 0 1 0
vn 0 1 0
vn 0 1 0
vn 0 1 0
vn 0 1 0
vn 0 1 0
vn 0 1 0
vn 0 1 0
vn 0 1 0
vn 0 1 0
vn 0 1 0
vn 0 1 0
vn 0 1 0
vn 0 1 0
vn 0 1 0
vn 0 1 0
vn 0 1 0
vn 0 1 0
vn 0 1 0
vn 0 1 0
vn 0 1 0
vn 0 1 0
vn 0 1 0
vn 0 1 0
vn 0 1 0
vn 0 1 0
vn 0 1 0
vn 0 1 0
vn 0 1 0
vn 0 1 0
vn 0 1 0
vn 0 1 0
vn 0 1 0
vn 0 1 0
vn 0 1 0
vn 0 1 0
vn 0 1 0
vn 0 1 0
vn 0 1 0
vn 0 1 0
vn 0 1 0
vn 0 1 0
vn 0 1 0
vn 0 1 0
vn 0 1 0
vn 0 1 0
vn 0 1 0
vn 0 1 0
vn 0 1 0
vn 0 1 0
vn 0 1 0
vn 0 1 0
vn 0 1 0
vn 0 1 0
vn 0 1 0
vn 0 1 0
vn 0 1 0
vn 0 1 0
vn 0 1 0
vn 0 1 0
vn 0 1 0
vn 0 1 0
vn 0 1 0
vn 0 1 0
vn 0 1 0
vn 0 1 0
vn 0 1 0
vn 0 1 0
vn 0 1 0
vn 0 1 0
vn 0 1 0
vn 0 1 0
vn 0 1 0
vn 0 1 0
vn 0 1 0
vn 0 1 0
vn 0 1 0
vn 0 1 0
vn -0 1 -0
vn -0 1 -0
vn 0 1 0
vn 0 1 0
vn 0 1 0
vn 0 1 0
vn 0 1 0
vn 0 1 0
vn 0 1 0
vn 0 1 0
vn 0 1 0
vn 0 1 0
vn 0 1 0
vn 0 1 0
vn 0 1 0
vn 0 1 0
vn 0 1 0
vn 0 1 0
vn 0 1 0
vn 0 1 0
vn 0 1 0
vn 0 1 0
vn 0 1 0
vn 0 1 0
vn 0 1 0
vn 0 1 0
vn 0 1 0
vn 0 1 0
vn 0 1 0
vn 0 1 0
vn 0 1 0
vn 0 1 0
vn 0 1 0
vn 0 1 0
vn 0 1 0
vn 0 1 0
vn 0 1 0
vn 0 1 0
vn 0 1 0
vn 0 1 0
vn 0 1 0
vn 0 1 0
vn 0 1 0
vn 0 1 0
vn 0 1 0
vn 0 1 0
vn 0 1 0
vn 0 1 0
vn 0 1 0
vn 0 1 0
vn 0 1 0
vn 0 1 0
vn 0 1 0
vn 0 1 0
vn 0 1 0
vn 0 1 0
vn 0 1 0
vn 0 1 0
vn 0 1 0
vn 0 1 0
vn 0 1 0
vn 0 1 0
vn 0 1 0
vn 0 1 0
vn 0 1 0
vn 0 1 0
vn 0 1 0
vn 0 1 0
vn 0 1 0
vn 0 1 0
vn 0 1 0
vn 0 1 0
vn 0 1 0
vn 0 1 0
vn 0 1 0
vn 0 1 0
vn 0 1 0
vn 0 1 0
vn 0 1 0
vn 0 1 0
vn 0 1 0
vn 0 1 0
vn 0 1 0
vn 0 1 0
vn 0 1 0
vn 0 1 0
vn 0 1 0
vn 0 1 0
vn 0 1 0
vn 0 1 0
vn 0 1 0
vn 0 1 0
vn 0 1 0
vn 0 1 0
vn 0 1 0
vn 0 1 0
vn 0 1 0
vn 0 1 0
vn 0 1 0
vn 0 1 0
vn 0 1 0
vn 0 1 0
vn 0 1 0
vn 0 1 0
vn 0 1 0
vn 0 1 0
vn 0 1 0
vn 0 1 0
vn 0 1 0
vn 0 1 0
vn 0 1 0
vn 0 1 0
vn 0 1 0
vn 0 1 0
vn 0 1 0
vn 0 1 0
vn 0 1 0
vn 0 1 0
vn 0 1 0
vn 0 1 0
vn -0 1 -0
vn -0 1 -0
vn 0 1 0
vn 0 1 0
vn 0 1 0
vn 0 1 0
vn 0 1 0
vn 0 1 0
vn 0 1 0
vn 0 1 0
vn 0 1 0
vn 0 1 0
vn 0 1 0
vn 0 1 0
vn 0 1 0
vn 0 1 0
vn 0 1 0
vn 0 1 0
vn 0 1 0
vn 0 1 0
vn 0 1 0
vn 0 1 0
vn 0 1 0
vn 0 1 0
vn 0 1 0
vn 0 1 0
vn 0 1 0
vn 0 1 0
vn 0 1 0
vn 0 1 0
vn 0 1 0
vn 0 1 0
vn 0 1 0
vn 0 1 0
vn 0 1 0
vn 0 1 0
vn 0 1 0
vn 0 1 0
vn 0 1 0
vn 0 1 0
vn 0 1 0
vn 0 1 0
vn 0 1 0
vn 0 1 0
vn 0 1 0
vn 0 1 0
vn 0 1 0
vn 0 1 0
vn 0 1 0
vn 0 1 0
vn 0 1 0
vn 0 1 0
vn 0 1 0
vn 0 1 0
vn 0 1 0
vn 0 1 0
vn 0 1 0
vn 0 1 0
vn 0 1 0
vn 0 1 0
vn 0 1 0
vn 0 1 0
vn 0 1 0
vn 0 1 0
vn 0 1 0
vn 0 1 0
vn 0 1 0
vn 0 1 0
vn 0 1 0
vn 0 1 0
vn 0 1 0
vn 0 1 0
vn 0 1 0
vn 0 1 0
vn 0 1 0
vn 0 1 0
vn 0 1 0
vn 0 1 0
vn 0 1 0
vn 0 1 0
vn 0 1 0
vn 0 1 0
vn 0 1 0
vn 0 1 0
vn 0 1 0
vn 0 1 0
vn 0 1 0
vn 0 1 0
vn 0 1 0
vn 0 1 0
vn 0 1 0
vn 0 1 0
vn 0 1 0
vn 0 1 0
vn 0 1 0
vn 0 1 0
vn 0 1 0
vn 0 1 0
vn 0 1 0
vn 0 1 0
vn 0 1 0
vn 0 1 0
vn 0 1 0
vn 0 1 0
vn 0 1 0
vn 0 1 0
vn 0 1 0
vn 0 1 0
vn 0 1 0
vn 0 1 0
vn 0 1 0
vn 0 1 0
vn 0 1 0
vn 0 1 0
vn 0 1 0
vn 0 1 0
vn 0 1 0
vn 0 1 0
vn 0 1 0
vn 0 1 0
vn -0 1 -0
vn -0 1 -0
vn 0 1 0
vn 0 1 0
vn 0 1 0
vn 0 1 0
vn 0 1 0
vn 0 1 0
vn 0 1 0
vn 0 1 0
vn 0 1 0
vn 0 1 0
vn 0 1 0
vn 0 1 0
vn 0 1 0
vn 0 1 0
vn 0 1 0
vn 0 1 0
vn 0 1 0
vn 0 1 0
vn 0 1 0
vn 0 1 0
vn 0 1 0
vn 0 1 0
vn 0 1 0
vn 0 1 0
vn 0 1 0
vn 0 1 0
vn 0 1 0
vn 0 1 0
vn 0 1 0
vn 0 1 0
vn 0 1 0
vn 0 1 0
vn 0 1 0
vn 0 1 0
vn 0 1 0
vn 0 1 0
vn 0 1 0
vn 0 1 0
vn 0 1 0
vn 0 1 0
vn 0 1 0
vn 0 1 0
vn 0 1 0
vn 0 1 0
vn 0 1 0
vn 0 1 0
vn 0 1 0
vn 0 1 0
vn 0 1 0
vn 0 1 0
vn 0 1 0
vn 0 1 0
vn 0 1 0
vn 0 1 0
vn 0 1 0
vn 0 1 0
vn 0 1 0
vn 0 1 0
vn 0 1 0
vn 0 1 0
vn 0 1 0
vn 0 1 0
vn 0 1 0
vn 0 1 0
vn 0 1 0
vn 0 1 0
vn 0 1 0
vn 0 1 0
vn 0 1 0
vn 0 1 0
vn 0 1 0
vn 0 1 0
vn 0 1 0
vn 0 1 0
vn 0 1 0
vn 0 1 0
vn 0 1 0
vn 0 1 0
vn 0 1 0
vn 0 1 0
vn 0 1 0
vn 0 1 0
vn 0 1 0
vn 0 1 0
vn 0 1 0
vn 0 1 0
vn 0 1 0
vn 0 1 0
vn 0 1 0
vn 0 1 0
vn 0 1 0
vn 0 1 0
vn 0 1 0
vn 0 1 0
vn 0 1 0
vn 0 1 0
vn 0 1 0
vn 0 1 0
vn 0 1 0
vn 0 1 0
vn 0 1 0
vn 0 1 0
vn 0 1 0
vn 0 1 0
vn 0 1 0
vn 0 1 0
vn 0 1 0
vn 0 1 0
vn 0 1 0
vn 0 1 0
vn 0 1 0
vn 0 1 0
vn 0 1 0
vn 0 1 0
vn 0 1 0
vn 0 1 0
vn 0 1 0
vn 0 1 0
vn -0 1 -0
vn -0 1 -0
vn 0 1 0
vn 0 1 0
vn 0 1 0
vn 0 1 0
vn 0 1 0
vn 0 1 0
vn 0 1 0
vn 0 1 0
vn 0 1 0
vn 0 1 0
vn 0 1 0
vn 0 1 0
vn 0 1 0
vn 0 1 0
vn 0 1 0
vn 0 1 0
vn 0 1 0
vn 0 1 0
vn 0 1 0
vn 0 1 0
vn 0 1 0
vn 0 1 0
vn 0 1 0
vn 0 1 0
vn 0 1 0
vn 0 1 0
vn 0 1 0
vn 0 1 0
vn 0 1 0
vn 0 1 0
vn 0 1 0
vn 0 1 0
vn 0 1 0
vn 0 1 0
vn 0 1 0
vn 0 1 0
vn 0 1 0
vn 0 1 0
vn 0 1 0
vn 0 1 0
vn 0 1 0
vn 0 1 0
vn 0 1 0
vn 0 1 0
vn 0 1 0
vn 0 1 0
vn 0 1 0
vn 0 1 0
vn 0 1 0
vn 0 1 0
vn 0 1 0
vn 0 1 0
vn 0 1 0
vn 0 1 0
vn 0 1 0
vn 0 1 0
vn 0 1 0
vn 0 1 0
vn 0 1 0
vn 0 1 0
vn 0 1 0
vn 0 1 0
vn 0 1 0
vn 0 1 0
vn 0 1 0
vn 0 1 0
vn 0 1 0
vn 0 1 0
vn 0 1 0
vn 0 1 0
vn 0 1 0
vn 0 1 0
vn 0 1 0
vn 0 1 0
vn 0 1 0
vn 0 1 0
vn 0 1 0
vn 0 1 0
vn 0 1 0
vn 0 1 0
vn 0 1 0
vn 0 1 0
vn 0 1 0
vn 0 1 0
vn 0 1 0
vn 0 1 0
vn 0 1 0
vn 0 1 0
vn 0 1 0
vn 0 1 0
vn 0 1 0
vn 0 1 0
vn 0 1 0
vn 0 1 0
vn 0 1 0
vn 0 1 0
vn 0 1 0
vn 0 1 0
vn 0 1 0
vn 0 1 0
vn 0 1 0
vn 0 1 0
vn 0 1 0
vn 0 1 0
vn 0 1 0
vn 0 1 0
vn 0 1 0
vn 0 1 0
vn 0 1 0
vn 0 1 0
vn 0 1 0
vn 0 1 0
vn 0 1 0
vn 0 1 0
vn 0 1 0
vn 0 1 0
vn 0 1 0
vn 0 1 0
vn -0 1 -0
vn -0 1 -0
vn 0 1 0
vn 0 1 0
vn 0 1 0
vn 0 1 0
vn 0 1 0
vn 0 1 0
vn 0 1 0
vn 0 1 0
vn 0 1 0
vn 0 1 0
vn 0 1 0
vn 0 1 0
vn 0 1 0
vn 0 1 0
vn 0 1 0
vn 0 1 0
vn 0 1 0
vn 0 1 0
vn 0 1 0
vn 0 1 0
vn 0 1 0
vn 0 1 0
vn 0 1 0
vn 0 1 0
vn 0 1 0
vn 0 1 0
vn 0 1 0
vn 0 1 0
vn 0 1 0
vn 0 1 0
vn 0 1 0
vn 0 1 0
vn 0 1 0
vn 0 1 0
vn 0 1 0
vn 0 1 0
vn 0 1 0
vn 0 1 0
vn 0 1 0
vn 0 1 0
vn 0 1 0
vn 0 1 0
vn 0 1 0
vn 0 1 0
vn 0 1 0
vn 0 1 0
vn 0 1 0
vn 0 1 0
vn 0 1 0
vn 0 1 0
vn 0 1 0
vn 0 1 0
vn 0 1 0
vn 0 1 0
vn 0 1 0
vn 0 1 0
vn 0 1 0
vn 0 1 0
vn 0 1 0
vn 0 1 0
vn 0 1 0
vn 0 1 0
vn 0 1 0
vn 0 1 0
vn 0 1 0
vn 0 1 0
vn 0 1 0
vn 0 1 0
vn 0 1 0
vn 0 1 0
vn 0 1 0
vn 0 1 0
vn 0 1 0
vn 0 1 0
vn 0 1 0
vn 0 1 0
vn 0 1 0
vn 0 1 0
vn 0 1 0
vn 0 1 0
vn 0 1 0
vn 0 1 0
vn 0 1 0
vn 0 1 0
vn 0 1 0
vn 0 1 0
vn 0 1 0
vn 0 1 0
vn 0 1 0
vn 0 1 0
vn 0 1 0
vn 0 1 0
vn 0 1 0
vn 0 1 0
vn 0 1 0
vn 0 1 0
vn 0 1 0
vn 0 1 0
vn 0 1 0
vn 0 1 0
vn 0 1 0
vn 0 1 0
vn 0 1 0
vn 0 1 0
vn 0 1 0
vn 0 1 0
vn 0 1 0
vn 0 1 0
vn 0 1 0
vn 0 1 0
vn 0 1 0
vn 0 1 0
vn 0 1 0
vn 0 1 0
vn 0 1 0
vn 0 1 0
vn 0 1 0
vn 0 1 0
vn -0 1 -0
vn -0 1 -0
vn 0 1 0
vn 0 1 0
vn 0 1 0
vn 0 1 0
vn 0 1 0
vn 0 1 0
vn 0 1 0
vn 0 1 0
vn 0 1 0
vn 0 1 0
vn 0 1 0
vn 0 1 0
vn 0 1 0
vn 0 1 0
vn 0 1 0
vn 0 1 0
vn 0 1 0
vn 0 1 0
vn 0 1 0
vn 0 1 0
vn 0 1 0
vn 0 1 0
vn 0 1 0
vn 0 1 0
vn 0 1 0
vn 0 1 0
vn 0 1 0
vn 0 1 0
vn 0 1 0
vn 0 1 0
vn 0 1 0
vn 0 1 0
vn 0 1 0
vn 0 1 0
vn 0 1 0
vn 0 1 0
vn 0 1 0
vn 0 1 0
vn 0 1 0
vn 0 1 0
vn 0 1 0
vn 0 1 0
vn 0 1 0
vn 0 1 0
vn 0 1 0
vn 0 1 0
vn 0 1 0
vn 0 1 0
vn 0 1 0
vn 0 1 0
vn 0 1 0
vn 0 1 0
vn 0 1 0
vn 0 1 0
vn 0 1 0
vn 0 1 0
vn 0 1 0
vn 0 1 0
vn 0 1 0
vn 0 1 0
vn 0 1 0
vn 0 1 0
vn 0 1 0
vn 0 1 0
vn 0 1 0
vn 0 1 0
vn 0 1 0
vn 0 1 0
vn 0 1 0
vn 0 1 0
vn 0 1 0
vn 0 1 0
vn 0 1 0
vn 0 1 0
vn 0 1 0
vn 0 1 0
vn 0 1 0
vn 0 1 0
vn 0 1 0
vn 0 1 0
vn 0 1 0
vn 0 1 0
vn 0 1 0
vn 0 1 0
vn 0 1 0
vn 0 1 0
vn 0 1 0
vn 0 1 0
vn 0 1 0
vn 0 1 0
vn 0 1 0
vn 0 1 0
vn 0 1 0
vn 0 1 0
vn 0 1 0
vn 0 1 0
vn 0 1 0
vn 0 1 0
vn 0 1 0
vn 0 1 0
vn 0 1 0
vn 0 1 0
vn 0 1 0
vn 0 1 0
vn 0 1 0
vn 0 1 0
vn 0 1 0
vn 0 1 0
vn 0 1 0
vn 0 1 0
vn 0 1 0
vn 0 1 0
vn 0 1 0
vn 0 1 0
vn 0 1 0
vn 0 1 0
vn 0 1 0
vn 0 1 0
vn -0 1 -0
vn -0 1 -0
vn 0 1 0
vn 0 1 0
vn 0 1 0
vn 0 1 0
vn 0 1 0
vn 0 1 0
vn 0 1 0
vn 0 1 0
vn 0 1 0
vn 0 1 0
vn 0 1 0
vn 0 1 0
vn 0 1 0
vn 0 1 0
vn 0 1 0
vn 0 1 0
vn 0 1 0
vn 0 1 0
vn 0 1 0
vn 0 1 0
vn 0 1 0
vn 0 1 0
vn 0 1 0
vn 0 1 0
vn 0 1 0
vn 0 1 0
vn 0 1 0
vn 0 1 0
vn 0 1 0
vn 0 1 0
vn 0 1 0
vn 0 1 0
vn 0 1 0
vn 0 1 0
vn 0 1 0
vn 0 1 0
vn 0 1 0
vn 0 1 0
vn 0 1 0
vn 0 1 0
vn 0 1 0
vn 0 1 0
vn 0 1 0
vn 0 1 0
vn 0 1 0
vn 0 1 0
vn 0 1 0
vn 0 1 0
vn 0 1 0
vn 0 1 0
vn 0 1 0
vn 0 1 0
vn 0 1 0
vn 0 1 0
vn 0 1 0
vn 0 1 0
vn 0 1 0
vn 0 1 0
vn 0 1 0
vn 0 1 0
vn 0 1 0
vn 0 1 0
vn 0 1 0
vn 0 1 0
vn 0 1 0
vn 0 1 0
vn 0 1 0
vn 0 1 0
vn 0 1 0
vn 0 1 0
vn 0 1 0
vn 0 1 0
vn 0 1 0
vn 0 1 0
vn 0 1 0
vn 0 1 0
vn 0 1 0
vn 0 1 0
vn 0 1 0
vn 0 1 0
vn 0 1 0
vn 0 1 0
vn 0 1 0
vn 0 1 0
vn 0 1 0
vn 0 1 0
vn 0 1 0
vn 0 1 0
vn 0 1 0
vn 0 1 0
vn 0 1 0
vn 0 1 0
vn 0 1 0
vn 0 1 0
vn 0 1 0
vn 0 1 0
vn 0 1 0
vn 0 1 0
vn 0 1 0
vn 0 1 0
vn 0 1 0
vn 0 1 0
vn 0 1 0
vn 0 1 0
vn 0 1 0
vn 0 1 0
vn 0 1 0
vn 0 1 0
vn 0 1 0
vn 0 1 0
vn 0 1 0
vn 0 1 0
vn 0 1 0
vn 0 1 0
vn 0 1 0
vn 0 1 0
vn 0 1 0
vn 0 1 0
vn -0 1 -0
vn -0 1 -0
vn 0 1 0
vn 0 1 0
vn 0 1 0
vn 0 1 0
vn 0 1 0
vn 0 1 0
vn 0 1 0
vn 0 1 0
vn 0 1 0
vn 0 1 0
vn 0 1 0
vn 0 1 0
vn 0 1 0
vn 0 1 0
vn 0 1 0
vn 0 1 0
vn 0 1 0
vn 0 1 0
vn 0 1 0
vn 0 1 0
vn 0 1 0
vn 0 1 0
vn 0 1 0
vn 0 1 0
vn 0 1 0
vn 0 1 0
vn 0 1 0
vn 0 1 0
vn 0 1 0
vn 0 1 0
vn 0 1 0
vn 0 1 0
vn 0 1 0
vn 0 1 0
vn 0 1 0
vn 0 1 0
vn 0 1 0
vn 0 1 0
vn 0 1 0
vn 0 1 0
vn 0 1 0
vn 0 1 0
vn 0 1 0
vn 0 1 0
vn 0 1 0
vn 0 1 0
vn 0 1 0
vn 0 1 0
vn 0 1 0
vn 0 1 0
vn 0 1 0
vn 0 1 0
vn 0 1 0
vn 0 1 0
vn 0 1 0
vn 0 1 0
vn 0 1 0
vn 0 1 0
vn 0 1 0
vn 0 1 0
vn 0 1 0
vn 0 1 0
vn 0 1 0
vn 0 1 0
vn 0 1 0
vn 0 1 0
vn 0 1 0
vn 0 1 0
vn 0 1 0
vn 0 1 0
vn 0 1 0
vn 0 1 0
vn 0 1 0
vn 0 1 0
vn 0 1 0
vn 0 1 0
vn 0 1 0
vn 0 1 0
vn 0 1 0
vn 0 1 0
vn 0 1 0
vn 0 1 0
vn 0 1 0
vn 0 1 0
vn 0 1 0
vn 0 1 0
vn 0 1 0
vn 0 1 0
vn 0 1 0
vn 0 1 0
vn 0 1 0
vn 0 1 0
vn 0 1 0
vn 0 1 0
vn 0 1 0
vn 0 1 0
vn 0 1 0
vn 0 1 0
vn 0 1 0
vn 0 1 0
vn 0 1 0
vn 0 1 0
vn 0 1 0
vn 0 1 0
vn 0 1 0
vn 0 1 0
vn 0 1 0
vn 0 1 0
vn 0 1 0
vn 0 1 0
vn 0 1 0
vn 0 1 0
vn 0 1 0
vn 0 1 0
vn 0 1 0
vn 0 1 0
vn 0 1 0
vn 0 1 0
vn -0 1 -0
vn -0 1 -0
vn 0 1 0
vn 0 1 0
vn 0 1 0
vn 0 1 0
vn 0 1 0
vn 0 1 0
vn 0 1 0
vn 0 1 0
vn 0 1 0
vn 0 1 0
vn 0 1 0
vn 0 1 0
vn 0 1 0
vn 0 1 0
vn 0 1 0
vn 0 1 0
vn 0 1 0
vn 0 1 0
vn 0 1 0
vn 0 1 0
vn 0 1 0
vn 0 1 0
vn 0 1 0
vn 0 1 0
vn 0 1 0
vn 0 1 0
vn 0 1 0
vn 0 1 0
vn 0 1 0
vn 0 1 0
vn 0 1 0
vn 0 1 0
vn 0 1 0
vn 0 1 0
vn 0 1 0
vn 0 1 0
vn 0 1 0
vn 0 1 0
vn 0 1 0
vn 0 1 0
vn 0 1 0
vn 0 1 0
vn 0 1 0
vn 0 1 0
vn 0 1 0
vn 0 1 0
vn 0 1 0
vn 0 1 0
vn 0 1 0
vn 0 1 0
vn 0 1 0
vn 0 1 0
vn 0 1 0
vn 0 1 0
vn 0 1 0
vn 0 1 0
vn 0 1 0
vn 0 1 0
vn 0 1 0
vn 0 1 0
vn 0 1 0
vn 0 1 0
vn 0 1 0
vn 0 1 0
vn 0 1 0
vn 0 1 0
vn 0 1 0
vn 0 1 0
vn 0 1 0
vn 0 1 0
vn 0 1 0
vn 0 1 0
vn 0 1 0
vn 0 1 0
vn 0 1 0
vn 0 1 0
vn 0 1 0
vn 0 1 0
vn 0 1 0
vn 0 1 0
vn 0 1 0
vn 0 1 0
vn 0 1 0
vn 0 1 0
vn 0 1 0
vn 0 1 0
vn 0 1 0
vn 0 1 0
vn 0 1 0
vn 0 1 0
vn 0 1 0
vn 0 1 0
vn 0 1 0
vn 0 1 0
vn 0 1 0
vn 0 1 0
vn 0 1 0
vn 0 1 0
vn 0 1 0
vn 0 1 0
vn 0 1 0
vn 0 1 0
vn 0 1 0
vn 0 1 0
vn 0 1 0
vn 0 1 0
vn 0 1 0
vn 0 1 0
vn 0 1 0
vn 0 1 0
vn 0 1 0
vn 0 1 0
vn 0 1 0
vn 0 1 0
vn 0 1 0
vn 0 1 0
vn 0 1 0
vn 0 1 0
vn -0 1 -0
vn -0 1 -0
vn 0 1 0
vn 0 1 0
vn 0 1 0
vn 0 1 0
vn 0 1 0
vn 0 1 0
vn 0 1 0
vn 0 1 0
vn 0 1 0
vn 0 1 0
vn 0 1 0
vn 0 1 0
vn 0 1 0
vn 0 1 0
vn 0 1 0
vn 0 1 0
vn 0 1 0
vn 0 1 0
vn 0 1 0
vn 0 1 0
vn 0 1 0
vn 0 1 0
vn 0 1 0
vn 0 1 0
vn 0 1 0
vn 0 1 0
vn 0 1 0
vn 0 1 0
vn 0 1 0
vn 0 1 0
vn 0 1 0
vn 0 1 0
vn 0 1 0
vn 0 1 0
vn 0 1 0
vn 0 1 0
vn 0 1 0
vn 0 1 0
vn 0 1 0
vn 0 1 0
vn 0 1 0
vn 0 1 0
vn 0 1 0
vn 0 1 0
vn 0 1 0
vn 0 1 0
vn 0 1 0
vn 0 1 0
vn 0 1 0
vn 0 1 0
vn 0 1 0
vn 0 1 0
vn 0 1 0
vn 0 1 0
vn 0 1 0
vn 0 1 0
vn 0 1 0
vn 0 1 0
vn 0 1 0
vn 0 1 0
vn 0 1 0
vn 0 1 0
vn 0 1 0
vn 0 1 0
vn 0 1 0
vn 0 1 0
vn 0 1 0
vn 0 1 0
vn 0 1 0
vn 0 1 0
vn 0 1 0
vn 0 1 0
vn 0 1 0
vn 0 1 0
vn 0 1 0
vn 0 1 0
vn 0 1 0
vn 0 1 0
vn 0 1 0
vn 0 1 0
vn 0 1 0
vn 0 1 0
vn 0 1 0
vn 0 1 0
vn 0 1 0
vn 0 1 0
vn 0 1 0
vn 0 1 0
vn 0 1 0
vn 0 1 0
vn 0 1 0
vn 0 1 0
vn 0 1 0
vn 0 1 0
vn 0 1 0
vn 0 1 0
vn 0 1 0
vn 0 1 0
vn 0 1 0
vn 0 1 0
vn 0 1 0
vn 0 1 0
vn 0 1 0
vn 0 1 0
vn 0 1 0
vn 0 1 0
vn 0 1 0
vn 0 1 0
vn 0 1 0
vn 0 1 0
vn 0 1 0
vn 0 1 0
vn 0 1 0
vn 0 1 0
vn 0 1 0
vn 0 1 0
vn 0 1 0
vn 0 1 0
vn -0 1 -0
vn -0 1 -0
vn 0 1 0
vn 0 1 0
vn 0 1 0
vn 0 1 0
vn 0 1 0
vn 0 1 0
vn 0 1 0
vn 0 1 0
vn 0 1 0
vn 0 1 0
vn 0 1 0
vn 0 1 0
vn 0 1 0
vn 0 1 0
vn 0 1 0
vn 0 1 0
vn 0 1 0
vn 0 1 0
vn 0 1 0
vn 0 1 0
vn 0 1 0
vn 0 1 0
vn 0 1 0
vn 0 1 0
vn 0 1 0
vn 0 1 0
vn 0 1 0
vn 0 1 0
vn 0 1 0
vn 0 1 0
vn 0 1 0
vn 0 1 0
vn 0 1 0
vn 0 1 0
vn 0 1 0
vn 0 1 0
vn 0 1 0
vn 0 1 0
vn 0 1 0
vn 0 1 0
vn 0 1 0
vn 0 1 0
vn 0 1 0
vn 0 1 0
vn 0 1 0
vn 0 1 0
vn 0 1 0
vn 0 1 0
vn 0 1 0
vn 0 1 0
vn 0 1 0
vn 0 1 0
vn 0 1 0
vn 0 1 0
vn 0 1 0
vn 0 1 0
vn 0 1 0
vn 0 1 0
vn 0 1 0
vn 0 1 0
vn 0 1 0
vn 0 1 0
vn 0 1 0
vn 0 1 0
vn 0 1 0
vn 0 1 0
vn 0 1 0
vn 0 1 0
vn 0 1 0
vn 0 1 0
vn 0 1 0
vn 0 1 0
vn 0 1 0
vn 0 1 0
vn 0 1 0
vn 0 1 0
vn 0 1 0
vn 0 1 0
vn 0 1 0
vn 0 1 0
vn 0 1 0
vn 0 1 0
vn 0 1 0
vn 0 1 0
vn 0 1 0
vn 0 1 0
vn 0 1 0
vn 0 1 0
vn 0 1 0
vn 0 1 0
vn 0 1 0
vn 0 1 0
vn 0 1 0
vn 0 1 0
vn 0 1 0
vn 0 1 0
vn 0 1 0
vn 0 1 0
vn 0 1 0
vn 0 1 0
vn 0 1 0
vn 0 1 0
vn 0 1 0
vn 0 1 0
vn 0 1 0
vn 0 1 0
vn 0 1 0
vn 0 1 0
vn 0 1 0
vn 0 1 0
vn 0 1 0
vn 0 1 0
vn 0 1 0
vn 0 1 0
vn 0 1 0
vn 0 1 0
vn 0 1 0
vn 0 1 0
vn -0 1 -0
vn -0 1 -0
vn 0 1 0
vn 0 1 0
vn 0 1 0
vn 0 1 0
vn 0 1 0
vn 0 1 0
vn 0 1 0
vn 0 1 0
vn 0 1 0
vn 0 1 0
vn 0 1 0
vn 0 1 0
vn 0 1 0
vn 0 1 0
vn 0 1 0
vn 0 1 0
vn 0 1 0
vn 0 1 0
vn 0 1 0
vn 0 1 0
vn 0 1 0
vn 0 1 0
vn 0 1 0
vn 0 1 0
vn 0 1 0
vn 0 1 0
vn 0 1 0
vn 0 1 0
vn 0 1 0
vn 0 1 0
vn 0 1 0
vn 0 1 0
vn 0 1 0
vn 0 1 0
vn 0 1 0
vn 0 1 0
vn 0 1 0
vn 0 1 0
vn 0 1 0
vn 0 1 0
vn 0 1 0
vn 0 1 0
vn 0 1 0
vn 0 1 0
vn 0 1 0
vn 0 1 0
vn 0 1 0
vn 0 1 0
vn 0 1 0
vn 0 1 0
vn 0 1 0
vn 0 1 0
vn 0 1 0
vn 0 1 0
vn 0 1 0
vn 0 1 0
vn 0 1 0
vn 0 1 0
vn 0 1 0
vn 0 1 0
vn 0 1 0
vn 0 1 0
vn 0 1 0
vn 0 1 0
vn 0 1 0
vn 0 1 0
vn 0 1 0
vn 0 1 0
vn 0 1 0
vn 0 1 0
vn 0 1 0
vn 0 1 0
vn 0 1 0
vn 0 1 0
vn 0 1 0
vn 0 1 0
vn 0 1 0
vn 0 1 0
vn 0 1 0
vn 0 1 0
vn 0 1 0
vn 0 1 0
vn 0 1 0
vn 0 1 0
vn 0 1 0
vn 0 1 0
vn 0 1 0
vn 0 1 0
vn 0 1 0
vn 0 1 0
vn 0 1 0
vn 0 1 0
vn 0 1 0
vn 0 1 0
vn 0 1 0
vn 0 1 0
vn 0 1 0
vn 0 1 0
vn 0 1 0
vn 0 1 0
vn 0 1 0
vn 0 1 0
vn 0 1 0
vn 0 1 0
vn 0 1 0
vn 0 1 0
vn 0 1 0
vn 0 1 0
vn 0 1 0
vn 0 1 0
vn 0 1 0
vn 0 1 0
vn 0 1 0
vn 0 1 0
vn 0 1 0
vn 0 1 0
vn 0 1 0
vn 0 1 0
vn -0 1 -0
vn -0 1 -0
vn 0 1 0
vn 0 1 0
vn 0 1 0
vn 0 1 0
vn 0 1 0
vn 0 1 0
vn 0 1 0
vn 0 1 0
vn 0 1 0
vn 0 1 0
vn 0 1 0
vn 0 1 0
vn 0 1 0
vn 0 1 0
vn 0 1 0
vn 0 1 0
vn 0 1 0
vn 0 1 0
vn 0 1 0
vn 0 1 0
vn 0 1 0
vn 0 1 0
vn 0 1 0
vn 0 1 0
vn 0 1 0
vn 0 1 0
vn 0 1 0
vn 0 1 0
vn 0 1 0
vn 0 1 0
vn 0 1 0
vn 0 1 0
vn 0 1 0
vn 0 1 0
vn 0 1 0
vn 0 1 0
vn 0 1 0
vn 0 1 0
vn 0 1 0
vn 0 1 0
vn 0 1 0
vn 0 1 0
vn 0 1 0
vn 0 1 0
vn 0 1 0
vn 0 1 0
vn 0 1 0
vn 0 1 0
vn 0 1 0
vn 0 1 0
vn 0 1 0
vn 0 1 0
vn 0 1 0
vn 0 1 0
vn 0 1 0
vn 0 1 0
vn 0 1 0
vn 0 1 0
vn 0 1 0
vn 0 1 0
vn 0 1 0
vn 0 1 0
vn 0 1 0
vn 0 1 0
vn 0 1 0
vn 0 1 0
vn 0 1 0
vn 0 1 0
vn 0 1 0
vn 0 1 0
vn 0 1 0
vn 0 1 0
vn 0 1 0
vn 0 1 0
vn 0 1 0
vn 0 1 0
vn 0 1 0
vn 0 1 0
vn 0 1 0
vn 0 1 0
vn 0 1 0
vn 0 1 0
vn 0 1 0
vn 0 1 0
vn 0 1 0
vn 0 1 0
vn 0 1 0
vn 0 1 0
vn 0 1 0
vn 0 1 0
vn 0 1 0
vn 0 1 0
vn 0 1 0
vn 0 1 0
vn 0 1 0
vn 0 1 0
vn 0 1 0
vn 0 1 0
vn 0 1 0
vn 0 1 0
vn 0 1 0
vn 0 1 0
vn 0 1 0
vn 0 1 0
vn 0 1 0
vn 0 1 0
vn 0 1 0
vn 0 1 0
vn 0 1 0
vn 0 1 0
vn 0 1 0
vn 0 1 0
vn 0 1 0
vn 0 1 0
vn 0 1 0
vn 0 1 0
vn 0 1 0
vn 0 1 0
vn -0 1 -0
vn -0 1 -0
vn 0 1 0
vn 0 1 0
vn 0 1 0
vn 0 1 0
vn 0 1 0
vn 0 1 0
vn 0 1 0
vn 0 1 0
vn 0 1 0
vn 0 1 0
vn 0 1 0
vn 0 1 0
vn 0 1 0
vn 0 1 0
vn 0 1 0
vn 0 1 0
vn 0 1 0
vn 0 1 0
vn 0 1 0
vn 0 1 0
vn 0 1 0
vn 0 1 0
vn 0 1 0
vn 0 1 0
vn 0 1 0
vn 0 1 0
vn 0 1 0
vn 0 1 0
vn 0 1 0
vn 0 1 0
vn 0 1 0
vn 0 1 0
vn 0 1 0
vn 0 1 0
vn 0 1 0
vn 0 1 0
vn 0 1 0
vn 0 1 0
vn 0 1 0
vn 0 1 0
vn 0 1 0
vn 0 1 0
vn 0 1 0
vn 0 1 0
vn 0 1 0
vn 0 1 0
vn 0 1 0
vn 0 1 0
vn 0 1 0
vn 0 1 0
vn 0 1 0
vn 0 1 0
vn 0 1 0
vn 0 1 0
vn 0 1 0
vn 0 1 0
vn 0 1 0
vn 0 1 0
vn 0 1 0
vn 0 1 0
vn 0 1 0
vn 0 1 0
vn 0 1 0
vn 0 1 0
vn 0 1 0
vn 0 1 0
vn 0 1 0
vn 0 1 0
vn 0 1 0
vn 0 1 0
vn 0 1 0
vn 0 1 0
vn 0 1 0
vn 0 1 0
vn 0 1 0
vn 0 1 0
vn 0 1 0
vn 0 1 0
vn 0 1 0
vn 0 1 0
vn 0 1 0
vn 0 1 0
vn 0 1 0
vn 0 1 0
vn 0 1 0
vn 0 1 0
vn 0 1 0
vn 0 1 0
vn 0 1 0
vn 0 1 0
vn 0 1 0
vn 0 1 0
vn 0 1 0
vn 0 1 0
vn 0 1 0
vn 0 1 0
vn 0 1 0
vn 0 1 0
vn 0 1 0
vn 0 1 0
vn 0 1 0
vn 0 1 0
vn 0 1 0
vn 0 1 0
vn 0 1 0
vn 0 1 0
vn 0 1 0
vn 0 1 0
vn 0 1 0
vn 0 1 0
vn 0 1 0
vn 0 1 0
vn 0 1 0
vn 0 1 0
vn 0 1 0
vn 0 1 0
vn 0 1 0
vn 0 1 0
vn -0 1 -0
vn -0 1 -0
vn 0 1 0
vn 0 1 0
vn 0 1 0
vn 0 1 0
vn 0 1 0
vn 0 1 0
vn 0 1 0
vn 0 1 0
vn 0 1 0
vn 0 1 0
vn 0 1 0
vn 0 1 0
vn 0 1 0
vn 0 1 0
vn 0 1 0
vn 0 1 0
vn 0 1 0
vn 0 1 0
vn 0 1 0
vn 0 1 0
vn 0 1 0
vn 0 1 0
vn 0 1 0
vn 0 1 0
vn 0 1 0
vn 0 1 0
vn 0 1 0
vn 0 1 0
vn 0 1 0
vn 0 1 0
vn 0 1 0
vn 0 1 0
vn 0 1 0
vn 0 1 0
vn 0 1 0
vn 0 1 0
vn 0 1 0
vn 0 1 0
vn 0 1 0
vn 0 1 0
vn 0 1 0
vn 0 1 0
vn 0 1 0
vn 0 1 0
vn 0 1 0
vn 0 1 0
vn 0 1 0
vn 0 1 0
vn 0 1 0
vn 0 1 0
vn 0 1 0
vn 0 1 0
vn 0 1 0
vn 0 1 0
vn 0 1 0
vn 0 1 0
vn 0 1 0
vn 0 1 0
vn 0 1 0
vn 0 1 0
vn 0 1 0
vn 0 1 0
vn 0 1 0
vn 0 1 0
vn 0 1 0
vn 0 1 0
vn 0 1 0
vn 0 1 0
vn 0 1 0
vn 0 1 0
vn 0 1 0
vn 0 1 0
vn 0 1 0
vn 0 1 0
vn 0 1 0
vn 0 1 0
vn 0 1 0
vn 0 1 0
vn 0 1 0
vn 0 1 0
vn 0 1 0
vn 0 1 0
vn 0 1 0
vn 0 1 0
vn 0 1 0
vn 0 1 0
vn 0 1 0
vn 0 1 0
vn 0 1 0
vn 0 1 0
vn 0 1 0
vn 0 1 0
vn 0 1 0
vn 0 1 0
vn 0 1 0
vn 0 1 0
vn 0 1 0
vn 0 1 0
vn 0 1 0
vn 0 1 0
vn 0 1 0
vn 0 1 0
vn 0 1 0
vn 0 1 0
vn 0 1 0
vn 0 1 0
vn 0 1 0
vn 0 1 0
vn 0 1 0
vn 0 1 0
vn 0 1 0
vn 0 1 0
vn 0 1 0
vn 0 1 0
vn 0 1 0
vn 0 1 0
vn 0 1 0
vn 0 1 0
vn -0 1 -0
vn -0 1 -0
vn 0 1 0
vn 0 1 0
vn 0 1 0
vn 0 1 0
vn 0 1 0
vn 0 1 0
vn 0 1 0
vn 0 1 0
vn 0 1 0
vn 0 1 0
vn 0 1 0
vn 0 1 0
vn 0 1 0
vn 0 1 0
vn 0 1 0
vn 0 1 0
vn 0 1 0
vn 0 1 0
vn 0 1 0
vn 0 1 0
vn 0 1 0
vn 0 1 0
vn 0 1 0
vn 0 1 0
vn 0 1 0
vn 0 1 0
vn 0 1 0
vn 0 1 0
vn 0 1 0
vn 0 1 0
vn 0 1 0
vn 0 1 0
vn 0 1 0
vn 0 1 0
vn 0 1 0
vn 0 1 0
vn 0 1 0
vn 0 1 0
vn 0 1 0
vn 0 1 0
vn 0 1 0
vn 0 1 0
vn 0 1 0
vn 0 1 0
vn 0 1 0
vn 0 1 0
vn 0 1 0
vn 0 1 0
vn 0 1 0
vn 0 1 0
vn 0 1 0
vn 0 1 0
vn 0 1 0
vn 0 1 0
vn 0 1 0
vn 0 1 0
vn 0 1 0
vn 0 1 0
vn 0 1 0
vn 0 1 0
vn 0 1 0
vn 0 1 0
vn 0 1 0
vn 0 1 0
vn 0 1 0
vn 0 1 0
vn 0 1 0
vn 0 1 0
vn 0 1 0
vn 0 1 0
vn 0 1 0
vn 0 1 0
vn 0 1 0
vn 0 1 0
vn 0 1 0
vn 0 1 0
vn 0 1 0
vn 0 1 0
vn 0 1 0
vn 0 1 0
vn 0 1 0
vn 0 1 0
vn 0 1 0
vn 0 1 0
vn 0 1 0
vn 0 1 0
vn 0 1 0
vn 0 1 0
vn 0 1 0
vn 0 1 0
vn 0 1 0
vn 0 1 0
vn 0 1 0
vn 0 1 0
vn 0 1 0
vn 0 1 0
vn 0 1 0
vn 0 1 0
vn 0 1 0
vn 0 1 0
vn 0 1 0
vn 0 1 0
vn 0 1 0
vn 0 1 0
vn 0 1 0
vn 0 1 0
vn 0 1 0
vn 0 1 0
vn 0 1 0
vn 0 1 0
vn 0 1 0
vn 0 1 0
vn 0 1 0
vn 0 1 0
vn 0 1 0
vn 0 1 0
vn 0 1 0
vn 0 1 0
vn -0 1 -0
vn -0 1 -0
vn 0 1 0
vn 0 1 0
vn 0 1 0
vn 0 1 0
vn 0 1 0
vn 0 1 0
vn 0 1 0
vn 0 1 0
vn 0 1 0
vn 0 1 0
vn 0 1 0
vn 0 1 0
vn 0 1 0
vn 0 1 0
vn 0 1 0
vn 0 1 0
vn 0 1 0
vn 0 1 0
vn 0 1 0
vn 0 1 0
vn 0 1 0
vn 0 1 0
vn 0 1 0
vn 0 1 0
vn 0 1 0
vn 0 1 0
vn 0 1 0
vn 0 1 0
vn 0 1 0
vn 0 1 0
vn 0 1 0
vn 0 1 0
vn 0 1 0
vn 0 1 0
vn 0 1 0
vn 0 1 0
vn 0 1 0
vn 0 1 0
vn 0 1 0
vn 0 1 0
vn 0 1 0
vn 0 1 0
vn 0 1 0
vn 0 1 0
vn 0 1 0
vn 0 1 0
vn 0 1 0
vn 0 1 0
vn 0 1 0
vn 0 1 0
vn 0 1 0
vn 0 1 0
vn 0 1 0
vn 0 1 0
vn 0 1 0
vn 0 1 0
vn 0 1 0
vn 0 1 0
vn 0 1 0
vn 0 1 0
vn 0 1 0
vn 0 1 0
vn 0 1 0
vn 0 1 0
vn 0 1 0
vn 0 1 0
vn 0 1 0
vn 0 1 0
vn 0 1 0
vn 0 1 0
vn 0 1 0
vn 0 1 0
vn 0 1 0
vn 0 1 0
vn 0 1 0
vn 0 1 0
vn 0 1 0
vn 0 1 0
vn 0 1 0
vn 0 1 0
vn 0 1 0
vn 0 1 0
vn 0 1 0
vn 0 1 0
vn 0 1 0
vn 0 1 0
vn 0 1 0
vn 0 1 0
vn 0 1 0
vn 0 1 0
vn 0 1 0
vn 0 1 0
vn 0 1 0
vn 0 1 0
vn 0 1 0
vn 0 1 0
vn 0 1 0
vn 0 1 0
vn 0 1 0
vn 0 1 0
vn 0 1 0
vn 0 1 0
vn 0 1 0
vn 0 1 0
vn 0 1 0
vn 0 1 0
vn 0 1 0
vn 0 1 0
vn 0 1 0
vn 0 1 0
vn 0 1 0
vn 0 1 0
vn 0 1 0
vn 0 1 0
vn 0 1 0
vn 0 1 0
vn 0 1 0
vn 0 1 0
vn -0 1 -0
vn -0 1 -0
vn 0 1 0
vn 0 1 0
vn 0 1 0
vn 0 1 0
vn 0 1 0
vn 0 1 0
vn 0 1 0
vn 0 1 0
vn 0 1 0
vn 0 1 0
vn 0 1 0
vn 0 1 0
vn 0 1 0
vn 0 1 0
vn 0 1 0
vn 0 1 0
vn 0 1 0
vn 0 1 0
vn 0 1 0
vn 0 1 0
vn 0 1 0
vn 0 1 0
vn 0 1 0
vn 0 1 0
vn 0 1 0
vn 0 1 0
vn 0 1 0
vn 0 1 0
vn 0 1 0
vn 0 1 0
vn 0 1 0
vn 0 1 0
vn 0 1 0
vn 0 1 0
vn 0 1 0
vn 0 1 0
vn 0 1 0
vn 0 1 0
vn 0 1 0
vn 0 1 0
vn 0 1 0
vn 0 1 0
vn 0 1 0
vn 0 1 0
vn 0 1 0
vn 0 1 0
vn 0 1 0
vn 0 1 0
vn 0 1 0
vn 0 1 0
vn 0 1 0
vn 0 1 0
vn 0 1 0
vn 0 1 0
vn 0 1 0
vn 0 1 0
vn 0 1 0
vn 0 1 0
vn 0 1 0
vn 0 1 0
vn 0 1 0
vn 0 1 0
vn 0 1 0
vn 0 1 0
vn 0 1 0
vn 0 1 0
vn 0 1 0
vn 0 1 0
vn 0 1 0
vn 0 1 0
vn 0 1 0
vn 0 1 0
vn 0 1 0
vn 0 1 0
vn 0 1 0
vn 0 1 0
vn 0 1 0
vn 0 1 0
vn 0 1 0
vn 0 1 0
vn 0 1 0
vn 0 1 0
vn 0 1 0
vn 0 1 0
vn 0 1 0
vn 0 1 0
vn 0 1 0
vn 0 1 0
vn 0 1 0
vn 0 1 0
vn 0 1 0
vn 0 1 0
vn 0 1 0
vn 0 1 0
vn 0 1 0
vn 0 1 0
vn 0 1 0
vn 0 1 0
vn 0 1 0
vn 0 1 0
vn 0 1 0
vn 0 1 0
vn 0 1 0
vn 0 1 0
vn 0 1 0
vn 0 1 0
vn 0 1 0
vn 0 1 0
vn 0 1 0
vn 0 1 0
vn 0 1 0
vn 0 1 0
vn 0 1 0
vn 0 1 0
vn 0 1 0
vn 0 1 0
vn 0 1 0
vn 0 1 0
vn -0 1 -0
vn -0 1 -0
vn -0 1 -0
vn 0 1 0
vn 0 1 0
vn -0 1 -0
vn -0 1 -0
vn 0 1 0
vn 0 1 0
vn -0 1 -0
vn -0 1 -0
vn 0 1 0
vn 0 1 0
vn -0 1 -0
vn -0 1 -0
vn 0 1 0
vn 0 1 0
vn -0 1 -0
vn -0 1 -0
vn 0 1 0
vn 0 1 0
vn -0 1 -0
vn -0 1 -0
vn 0 1 0
vn 0 1 0
vn -0 1 -0
vn -0 1 -0
vn 0 1 0
vn 0 1 0
vn -0 1 -0
vn -0 1 -0
vn 0 1 0
vn 0 1 0
vn -0 1 -0
vn -0 1 -0
vn 0 1 0
vn 0 1 0
vn -0 1 -0
vn -0 1 -0
vn 0 1 0
vn 0 1 0
vn -0 1 -0
vn -0 1 -0
vn 0 1 0
vn 0 1 0
vn -0 1 -0
vn -0 1 -0
vn 0 1 0
vn 0 1 0
vn -0 1 -0
vn -0 1 -0
vn 0 1 0
vn 0 1 0
vn -0 1 -0
vn -0 1 -0
vn 0 1 0
vn 0 1 0
vn -0 1 -0
vn -0 1 -0
vn 0 1 0
vn 0 1 0
vn -0 1 -0
vn -0 1 -0
vn 0 1 0
vn 0 1 0
vn -0 1 -0
vn -0 1 -0
vn 0 1 0
vn 0 1 0
vn -0 1 -0
vn -0 1 -0
vn 0 1 0
vn 0 1 0
vn -0 1 -0
vn -0 1 -0
vn 0 1 0
vn 0 1 0
vn -0 1 -0
vn -0 1 -0
vn 0 1 0
vn 0 1 0
vn -0 1 -0
vn -0 1 -0
vn 0 1 0
vn 0 1 0
vn -0 1 -0
vn -0 1 -0
vn 0 1 0
vn 0 1 0
vn -0 1 -0
vn -0 1 -0
vn 0 1 0
vn 0 1 0
vn -0 1 -0
vn -0 1 -0
vn 0 1 0
vn 0 1 0
vn -0 1 -0
vn -0 1 -0
vn 0 1 0
vn 0 1 0
vn -0 1 -0
vn -0 1 -0
vn 0 1 0
vn 0 1 0
vn -0 1 -0
vn -0 1 -0
vn 0 1 0
vn 0 1 0
vn -0 1 -0
vn -0 1 -0
vn 0 1 0
vn 0 1 0
vn -0 1 -0
vn -0 1 -0
vn 0 1 0
vn 0 1 0
vn -0 1 -0
vn -0 1 -0
vn 0 1 0
vn -0 1 -0
vn -0 1 -0
vn -9.19549848e-07 1 4.59775208e-07
vn 0 1 0
vn 0 1 0
vn 0 1 0
vn -9.19549848e-07 1 4.59775208e-07
vn -3.11535314e-06 1 1.55767759e-06
vn -0 1 -1.16825197e-06
vn 0 1 0
vn 0 1 0
vn -0 1 -1.16825197e-06
vn -0 1 -0
vn 0 1 0
vn 0 1 0
vn -0 1 -0
vn -0 1 -1.16825868e-06
vn 0 1 0
vn 9.19546096e-07 1 4.59773304e-07
vn 0 1 0
vn 9.19546096e-07 1 4.59773304e-07
vn 0 1 0
vn -0 1 -1.16825868e-06
vn 3.11534041e-06 1 1.55767123e-06
vn -0 1 -2.33651735e-06
vn -0 1 -1.16825868e-06
vn -0 1 -1.16825868e-06
vn -0 1 -2.33651735e-06
vn -0 1 -1.16825868e-06
vn 0 1 0
vn -0 1 -0
vn -0 1 -1.16825868e-06
vn 0 1 0
vn 0 1 -1.16825197e-06
vn -0 1 -1.16825197e-06
vn -0 1 -0
vn 0 1 -1.16825197e-06
vn -0 1 -2.33650394e-06
vn -0 1 -2.33650394e-06
vn -0 1 -1.16825197e-06
vn 0 -4.76837158e-07 -1
vn 0 -3.57627869e-07 -0.99999994
vn -0 -2.38418636e-07 -1
vn 0 -4.76837158e-07 -1
vn 0 -3.57627869e-07 -0.99999994
vn 4.76837045e-07 -5.96046391e-07 -1
vn 4.76837101e-07 -4.76837158e-07 -1
vn -0 -2.38418636e-07 -1
vn 4.76837045e-07 -5.96046391e-07 -1
vn 4.76837158e-07 -9.53674544e-07 -1
vn 4.7683713e-07 -9.53674544e-07 -0.99999994
vn 4.76837101e-07 -4.76837158e-07 -1
vn -1.13687098e-12 -1 2.38419125e-06
vn -5.68435273e-13 -1 1.19209517e-06
vn -5.68435652e-13 -1 1.19209597e-06
vn -1.13687087e-12 -1 2.38419102e-06
vn -5.68435273e-13 -1 1.19209517e-06
vn -0 -1 0
vn 0 -1 -0
vn -5.68435652e-13 -1 1.19209597e-06
vn -0 -1 0
vn -1.13686751e-12 -1 1.19209199e-06
vn -1.13686491e-12 -1 1.19208926e-06
vn 0 -1 -0
vn -1.13686751e-12 -1 1.19209199e-06
vn -0 -1 2.38418238e-06
vn -0 -1 2.38417965e-06
vn -1.13686491e-12 -1 1.19208926e-06
vn -0 9.53674316e-07 1
vn 9.53674544e-07 7.15255794e-07 1
vn 9.53674544e-07 7.15255794e-07 1
vn -0 4.76837158e-07 1
vn 9.53674544e-07 7.15255794e-07 1
vn 0 4.76837158e-07 1
vn 0 7.15255794e-07 1
vn 9.53674544e-07 7.15255794e-07 1
vn 0 4.76837158e-07 1
vn 0 4.76837158e-07 1
vn 0 4.76837158e-07 1
vn 0 7.15255794e-07 1
vn -0 1 -0
vn 0 1 0
vn 0 1 0
vn -0 1 -0
vn -0 1 -0
vn 0 1 0
vn 0 1 0
vn -0 1 -0
vn -0 1 -0
vn 0 1 0
vn 0 1 0
vn -0 1 -0
vn -0 1 -0
vn 0 1 0
vn 0 1 0
vn -0 1 -0
vn -0 1 -0
vn 0 1 0
vn 0 1 0
vn -0 1 -0
vn -0 1 -0
vn 0 1 0
vn 0 1 0
vn -0 1 -0
vn -0 1 -0
vn 0 1 0
vn 0 1 0
vn -0 1 -0
vn -0 1 -0
vn 0 1 0
vn 0 1 0
vn -0 1 -0
vn -0 1 -0
vn 0 1 0
vn 0 1 0
vn -0 1 -0
vn -0 1 -0
vn 0 1 0
vn 0 1 0
vn -0 1 -0
vn -0 1 -0
vn 0 1 0
vn 0 1 0
vn -0 1 -0
vn -0 1 -0
vn 0 1 0
vn 0 1 0
vn -0 1 -0
vn -0 1 -0
vn 0 1 0
vn 0 1 0
vn -0 1 -0
vn -0 1 -0
vn 0 1 0
vn 0 1 0
vn -0 1 -0
vn -0 1 -0
vn 0 1 0
vn 0 1 0
vn -0 1 -0
vn -0 1 -0
vn 0 1 0
vn 0 1 0
vn -0 1 -0
vn -0 1 -0
vn 0 1 0
vn 0 1 0
vn -0 1 -0
vn -0 1 -0
vn 0 1 0
vn 0 1 0
vn -0 1 -0
vn -0 1 -0
vn 0 1 0
vn 0 1 0
vn -0 1 -0
vn -0 1 -0
vn 0 1 0
vn 0 1 0
vn -0 1 -0
vn -0 1 -0
vn 0 1 0
vn -0 1 -0
vn -0 1 -0
vn -1 -0 -0
vn -1 -0 0
vn -1 0 -0
vn -1 0 -0
vn 1 -0 -0
vn 1 -4.76837158e-07 0
vn 1 -4.76837158e-07 -0
vn 1 -0 -0
vn -1 -0 0
vn -1 -0 0
vn -1 0 -0
vn -1 0 -0
vn 1 -4.76837158e-07 0
vn 1 -3.25688912e-13 -0
vn 1 2.53313456e-13 -0
vn 1 -4.76837158e-07 -0
vn -1 -0 0
vn -1 -0 0
vn -1 0 -0
vn -1 0 -0
vn 1 -3.25688912e-13 -0
vn 1 4.76837272e-07 0
vn 1 4.76836959e-07 0
vn 1 2.53313456e-13 -0
vn -1 -0 0
vn -1 -0 0
vn -1 -0 -0
vn -1 0 -0
vn 1 4.76837272e-07 0
vn 1 0 0
vn 1 -0 -0
vn 1 4.76836959e-07 0
vn -1 -0 0
vn -0.99999994 -0 0
vn -0.99999994 0 -0
vn -1 -0 -0
vn 1 0 0
vn 0.99999994 0 0
vn 0.99999994 -0 -0
vn 1 -0 -0
vn 0 -1 -0
vn 0 -1 -0
vn -2.38418579e-07 -1 0
vn -0 -1 -0
vn 0 -1 -0
vn 0 -1 -4.7683767e-07
vn 0 -1 -4.76837613e-07
vn -2.38418579e-07 -1 0
vn 0 -1 -4.7683767e-07
vn 0 -1 -0
vn 0 -1 -0
vn 0 -1 -4.76837613e-07
vn 0 -1 -0
vn 0 -1 -4.7683767e-07
vn 0 -1 -4.76837613e-07
vn 0 -1 -0
vn 0 -1 -4.7683767e-07
vn 0 -1 -0
vn 2.38418579e-07 -1 -0
vn 0 -1 -4.76837613e-07
vn 0 -1 -0
vn 0 -1 -0
vn -0 -1 0
vn 2.38418579e-07 -1 -0
vn 0 -1 -0
vn 0 -1 -0
vn -2.38418579e-07 -1 0
vn -0 -1 0
vn 0 -1 -0
vn -2.27374109e-13 -1 -4.76837613e-07
vn 2.38418139e-07 -1 -4.76837613e-07
vn -2.38418579e-07 -1 0
vn -2.27374109e-13 -1 -4.76837613e-07
vn 0 -1 4.76837158e-07
vn 0 -1 4.76837158e-07
vn 2.38418139e-07 -1 -4.76837613e-07
vn 0 -1 4.76837158e-07
vn 2.27374109e-13 -1 -4.76837613e-07
vn -2.38418139e-07 -1 -4.76837613e-07
vn 0 -1 4.76837158e-07
vn 2.27374109e-13 -1 -4.76837613e-07
vn 0 -1 -0
vn 2.38418579e-07 -1 -0
vn -2.38418139e-07 -1 -4.76837613e-07
vn 0 -1 -0
vn 0 -1 -0
vn -2.38418579e-07 -1 0
vn 2.38418579e-07 -1 -0
vn 0 -1 -0
vn 2.27373974e-13 -1 -4.7683767e-07
vn -2.38418579e-07 -1 -4.76837613e-07
vn -2.38418579e-07 -1 0
vn 2.27373974e-13 -1 -4.7683767e-07
vn -2.27373974e-13 -1 -4.7683767e-07
vn 2.38418579e-07 -1 -4.76837613e-07
vn -2.38418579e-07 -1 -4.76837613e-07
vn -2.27373974e-13 -1 -4.7683767e-07
vn 0 -1 -0
vn 2.38418579e-07 -1 -0
vn 2.38418579e-07 -1 -4.76837613e-07
vn 0 -1 -0
vn 0 -1 -0
vn -0 -1 0
vn 2.38418579e-07 -1 -0
vn 0 -1 -0
vn 0 -1 -0
vn -2.38418579e-07 -1 0
vn -0 -1 0
vn 0 -1 -0
vn 0 -1 -4.7683767e-07
vn 0 -1 -4.76837613e-07
vn -2.38418579e-07 -1 0
vn 0 -1 -4.7683767e-07
vn 0 -1 -0
vn 2.38418579e-07 -1 -0
vn 0 -1 -4.76837613e-07
vn 0 -1 -0
vn 0 -1 -0
vn -0 -1 0
vn 2.38418579e-07 -1 -0
vn 0 -1 -0
vn -0 -1 -0
vn -0 -1 0
vn -0 -1 0
vn -0 -1 0
vn 0 -1 0
vn 0 -1 -0
vn -0 -1 -0
vn 0 -1 0
vn 0 -1 0
vn 0 -1 -0
vn 0 -1 -0
vn 0 -1 0
vn 0 -1 0
vn 0 -1 -0
vn 0 -1 -0
vn 0 -1 0
vn 0 -1 0
vn 0 -1 -0
vn 0 -1 -0
vn 0 -1 0
vn 0 -1 0
vn 0 -1 -0
vn 0 -1 -0
vn 0 -1 0
vn 0 -1 0
vn 0 -1 -0
vn 0 -1 -0
vn 0 -1 0
vn 0 -1 0
vn 0 -1 -0
vn 0 -1 -0
vn 0 -1 0
vn 0 -1 0
vn 0 -1 -0
vn 0 -1 -0
vn 0 -1 0
vn 0 -1 0
vn 0 -1 -0
vn 0 -1 -0
vn 0 -1 0
vn 0 -1 0
vn 0 -1 -0
vn 0 -1 -0
vn 0 -1 0
vn 0 -1 0
vn 0 -1 -0
vn 0 -1 -0
vn 0 -1 0
vn 0 -1 0
vn 0 -1 -0
vn 0 -1 -0
vn 0 -1 0
vn 0 -1 0
vn 0 -1 -0
vn 0 -1 -0
vn 0 -1 0
vn 0 -1 0
vn 0 -1 -0
vn 0 -1 -0
vn 0 -1 0
vn 0 -1 0
vn 0 -1 -0
vn 0 -1 -0
vn 0 -1 0
vn 0 -1 0
vn 0 -1 -0
vn 0 -1 -0
vn 0 -1 0
vn 0 -1 0
vn 0 -1 -0
vn 0 -1 -0
vn 0 -1 0
vn 0 -1 0
vn 0 -1 -0
vn 0 -1 -0
vn 0 -1 0
vn 0 -1 0
vn 0 -1 -0
vn 0 -1 -0
vn 0 -1 0
vn 0 -1 0
vn 0 -1 -0
vn 0 -1 -0
vn 0 -1 0
vn 0 -1 0
vn 0 -1 -0
vn 0 -1 -0
vn 0 -1 0
vn 0 -1 0
vn 0 -1 -0
vn 0 -1 -0
vn 0 -1 0
vn 0 -1 0
vn 0 -1 -0
vn 0 -1 -0
vn 0 -1 0
vn 0 -1 0
vn 0 -1 -0
vn 0 -1 -0
vn 0 -1 0
vn 0 -1 0
vn 0 -1 -0
vn 0 -1 -0
vn 0 -1 0
vn 0 -1 0
vn 0 -1 -0
vn 0 -1 -0
vn 0 -1 0
vn 0 -1 0
vn 0 -1 -0
vn 0 -1 -0
vn 0 -1 0
vn 0 -1 0
vn 0 -1 -0
vn 0 -1 -0
vn 0 -1 0
vn 0 -1 0
vn 0 -1 -0
vn 0 -1 -0
vn 0 -1 0
vn 0 -1 -0
vn 0 -1 -0
vn 0 -1 -0
vn -0 -1 0
vn 0 -1 0
vn 0 -1 0
vn -0 -1 0
vn 0 -1 0
vn 0 -1 0
vn 0 -1 0
vn 0 -1 0
vn 0 -1 0
vn 0 -1 0
vn 0 -1 0
vn 0 -1 0
vn 0 -1 0
vn 0 -1 0
vn 0 -1 0
vn 0 -1 0
vn 0 -1 0
vn 0 -1 0
vn 0 -1 0
vn 0 -1 0
vn 0 -1 0
vn 0 -1 0
vn 0 -1 0
vn 0 -1 0
vn 0 -1 0
vn 0 -1 0
vn 0 -1 0
vn 0 -1 0
vn 0 -1 0
vn 0 -1 0
vn 0 -1 0
vn 0 -1 0
vn 0 -1 0
vn 0 -1 0
vn 0 -1 0
vn 0 -1 0
vn 0 -1 0
vn 0 -1 0
vn 0 -1 0
vn 0 -1 0
vn 0 -1 0
vn 0 -1 0
vn 0 -1 0
vn 0 -1 0
vn 0 -1 0
vn 0 -1 0
vn 0 -1 0
vn 0 -1 0
vn 0 -1 0
vn 0 -1 0
vn 0 -1 0
vn 0 -1 0
vn 0 -1 0
vn 0 -1 0
vn 0 -1 0
vn 0 -1 0
vn 0 -1 0
vn 0 -1 0
vn 0 -1 0
vn 0 -1 0
vn 0 -1 0
vn 0 -1 0
vn 0 -1 0
vn 0 -1 0
vn 0 -1 0
vn 0 -1 0
vn 0 -1 0
vn 0 -1 0
vn 0 -1 0
vn 0 -1 0
vn 0 -1 0
vn 0 -1 0
vn 0 -1 0
vn 0 -1 0
vn 0 -1 0
vn 0 -1 0
vn 0 -1 0
vn 0 -1 0
vn 0 -1 0
vn 0 -1 0
vn 0 -1 0
vn 0 -1 0
vn 0 -1 0
vn 0 -1 0
vn 0 -1 0
vn 0 -1 0
vn 0 -1 0
vn 0 -1 0
vn 0 -1 0
vn 0 -1 0
vn 0 -1 0
vn 0 -1 0
vn 0 -1 0
vn 0 -1 0
vn 0 -1 0
vn 0 -1 0
vn 0 -1 0
vn 0 -1 0
vn 0 -1 0
vn 0 -1 0
vn 0 -1 0
vn 0 -1 0
vn 0 -1 0
vn 0 -1 0
vn 0 -1 0
vn 0 -1 0
vn 0 -1 0
vn 0 -1 0
vn 0 -1 0
vn 0 -1 0
vn 0 -1 0
vn 0 -1 0
vn 0 -1 0
vn 0 -1 0
vn 0 -1 0
vn 0 -1 0
vn 0 -1 0
vn 0 -1 -0
vn 0 -1 -0
vn 0 -1 0
vn -0 -1 0
vn 0 -1 0
vn 0 -1 0
vn -0 -1 0
vn 0 -1 0
vn 0 -1 0
vn 0 -1 0
vn 0 -1 0
vn 0 -1 0
vn 0 -1 0
vn 0 -1 0
vn 0 -1 0
vn 0 -1 0
vn 0 -1 0
vn 0 -1 0
vn 0 -1 0
vn 0 -1 0
vn 0 -1 0
vn 0 -1 0
vn 0 -1 0
vn 0 -1 0
vn 0 -1 0
vn 0 -1 0
vn 0 -1 0
vn 0 -1 0
vn 0 -1 0
vn 0 -1 0
vn 0 -1 0
vn 0 -1 0
vn 0 -1 0
vn 0 -1 0
vn 0 -1 0
vn 0 -1 0
vn 0 -1 0
vn 0 -1 0
vn 0 -1 0
vn 0 -1 0
vn 0 -1 0
vn 0 -1 0
vn 0 -1 0
vn 0 -1 0
vn 0 -1 0
vn 0 -1 0
vn 0 -1 0
vn 0 -1 0
vn 0 -1 0
vn 0 -1 0
vn 0 -1 0
vn 0 -1 0
vn 0 -1 0
vn 0 -1 0
vn 0 -1 0
vn 0 -1 0
vn 0 -1 0
vn 0 -1 0
vn 0 -1 0
vn 0 -1 0
vn 0 -1 0
vn 0 -1 0
vn 0 -1 0
vn 0 -1 0
vn 0 -1 0
vn 0 -1 0
vn 0 -1 0
vn 0 -1 0
vn 0 -1 0
vn 0 -1 0
vn 0 -1 0
vn 0 -1 0
vn 0 -1 0
vn 0 -1 0
vn 0 -1 0
vn 0 -1 0
vn 0 -1 0
vn 0 -1 0
vn 0 -1 0
vn 0 -1 0
vn 0 -1 0
vn 0 -1 0
vn 0 -1 0
vn 0 -1 0
vn 0 -1 0
vn 0 -1 0
vn 0 -1 0
vn 0 -1 0
vn 0 -1 0
vn 0 -1 0
vn 0 -1 0
vn 0 -1 0
vn 0 -1 0
vn 0 -1 0
vn 0 -1 0
vn 0 -1 0
vn 0 -1 0
vn 0 -1 0
vn 0 -1 0
vn 0 -1 0
vn 0 -1 0
vn 0 -1 0
vn 0 -1 0
vn 0 -1 0
vn 0 -1 0
vn 0 -1 0
vn 0 -1 0
vn 0 -1 0
vn 0 -1 0
vn 0 -1 0
vn 0 -1 0
vn 0 -1 0
vn 0 -1 0
vn 0 -1 0
vn 0 -1 0
vn 0 -1 0
vn 0 -1 0
vn 0 -1 0
vn 0 -1 0
vn 0 -1 0
vn 0 -1 -0
vn 0 -1 -0
vn 0 -1 0
vn -0 -1 0
vn 0 -1 0
vn 0 -1 0
vn -0 -1 0
vn 0 -1 0
vn 0 -1 0
vn 0 -1 0
vn 0 -1 0
vn 0 -1 0
vn 0 -1 0
vn 0 -1 0
vn 0 -1 0
vn 0 -1 0
vn 0 -1 0
vn 0 -1 0
vn 0 -1 0
vn 0 -1 0
vn 0 -1 0
vn 0 -1 0
vn 0 -1 0
vn 0 -1 0
vn 0 -1 0
vn 0 -1 0
vn 0 -1 0
vn 0 -1 0
vn 0 -1 0
vn 0 -1 0
vn 0 -1 0
vn 0 -1 0
vn 0 -1 0
vn 0 -1 0
vn 0 -1 0
vn 0 -1 0
vn 0 -1 0
vn 0 -1 0
vn 0 -1 0
vn 0 -1 0
vn 0 -1 0
vn 0 -1 0
vn 0 -1 0
vn 0 -1 0
vn 0 -1 0
vn 0 -1 0
vn 0 -1 0
vn 0 -1 0
vn 0 -1 0
vn 0 -1 0
vn 0 -1 0
vn 0 -1 0
vn 0 -1 0
vn 0 -1 0
vn 0 -1 0
vn 0 -1 0
vn 0 -1 0
vn 0 -1 0
vn 0 -1 0
vn 0 -1 0
vn 0 -1 0
vn 0 -1 0
vn 0 -1 0
vn 0 -1 0
vn 0 -1 0
vn 0 -1 0
vn 0 -1 0
vn 0 -1 0
vn 0 -1 0
vn 0 -1 0
vn 0 -1 0
vn 0 -1 0
vn 0 -1 0
vn 0 -1 0
vn 0 -1 0
vn 0 -1 0
vn 0 -1 0
vn 0 -1 0
vn 0 -1 0
vn 0 -1 0
vn 0 -1 0
vn 0 -1 0
vn 0 -1 0
vn 0 -1 0
vn 0 -1 0
vn 0 -1 0
vn 0 -1 0
vn 0 -1 0
vn 0 -1 0
vn 0 -1 0
vn 0 -1 0
vn 0 -1 0
vn 0 -1 0
vn 0 -1 0
vn 0 -1 0
vn 0 -1 0
vn 0 -1 0
vn 0 -1 0
vn 0 -1 0
vn 0 -1 0
vn 0 -1 0
vn 0 -1 0
vn 0 -1 0
vn 0 -1 0
vn 0 -1 0
vn 0 -1 0
vn 0 -1 0
vn 0 -1 0
vn 0 -1 0
vn 0 -1 0
vn 0 -1 0
vn 0 -1 0
vn 0 -1 0
vn 0 -1 0
vn 0 -1 0
vn 0 -1 0
vn 0 -1 0
vn 0 -1 0
vn 0 -1 0
vn 0 -1 0
vn 0 -1 -0
vn 0 -1 -0
vn 0 -1 0
vn -0 -1 0
vn 0 -1 0
vn 0 -1 0
vn -0 -1 0
vn 0 -1 0
vn 0 -1 0
vn 0 -1 0
vn 0 -1 0
vn 0 -1 0
vn 0 -1 0
vn 0 -1 0
vn 0 -1 0
vn 0 -1 0
vn 0 -1 0
vn 0 -1 0
vn 0 -1 0
vn 0 -1 0
vn 0 -1 0
vn 0 -1 0
vn 0 -1 0
vn 0 -1 0
vn 0 -1 0
vn 0 -1 0
vn 0 -1 0
vn 0 -1 0
vn 0 -1 0
vn 0 -1 0
vn 0 -1 0
vn 0 -1 0
vn 0 -1 0
vn 0 -1 0
vn 0 -1 0
vn 0 -1 0
vn 0 -1 0
vn 0 -1 0
vn 0 -1 0
vn 0 -1 0
vn 0 -1 0
vn 0 -1 0
vn 0 -1 0
vn 0 -1 0
vn 0 -1 0
vn 0 -1 0
vn 0 -1 0
vn 0 -1 0
vn 0 -1 0
vn 0 -1 0
vn 0 -1 0
vn 0 -1 0
vn 0 -1 0
vn 0 -1 0
vn 0 -1 0
vn 0 -1 0
vn 0 -1 0
vn 0 -1 0
vn 0 -1 0
vn 0 -1 0
vn 0 -1 0
vn 0 -1 0
vn 0 -1 0
vn 0 -1 0
vn 0 -1 0
vn 0 -1 0
vn 0 -1 0
vn 0 -1 0
vn 0 -1 0
vn 0 -1 0
vn 0 -1 0
vn 0 -1 0
vn 0 -1 0
vn 0 -1 0
vn 0 -1 0
vn 0 -1 0
vn 0 -1 0
vn 0 -1 0
vn 0 -1 0
vn 0 -1 0
vn 0 -1 0
vn 0 -1 0
vn 0 -1 0
vn 0 -1 0
vn 0 -1 0
vn 0 -1 0
vn 0 -1 0
vn 0 -1 0
vn 0 -1 0
vn 0 -1 0
vn 0 -1 0
vn 0 -1 0
vn 0 -1 0
vn 0 -1 0
vn 0 -1 0
vn 0 -1 0
vn 0 -1 0
vn 0 -1 0
vn 0 -1 0
vn 0 -1 0
vn 0 -1 0
vn 0 -1 0
vn 0 -1 0
vn 0 -1 0
vn 0 -1 0
vn 0 -1 0
vn 0 -1 0
vn 0 -1 0
vn 0 -1 0
vn 0 -1 0
vn 0 -1 0
vn 0 -1 0
vn 0 -1 0
vn 0 -1 0
vn 0 -1 0
vn 0 -1 0
vn 0 -1 0
vn 0 -1 0
vn 0 -1 0
vn 0 -1 0
vn 0 -1 -0
vn 0 -1 -0
vn 0 -1 0
vn -0 -1 0
vn 0 -1 0
vn 0 -1 0
vn -0 -1 0
vn 0 -1 0
vn 0 -1 0
vn 0 -1 0
vn 0 -1 0
vn 0 -1 0
vn 0 -1 0
vn 0 -1 0
vn 0 -1 0
vn 0 -1 0
vn 0 -1 0
vn 0 -1 0
vn 0 -1 0
vn 0 -1 0
vn 0 -1 0
vn 0 -1 0
vn 0 -1 0
vn 0 -1 0
vn 0 -1 0
vn 0 -1 0
vn 0 -1 0
vn 0 -1 0
vn 0 -1 0
vn 0 -1 0
vn 0 -1 0
vn 0 -1 0
vn 0 -1 0
vn 0 -1 0
vn 0 -1 0
vn 0 -1 0
vn 0 -1 0
vn 0 -1 0
vn 0 -1 0
vn 0 -1 0
vn 0 -1 0
vn 0 -1 0
vn 0 -1 0
vn 0 -1 0
vn 0 -1 0
vn 0 -1 0
vn 0 -1 0
vn 0 -1 0
vn 0 -1 0
vn 0 -1 0
vn 0 -1 0
vn 0 -1 0
vn 0 -1 0
vn 0 -1 0
vn 0 -1 0
vn 0 -1 0
vn 0 -1 0
vn 0 -1 0
vn 0 -1 0
vn 0 -1 0
vn 0 -1 0
vn 0 -1 0
vn 0 -1 0
vn 0 -1 0
vn 0 -1 0
vn 0 -1 0
vn 0 -1 0
vn 0 -1 0
vn 0 -1 0
vn 0 -1 0
vn 0 -1 0
vn 0 -1 0
vn 0 -1 0
vn 0 -1 0
vn 0 -1 0
vn 0 -1 0
vn 0 -1 0
vn 0 -1 0
vn 0 -1 0
vn 0 -1 0
vn 0 -1 0
vn 0 -1 0
vn 0 -1 0
vn 0 -1 0
vn 0 -1 0
vn 0 -1 0
vn 0 -1 0
vn 0 -1 0
vn 0 -1 0
vn 0 -1 0
vn 0 -1 0
vn 0 -1 0
vn 0 -1 0
vn 0 -1 0
vn 0 -1 0
vn 0 -1 0
vn 0 -1 0
vn 0 -1 0
vn 0 -1 0
vn 0 -1 0
vn 0 -1 0
vn 0 -1 0
vn 0 -1 0
vn 0 -1 0
vn 0 -1 0
vn 0 -1 0
vn 0 -1 0
vn 0 -1 0
vn 0 -1 0
vn 0 -1 0
vn 0 -1 0
vn 0 -1 0
vn 0 -1 0
vn 0 -1 0
vn 0 -1 0
vn 0 -1 0
vn 0 -1 0
vn 0 -1 0
vn 0 -1 0
vn 0 -1 0
vn 0 -1 -0
vn 0 -1 -0
vn 0 -1 0
vn -0 -1 0
vn 0 -1 0
vn 0 -1 0
vn -0 -1 0
vn 0 -1 0
vn 0 -1 0
vn 0 -1 0
vn 0 -1 0
vn 0 -1 0
vn 0 -1 0
vn 0 -1 0
vn 0 -1 0
vn 0 -1 0
vn 0 -1 0
vn 0 -1 0
vn 0 -1 0
vn 0 -1 0
vn 0 -1 0
vn 0 -1 0
vn 0 -1 0
vn 0 -1 0
vn 0 -1 0
vn 0 -1 0
vn 0 -1 0
vn 0 -1 0
vn 0 -1 0
vn 0 -1 0
vn 0 -1 0
vn 0 -1 0
vn 0 -1 0
vn 0 -1 0
vn 0 -1 0
vn 0 -1 0
vn 0 -1 0
vn 0 -1 0
vn 0 -1 0
vn 0 -1 0
vn 0 -1 0
vn 0 -1 0
vn 0 -1 0
vn 0 -1 0
vn 0 -1 0
vn 0 -1 0
vn 0 -1 0
vn 0 -1 0
vn 0 -1 0
vn 0 -1 0
vn 0 -1 0
vn 0 -1 0
vn 0 -1 0
vn 0 -1 0
vn 0 -1 0
vn 0 -1 0
vn 0 -1 0
vn 0 -1 0
vn 0 -1 0
vn 0 -1 0
vn 0 -1 0
vn 0 -1 0
vn 0 -1 0
vn 0 -1 0
vn 0 -1 0
vn 0 -1 0
vn 0 -1 0
vn 0 -1 0
vn 0 -1 0
vn 0 -1 0
vn 0 -1 0
vn 0 -1 0
vn 0 -1 0
vn 0 -1 0
vn 0 -1 0
vn 0 -1 0
vn 0 -1 0
vn 0 -1 0
vn 0 -1 0
vn 0 -1 0
vn 0 -1 0
vn 0 -1 0
vn 0 -1 0
vn 0 -1 0
vn 0 -1 0
vn 0 -1 0
vn 0 -1 0
vn 0 -1 0
vn 0 -1 0
vn 0 -1 0
vn 0 -1 0
vn 0 -1 0
vn 0 -1 0
vn 0 -1 0
vn 0 -1 0
vn 0 -1 0
vn 0 -1 0
vn 0 -1 0
vn 0 -1 0
vn 0 -1 0
vn 0 -1 0
vn 0 -1 0
vn 0 -1 0
vn 0 -1 0
vn 0 -1 0
vn 0 -1 0
vn 0 -1 0
vn 0 -1 0
vn 0 -1 0
vn 0 -1 0
vn 0 -1 0
vn 0 -1 0
vn 0 -1 0
vn 0 -1 0
vn 0 -1 0
vn 0 -1 0
vn 0 -1 0
vn 0 -1 0
vn 0 -1 0
vn 0 -1 0
vn 0 -1 -0
vn 0 -1 -0
vn 0 -1 0
vn -0 -1 0
vn -0 -1 0
vn 0 -1 0
vn -0 -1 0
vn -0 -1 0
vn -0 -1 0
vn 0 -1 0
vn 0 -1 0
vn -0 -1 0
vn -0 -1 0
vn 0 -1 0
vn 0 -1 0
vn -0 -1 0
vn -0 -1 0
vn 0 -1 0
vn 0 -1 0
vn -0 -1 0
vn -0 -1 0
vn 0 -1 0
vn 0 -1 0
vn -0 -1 0
vn -0 -1 0
vn 0 -1 0
vn 0 -1 0
vn -0 -1 0
vn -0 -1 0
vn 0 -1 0
vn 0 -1 0
vn -0 -1 0
vn -0 -1 0
vn 0 -1 0
vn 0 -1 0
vn -0 -1 0
vn -0 -1 0
vn 0 -1 0
vn 0 -1 0
vn -0 -1 0
vn -0 -1 0
vn 0 -1 0
vn 0 -1 0
vn -0 -1 0
vn -0 -1 0
vn 0 -1 0
vn 0 -1 0
vn -0 -1 0
vn -0 -1 0
vn 0 -1 0
vn 0 -1 0
vn -0 -1 0
vn -0 -1 0
vn 0 -1 0
vn 0 -1 0
vn -0 -1 0
vn -0 -1 0
vn 0 -1 0
vn 0 -1 0
vn -0 -1 0
vn -0 -1 0
vn 0 -1 0
vn 0 -1 0
vn -0 -1 0
vn -0 -1 0
vn 0 -1 0
vn 0 -1 0
vn -0 -1 0
vn -0 -1 0
vn 0 -1 0
vn 0 -1 0
vn -0 -1 0
vn -0 -1 0
vn 0 -1 0
vn 0 -1 0
vn -0 -1 0
vn -0 -1 0
vn 0 -1 0
vn 0 -1 0
vn -0 -1 0
vn -0 -1 0
vn 0 -1 0
vn 0 -1 0
vn -0 -1 0
vn -0 -1 0
vn 0 -1 0
vn 0 -1 0
vn -0 -1 0
vn -0 -1 0
vn 0 -1 0
vn 0 -1 0
vn -0 -1 0
vn -0 -1 0
vn 0 -1 0
vn 0 -1 0
vn -0 -1 0
vn -0 -1 0
vn 0 -1 0
vn 0 -1 0
vn -0 -1 0
vn -0 -1 0
vn 0 -1 0
vn 0 -1 0
vn -0 -1 0
vn -0 -1 0
vn 0 -1 0
vn 0 -1 0
vn -0 -1 0
vn -0 -1 0
vn 0 -1 0
vn 0 -1 0
vn -0 -1 0
vn -0 -1 0
vn 0 -1 0
vn 0 -1 0
vn -0 -1 0
vn -0 -1 0
vn 0 -1 0
vn 0 -1 0
vn -0 -1 0
vn -0 -1 -0
vn 0 -1 -0
vn 0 -1 0
vn -0 -1 0
vn 0 -1 0
vn 0 -1 -0
vn -0 -1 -0
vn 0 -1 0
vn 0 -1 0
vn 0 -1 -0
vn 0 -1 -0
vn 0 -1 0
vn 0 -1 0
vn 0 -1 -0
vn 0 -1 -0
vn 0 -1 0
vn 0 -1 0
vn 0 -1 -0
vn 0 -1 -0
vn 0 -1 0
vn 0 -1 0
vn 0 -1 -0
vn 0 -1 -0
vn 0 -1 0
vn 0 -1 0
vn 0 -1 -0
vn 0 -1 -0
vn 0 -1 0
vn 0 -1 0
vn 0 -1 -0
vn 0 -1 -0
vn 0 -1 0
vn 0 -1 0
vn 0 -1 -0
vn 0 -1 -0
vn 0 -1 0
vn 0 -1 0
vn 0 -1 -0
vn 0 -1 -0
vn 0 -1 0
vn 0 -1 0
vn 0 -1 -0
vn 0 -1 -0
vn 0 -1 0
vn 0 -1 0
vn 0 -1 -0
vn 0 -1 -0
vn 0 -1 0
vn 0 -1 0
vn 0 -1 -0
vn 0 -1 -0
vn 0 -1 0
vn 0 -1 0
vn 0 -1 -0
vn 0 -1 -0
vn 0 -1 0
vn 0 -1 0
vn 0 -1 -0
vn 0 -1 -0
vn 0 -1 0
vn 0 -1 0
vn 0 -1 -0
vn 0 -1 -0
vn 0 -1 0
vn 0 -1 0
vn 0 -1 -0
vn 0 -1 -0
vn 0 -1 0
vn 0 -1 0
vn 0 -1 -0
vn 0 -1 -0
vn 0 -1 0
vn 0 -1 0
vn 0 -1 -0
vn 0 -1 -0
vn 0 -1 0
vn 0 -1 0
vn 0 -1 -0
vn 0 -1 -0
vn 0 -1 0
vn 0 -1 0
vn 0 -1 -0
vn 0 -1 -0
vn 0 -1 0
vn 0 -1 0
vn 0 -1 -0
vn 0 -1 -0
vn 0 -1 0
vn 0 -1 0
vn 0 -1 -0
vn 0 -1 -0
vn 0 -1 0
vn 0 -1 0
vn 0 -1 -0
vn 0 -1 -0
vn 0 -1 0
vn 0 -1 0
vn 0 -1 -0
vn 0 -1 -0
vn 0 -1 0
vn 0 -1 0
vn 0 -1 -0
vn 0 -1 -0
vn 0 -1 0
vn 0 -1 0
vn 0 -1 -0
vn 0 -1 -0
vn 0 -1 0
vn 0 -1 0
vn 0 -1 -0
vn 0 -1 -0
vn 0 -1 0
vn 0 -1 0
vn 0 -1 -0
vn 0 -1 -0
vn 0 -1 0
vn 0 -1 0
vn 0 -1 -0
vn 0 -1 -0
vn 0 -1 0
vn 0 -1 -0
vn 0 -1 -0
vn 0 -1 -0
vn -0 -1 0
vn 0 -1 0
vn 0 -1 0
vn -0 -1 0
vn 0 -1 0
vn 0 -1 0
vn 0 -1 0
vn 0 -1 0
vn 0 -1 0
vn 0 -1 0
vn 0 -1 0
vn 0 -1 0
vn 0 -1 0
vn 0 -1 0
vn 0 -1 0
vn 0 -1 0
vn 0 -1 0
vn 0 -1 0
vn 0 -1 0
vn 0 -1 0
vn 0 -1 0
vn 0 -1 0
vn 0 -1 0
vn 0 -1 0
vn 0 -1 0
vn 0 -1 0
vn 0 -1 0
vn 0 -1 0
vn 0 -1 0
vn 0 -1 0
vn 0 -1 0
vn 0 -1 0
vn 0 -1 0
vn 0 -1 0
vn 0 -1 0
vn 0 -1 0
vn 0 -1 0
vn 0 -1 0
vn 0 -1 0
vn 0 -1 0
vn 0 -1 0
vn 0 -1 0
vn 0 -1 0
vn 0 -1 0
vn 0 -1 0
vn 0 -1 0
vn 0 -1 0
vn 0 -1 0
vn 0 -1 0
vn 0 -1 0
vn 0 -1 0
vn 0 -1 0
vn 0 -1 0
vn 0 -1 0
vn 0 -1 0
vn 0 -1 0
vn 0 -1 0
vn 0 -1 0
vn 0 -1 0
vn 0 -1 0
vn 0 -1 0
vn 0 -1 0
vn 0 -1 0
vn 0 -1 0
vn 0 -1 0
vn 0 -1 0
vn 0 -1 0
vn 0 -1 0
vn 0 -1 0
vn 0 -1 0
vn 0 -1 0
vn 0 -1 0
vn 0 -1 0
vn 0 -1 0
vn 0 -1 0
vn 0 -1 0
vn 0 -1 0
vn 0 -1 0
vn 0 -1 0
vn 0 -1 0
vn 0 -1 0
vn 0 -1 0
vn 0 -1 0
vn 0 -1 0
vn 0 -1 0
vn 0 -1 0
vn 0 -1 0
vn 0 -1 0
vn 0 -1 0
vn 0 -1 0
vn 0 -1 0
vn 0 -1 0
vn 0 -1 0
vn 0 -1 0
vn 0 -1 0
vn 0 -1 0
vn 0 -1 0
vn 0 -1 0
vn 0 -1 0
vn 0 -1 0
vn 0 -1 0
vn 0 -1 0
vn 0 -1 0
vn 0 -1 0
vn 0 -1 0
vn 0 -1 0
vn 0 -1 0
vn 0 -1 0
vn 0 -1 0
vn 0 -1 0
vn 0 -1 0
vn 0 -1 0
vn 0 -1 0
vn 0 -1 0
vn 0 -1 0
vn 0 -1 0
vn 0 -1 0
vn 0 -1 -0
vn 0 -1 -0
vn 0 -1 0
vn -0 -1 0
vn 0 -1 0
vn 0 -1 0
vn -0 -1 0
vn 0 -1 0
vn 0 -1 0
vn 0 -1 0
vn 0 -1 0
vn 0 -1 0
vn 0 -1 0
vn 0 -1 0
vn 0 -1 0
vn 0 -1 0
vn 0 -1 0
vn 0 -1 0
vn 0 -1 0
vn 0 -1 0
vn 0 -1 0
vn 0 -1 0
vn 0 -1 0
vn 0 -1 0
vn 0 -1 0
vn 0 -1 0
vn 0 -1 0
vn 0 -1 0
vn 0 -1 0
vn 0 -1 0
vn 0 -1 0
vn 0 -1 0
vn 0 -1 0
vn 0 -1 0
vn 0 -1 0
vn 0 -1 0
vn 0 -1 0
vn 0 -1 0
vn 0 -1 0
vn 0 -1 0
vn 0 -1 0
vn 0 -1 0
vn 0 -1 0
vn 0 -1 0
vn 0 -1 0
vn 0 -1 0
vn 0 -1 0
vn 0 -1 0
vn 0 -1 0
vn 0 -1 0
vn 0 -1 0
vn 0 -1 0
vn 0 -1 0
vn 0 -1 0
vn 0 -1 0
vn 0 -1 0
vn 0 -1 0
vn 0 -1 0
vn 0 -1 0
vn 0 -1 0
vn 0 -1 0
vn 0 -1 0
vn 0 -1 0
vn 0 -1 0
vn 0 -1 0
vn 0 -1 0
vn 0 -1 0
vn 0 -1 0
vn 0 -1 0
vn 0 -1 0
vn 0 -1 0
vn 0 -1 0
vn 0 -1 0
vn 0 -1 0
vn 0 -1 0
vn 0 -1 0
vn 0 -1 0
vn 0 -1 0
vn 0 -1 0
vn 0 -1 0
vn 0 -1 0
vn 0 -1 0
vn 0 -1 0
vn 0 -1 0
vn 0 -1 0
vn 0 -1 0
vn 0 -1 0
vn 0 -1 0
vn 0 -1 0
vn 0 -1 0
vn 0 -1 0
vn 0 -1 0
vn 0 -1 0
vn 0 -1 0
vn 0 -1 0
vn 0 -1 0
vn 0 -1 0
vn 0 -1 0
vn 0 -1 0
vn 0 -1 0
vn 0 -1 0
vn 0 -1 0
vn 0 -1 0
vn 0 -1 0
vn 0 -1 0
vn 0 -1 0
vn 0 -1 0
vn 0 -1 0
vn 0 -1 0
vn 0 -1 0
vn 0 -1 0
vn 0 -1 0
vn 0 -1 0
vn 0 -1 0
vn 0 -1 0
vn 0 -1 0
vn 0 -1 0
vn 0 -1 0
vn 0 -1 0
vn 0 -1 0
vn 0 -1 -0
vn 0 -1 -0
vn 0 -1 0
vn -0 -1 0
vn 0 -1 0
vn 0 -1 0
vn -0 -1 0
vn 0 -1 0
vn 0 -1 0
vn 0 -1 0
vn 0 -1 0
vn 0 -1 0
vn 0 -1 0
vn 0 -1 0
vn 0 -1 0
vn 0 -1 0
vn 0 -1 0
vn 0 -1 0
vn 0 -1 0
vn 0 -1 0
vn 0 -1 0
vn 0 -1 0
vn 0 -1 0
vn 0 -1 0
vn 0 -1 0
vn 0 -1 0
vn 0 -1 0
vn 0 -1 0
vn 0 -1 0
vn 0 -1 0
vn 0 -1 0
vn 0 -1 0
vn 0 -1 0
vn 0 -1 0
vn 0 -1 0
vn 0 -1 0
vn 0 -1 0
vn 0 -1 0
vn 0 -1 0
vn 0 -1 0
vn 0 -1 0
vn 0 -1 0
vn 0 -1 0
vn 0 -1 0
vn 0 -1 0
vn 0 -1 0
vn 0 -1 0
vn 0 -1 0
vn 0 -1 0
vn 0 -1 0
vn 0 -1 0
vn 0 -1 0
vn 0 -1 0
vn 0 -1 0
vn 0 -1 0
vn 0 -1 0
vn 0 -1 0
vn 0 -1 0
vn 0 -1 0
vn 0 -1 0
vn 0 -1 0
vn 0 -1 0
vn 0 -1 0
vn 0 -1 0
vn 0 -1 0
vn 0 -1 0
vn 0 -1 0
vn 0 -1 0
vn 0 -1 0
vn 0 -1 0
vn 0 -1 0
vn 0 -1 0
vn 0 -1 0
vn 0 -1 0
vn 0 -1 0
vn 0 -1 0
vn 0 -1 0
vn 0 -1 0
vn 0 -1 0
vn 0 -1 0
vn 0 -1 0
vn 0 -1 0
vn 0 -1 0
vn 0 -1 0
vn 0 -1 0
vn 0 -1 0
vn 0 -1 0
vn 0 -1 0
vn 0 -1 0
vn 0 -1 0
vn 0 -1 0
vn 0 -1 0
vn 0 -1 0
vn 0 -1 0
vn 0 -1 0
vn 0 -1 0
vn 0 -1 0
vn 0 -1 0
vn 0 -1 0
vn 0 -1 0
vn 0 -1 0
vn 0 -1 0
vn 0 -1 0
vn 0 -1 0
vn 0 -1 0
vn 0 -1 0
vn 0 -1 0
vn 0 -1 0
vn 0 -1 0
vn 0 -1 0
vn 0 -1 0
vn 0 -1 0
vn 0 -1 0
vn 0 -1 0
vn 0 -1 0
vn 0 -1 0
vn 0 -1 0
vn 0 -1 0
vn 0 -1 0
vn 0 -1 0
vn 0 -1 -0
vn 0 -1 -0
vn 0 -1 0
vn -0 -1 0
vn 0 -1 0
vn 0 -1 0
vn -0 -1 0
vn 0 -1 0
vn 0 -1 0
vn 0 -1 0
vn 0 -1 0
vn 0 -1 0
vn 0 -1 0
vn 0 -1 0
vn 0 -1 0
vn 0 -1 0
vn 0 -1 0
vn 0 -1 0
vn 0 -1 0
vn 0 -1 0
vn 0 -1 0
vn 0 -1 0
vn 0 -1 0
vn 0 -1 0
vn 0 -1 0
vn 0 -1 0
vn 0 -1 0
vn 0 -1 0
vn 0 -1 0
vn 0 -1 0
vn 0 -1 0
vn 0 -1 0
vn 0 -1 0
vn 0 -1 0
vn 0 -1 0
vn 0 -1 0
vn 0 -1 0
vn 0 -1 0
vn 0 -1 0
vn 0 -1 0
vn 0 -1 0
vn 0 -1 0
vn 0 -1 0
vn 0 -1 0
vn 0 -1 0
vn 0 -1 0
vn 0 -1 0
vn 0 -1 0
vn 0 -1 0
vn 0 -1 0
vn 0 -1 0
vn 0 -1 0
vn 0 -1 0
vn 0 -1 0
vn 0 -1 0
vn 0 -1 0
vn 0 -1 0
vn 0 -1 0
vn 0 -1 0
vn 0 -1 0
vn 0 -1 0
vn 0 -1 0
vn 0 -1 0
vn 0 -1 0
vn 0 -1 0
vn 0 -1 0
vn 0 -1 0
vn 0 -1 0
vn 0 -1 0
vn 0 -1 0
vn 0 -1 0
vn 0 -1 0
vn 0 -1 0
vn 0 -1 0
vn 0 -1 0
vn 0 -1 0
vn 0 -1 0
vn 0 -1 0
vn 0 -1 0
vn 0 -1 0
vn 0 -1 0
vn 0 -1 0
vn 0 -1 0
vn 0 -1 0
vn 0 -1 0
vn 0 -1 0
vn 0 -1 0
vn 0 -1 0
vn 0 -1 0
vn 0 -1 0
vn 0 -1 0
vn 0 -1 0
vn 0 -1 0
vn 0 -1 0
vn 0 -1 0
vn 0 -1 0
vn 0 -1 0
vn 0 -1 0
vn 0 -1 0
vn 0 -1 0
vn 0 -1 0
vn 0 -1 0
vn 0 -1 0
vn 0 -1 0
vn 0 -1 0
vn 0 -1 0
vn 0 -1 0
vn 0 -1 0
vn 0 -1 0
vn 0 -1 0
vn 0 -1 0
vn 0 -1 0
vn 0 -1 0
vn 0 -1 0
vn 0 -1 0
vn 0 -1 0
vn 0 -1 0
vn 0 -1 0
vn 0 -1 0
vn 0 -1 0
vn 0 -1 -0
vn 0 -1 -0
vn 0 -1 0
vn -0 -1 0
vn 0 -1 0
vn 0 -1 0
vn -0 -1 0
vn 0 -1 0
vn 0 -1 0
vn 0 -1 0
vn 0 -1 0
vn 0 -1 0
vn 0 -1 0
vn 0 -1 0
vn 0 -1 0
vn 0 -1 0
vn 0 -1 0
vn 0 -1 0
vn 0 -1 0
vn 0 -1 0
vn 0 -1 0
vn 0 -1 0
vn 0 -1 0
vn 0 -1 0
vn 0 -1 0
vn 0 -1 0
vn 0 -1 0
vn 0 -1 0
vn 0 -1 0
vn 0 -1 0
vn 0 -1 0
vn 0 -1 0
vn 0 -1 0
vn 0 -1 0
vn 0 -1 0
vn 0 -1 0
vn 0 -1 0
vn 0 -1 0
vn 0 -1 0
vn 0 -1 0
vn 0 -1 0
vn 0 -1 0
vn 0 -1 0
vn 0 -1 0
vn 0 -1 0
vn 0 -1 0
vn 0 -1 0
vn 0 -1 0
vn 0 -1 0
vn 0 -1 0
vn 0 -1 0
vn 0 -1 0
vn 0 -1 0
vn 0 -1 0
vn 0 -1 0
vn 0 -1 0
vn 0 -1 0
vn 0 -1 0
vn 0 -1 0
vn 0 -1 0
vn 0 -1 0
vn 0 -1 0
vn 0 -1 0
vn 0 -1 0
vn 0 -1 0
vn 0 -1 0
vn 0 -1 0
vn 0 -1 0
vn 0 -1 0
vn 0 -1 0
vn 0 -1 0
vn 0 -1 0
vn 0 -1 0
vn 0 -1 0
vn 0 -1 0
vn 0 -1 0
vn 0 -1 0
vn 0 -1 0
vn 0 -1 0
vn 0 -1 0
vn 0 -1 0
vn 0 -1 0
vn 0 -1 0
vn 0 -1 0
vn 0 -1 0
vn 0 -1 0
vn 0 -1 0
vn 0 -1 0
vn 0 -1 0
vn 0 -1 0
vn 0 -1 0
vn 0 -1 0
vn 0 -1 0
vn 0 -1 0
vn 0 -1 0
vn 0 -1 0
vn 0 -1 0
vn 0 -1 0
vn 0 -1 0
vn 0 -1 0
vn 0 -1 0
vn 0 -1 0
vn 0 -1 0
vn 0 -1 0
vn 0 -1 0
vn 0 -1 0
vn 0 -1 0
vn 0 -1 0
vn 0 -1 0
vn 0 -1 0
vn 0 -1 0
vn 0 -1 0
vn 0 -1 0
vn 0 -1 0
vn 0 -1 0
vn 0 -1 0
vn 0 -1 0
vn 0 -1 0
vn 0 -1 0
vn 0 -1 0
vn 0 -1 -0
vn 0 -1 -0
vn 0 -1 0
vn -0 -1 0
vn 0 -1 0
vn 0 -1 0
vn -0 -1 0
vn 0 -1 0
vn 0 -1 0
vn 0 -1 0
vn 0 -1 0
vn 0 -1 0
vn 0 -1 0
vn 0 -1 0
vn 0 -1 0
vn 0 -1 0
vn 0 -1 0
vn 0 -1 0
vn 0 -1 0
vn 0 -1 0
vn 0 -1 0
vn 0 -1 0
vn 0 -1 0
vn 0 -1 0
vn 0 -1 0
vn 0 -1 0
vn 0 -1 0
vn 0 -1 0
vn 0 -1 0
vn 0 -1 0
vn 0 -1 0
vn 0 -1 0
vn 0 -1 0
vn 0 -1 0
vn 0 -1 0
vn 0 -1 0
vn 0 -1 0
vn 0 -1 0
vn 0 -1 0
vn 0 -1 0
vn 0 -1 0
vn 0 -1 0
vn 0 -1 0
vn 0 -1 0
vn 0 -1 0
vn 0 -1 0
vn 0 -1 0
vn 0 -1 0
vn 0 -1 0
vn 0 -1 0
vn 0 -1 0
vn 0 -1 0
vn 0 -1 0
vn 0 -1 0
vn 0 -1 0
vn 0 -1 0
vn 0 -1 0
vn 0 -1 0
vn 0 -1 0
vn 0 -1 0
vn 0 -1 0
vn 0 -1 0
vn 0 -1 0
vn 0 -1 0
vn 0 -1 0
vn 0 -1 0
vn 0 -1 0
vn 0 -1 0
vn 0 -1 0
vn 0 -1 0
vn 0 -1 0
vn 0 -1 0
vn 0 -1 0
vn 0 -1 0
vn 0 -1 0
vn 0 -1 0
vn 0 -1 0
vn 0 -1 0
vn 0 -1 0
vn 0 -1 0
vn 0 -1 0
vn 0 -1 0
vn 0 -1 0
vn 0 -1 0
vn 0 -1 0
vn 0 -1 0
vn 0 -1 0
vn 0 -1 0
vn 0 -1 0
vn 0 -1 0
vn 0 -1 0
vn 0 -1 0
vn 0 -1 0
vn 0 -1 0
vn 0 -1 0
vn 0 -1 0
vn 0 -1 0
vn 0 -1 0
vn 0 -1 0
vn 0 -1 0
vn 0 -1 0
vn 0 -1 0
vn 0 -1 0
vn 0 -1 0
vn 0 -1 0
vn 0 -1 0
vn 0 -1 0
vn 0 -1 0
vn 0 -1 0
vn 0 -1 0
vn 0 -1 0
vn 0 -1 0
vn 0 -1 0
vn 0 -1 0
vn 0 -1 0
vn 0 -1 0
vn 0 -1 0
vn 0 -1 0
vn 0 -1 0
vn 0 -1 0
vn 0 -1 -0
vn 0 -1 -0
vn 0 -1 0
vn -0 -1 0
vn 0 -1 0
vn 0 -1 0
vn -0 -1 0
vn 0 -1 0
vn 0 -1 0
vn 0 -1 0
vn 0 -1 0
vn 0 -1 0
vn 0 -1 0
vn 0 -1 0
vn 0 -1 0
vn 0 -1 0
vn 0 -1 0
vn 0 -1 0
vn 0 -1 0
vn 0 -1 0
vn 0 -1 0
vn 0 -1 0
vn 0 -1 0
vn 0 -1 0
vn 0 -1 0
vn 0 -1 0
vn 0 -1 0
vn 0 -1 0
vn 0 -1 0
vn 0 -1 0
vn 0 -1 0
vn 0 -1 0
vn 0 -1 0
vn 0 -1 0
vn 0 -1 0
vn 0 -1 0
vn 0 -1 0
vn 0 -1 0
vn 0 -1 0
vn 0 -1 0
vn 0 -1 0
vn 0 -1 0
vn 0 -1 0
vn 0 -1 0
vn 0 -1 0
vn 0 -1 0
vn 0 -1 0
vn 0 -1 0
vn 0 -1 0
vn 0 -1 0
vn 0 -1 0
vn 0 -1 0
vn 0 -1 0
vn 0 -1 0
vn 0 -1 0
vn 0 -1 0
vn 0 -1 0
vn 0 -1 0
vn 0 -1 0
vn 0 -1 0
vn 0 -1 0
vn 0 -1 0
vn 0 -1 0
vn 0 -1 0
vn 0 -1 0
vn 0 -1 0
vn 0 -1 0
vn 0 -1 0
vn 0 -1 0
vn 0 -1 0
vn 0 -1 0
vn 0 -1 0
vn 0 -1 0
vn 0 -1 0
vn 0 -1 0
vn 0 -1 0
vn 0 -1 0
vn 0 -1 0
vn 0 -1 0
vn 0 -1 0
vn 0 -1 0
vn 0 -1 0
vn 0 -1 0
vn 0 -1 0
vn 0 -1 0
vn 0 -1 0
vn 0 -1 0
vn 0 -1 0
vn 0 -1 0
vn 0 -1 0
vn 0 -1 0
vn 0 -1 0
vn 0 -1 0
vn 0 -1 0
vn 0 -1 0
vn 0 -1 0
vn 0 -1 0
vn 0 -1 0
vn 0 -1 0
vn 0 -1 0
vn 0 -1 0
vn 0 -1 0
vn 0 -1 0
vn 0 -1 0
vn 0 -1 0
vn 0 -1 0
vn 0 -1 0
vn 0 -1 0
vn 0 -1 0
vn 0 -1 0
vn 0 -1 0
vn 0 -1 0
vn 0 -1 0
vn 0 -1 0
vn 0 -1 0
vn 0 -1 0
vn 0 -1 0
vn 0 -1 0
vn 0 -1 0
vn 0 -1 0
vn 0 -1 -0
vn 0 -1 -0
vn 0 -1 0
vn -0 -1 0
vn 0 -1 0
vn 0 -1 0
vn -0 -1 0
vn 0 -1 0
vn 0 -1 0
vn 0 -1 0
vn 0 -1 0
vn 0 -1 0
vn 0 -1 0
vn 0 -1 0
vn 0 -1 0
vn 0 -1 0
vn 0 -1 0
vn 0 -1 0
vn 0 -1 0
vn 0 -1 0
vn 0 -1 0
vn 0 -1 0
vn 0 -1 0
vn 0 -1 0
vn 0 -1 0
vn 0 -1 0
vn 0 -1 0
vn 0 -1 0
vn 0 -1 0
vn 0 -1 0
vn 0 -1 0
vn 0 -1 0
vn 0 -1 0
vn 0 -1 0
vn 0 -1 0
vn 0 -1 0
vn 0 -1 0
vn 0 -1 0
vn 0 -1 0
vn 0 -1 0
vn 0 -1 0
vn 0 -1 0
vn 0 -1 0
vn 0 -1 0
vn 0 -1 0
vn 0 -1 0
vn 0 -1 0
vn 0 -1 0
vn 0 -1 0
vn 0 -1 0
vn 0 -1 0
vn 0 -1 0
vn 0 -1 0
vn 0 -1 0
vn 0 -1 0
vn 0 -1 0
vn 0 -1 0
vn 0 -1 0
vn 0 -1 0
vn 0 -1 0
vn 0 -1 0
vn 0 -1 0
vn 0 -1 0
vn 0 -1 0
vn 0 -1 0
vn 0 -1 0
vn 0 -1 0
vn 0 -1 0
vn 0 -1 0
vn 0 -1 0
vn 0 -1 0
vn 0 -1 0
vn 0 -1 0
vn 0 -1 0
vn 0 -1 0
vn 0 -1 0
vn 0 -1 0
vn 0 -1 0
vn 0 -1 0
vn 0 -1 0
vn 0 -1 0
vn 0 -1 0
vn 0 -1 0
vn 0 -1 0
vn 0 -1 0
vn 0 -1 0
vn 0 -1 0
vn 0 -1 0
vn 0 -1 0
vn 0 -1 0
vn 0 -1 0
vn 0 -1 0
vn 0 -1 0
vn 0 -1 0
vn 0 -1 0
vn 0 -1 0
vn 0 -1 0
vn 0 -1 0
vn 0 -1 0
vn 0 -1 0
vn 0 -1 0
vn 0 -1 0
vn 0 -1 0
vn 0 -1 0
vn 0 -1 0
vn 0 -1 0
vn 0 -1 0
vn 0 -1 0
vn 0 -1 0
vn 0 -1 0
vn 0 -1 0
vn 0 -1 0
vn 0 -1 0
vn 0 -1 0
vn 0 -1 0
vn 0 -1 0
vn 0 -1 0
vn 0 -1 0
vn 0 -1 0
vn 0 -1 0
vn 0 -1 -0
vn 0 -1 -0
vn 0 -1 0
vn -0 -1 0
vn 0 -1 0
vn 0 -1 0
vn -0 -1 0
vn 0 -1 0
vn 0 -1 0
vn 0 -1 0
vn 0 -1 0
vn 0 -1 0
vn 0 -1 0
vn 0 -1 0
vn 0 -1 0
vn 0 -1 0
vn 0 -1 0
vn 0 -1 0
vn 0 -1 0
vn 0 -1 0
vn 0 -1 0
vn 0 -1 0
vn 0 -1 0
vn 0 -1 0
vn 0 -1 0
vn 0 -1 0
vn 0 -1 0
vn 0 -1 0
vn 0 -1 0
vn 0 -1 0
vn 0 -1 0
vn 0 -1 0
vn 0 -1 0
vn 0 -1 0
vn 0 -1 0
vn 0 -1 0
vn 0 -1 0
vn 0 -1 0
vn 0 -1 0
vn 0 -1 0
vn 0 -1 0
vn 0 -1 0
vn 0 -1 0
vn 0 -1 0
vn 0 -1 0
vn 0 -1 0
vn 0 -1 0
vn 0 -1 0
vn 0 -1 0
vn 0 -1 0
vn 0 -1 0
vn 0 -1 0
vn 0 -1 0
vn 0 -1 0
vn 0 -1 0
vn 0 -1 0
vn 0 -1 0
vn 0 -1 0
vn 0 -1 0
vn 0 -1 0
vn 0 -1 0
vn 0 -1 0
vn 0 -1 0
vn 0 -1 0
vn 0 -1 0
vn 0 -1 0
vn 0 -1 0
vn 0 -1 0
vn 0 -1 0
vn 0 -1 0
vn 0 -1 0
vn 0 -1 0
vn 0 -1 0
vn 0 -1 0
vn 0 -1 0
vn 0 -1 0
vn 0 -1 0
vn 0 -1 0
vn 0 -1 0
vn 0 -1 0
vn 0 -1 0
vn 0 -1 0
vn 0 -1 0
vn 0 -1 0
vn 0 -1 0
vn 0 -1 0
vn 0 -1 0
vn 0 -1 0
vn 0 -1 0
vn 0 -1 0
vn 0 -1 0
vn 0 -1 0
vn 0 -1 0
vn 0 -1 0
vn 0 -1 0
vn 0 -1 0
vn 0 -1 0
vn 0 -1 0
vn 0 -1 0
vn 0 -1 0
vn 0 -1 0
vn 0 -1 0
vn 0 -1 0
vn 0 -1 0
vn 0 -1 0
vn 0 -1 0
vn 0 -1 0
vn 0 -1 0
vn 0 -1 0
vn 0 -1 0
vn 0 -1 0
vn 0 -1 0
vn 0 -1 0
vn 0 -1 0
vn 0 -1 0
vn 0 -1 0
vn 0 -1 0
vn 0 -1 0
vn 0 -1 0
vn 0 -1 0
vn 0 -1 -0
vn 0 -1 -0
vn 0 -1 0
vn -0 -1 0
vn 0 -1 0
vn 0 -1 0
vn -0 -1 0
vn 0 -1 0
vn 0 -1 0
vn 0 -1 0
vn 0 -1 0
vn 0 -1 0
vn 0 -1 0
vn 0 -1 0
vn 0 -1 0
vn 0 -1 0
vn 0 -1 0
vn 0 -1 0
vn 0 -1 0
vn 0 -1 0
vn 0 -1 0
vn 0 -1 0
vn 0 -1 0
vn 0 -1 0
vn 0 -1 0
vn 0 -1 0
vn 0 -1 0
vn 0 -1 0
vn 0 -1 0
vn 0 -1 0
vn 0 -1 0
vn 0 -1 0
vn 0 -1 0
vn 0 -1 0
vn 0 -1 0
vn 0 -1 0
vn 0 -1 0
vn 0 -1 0
vn 0 -1 0
vn 0 -1 0
vn 0 -1 0
vn 0 -1 0
vn 0 -1 0
vn 0 -1 0
vn 0 -1 0
vn 0 -1 0
vn 0 -1 0
vn 0 -1 0
vn 0 -1 0
vn 0 -1 0
vn 0 -1 0
vn 0 -1 0
vn 0 -1 0
vn 0 -1 0
vn 0 -1 0
vn 0 -1 0
vn 0 -1 0
vn 0 -1 0
vn 0 -1 0
vn 0 -1 0
vn 0 -1 0
vn 0 -1 0
vn 0 -1 0
vn 0 -1 0
vn 0 -1 0
vn 0 -1 0
vn 0 -1 0
vn 0 -1 0
vn 0 -1 0
vn 0 -1 0
vn 0 -1 0
vn 0 -1 0
vn 0 -1 0
vn 0 -1 0
vn 0 -1 0
vn 0 -1 0
vn 0 -1 0
vn 0 -1 0
vn 0 -1 0
vn 0 -1 0
vn 0 -1 0
vn 0 -1 0
vn 0 -1 0
vn 0 -1 0
vn 0 -1 0
vn 0 -1 0
vn 0 -1 0
vn 0 -1 0
vn 0 -1 0
vn 0 -1 0
vn 0 -1 0
vn 0 -1 0
vn 0 -1 0
vn 0 -1 0
vn 0 -1 0
vn 0 -1 0
vn 0 -1 0
vn 0 -1 0
vn 0 -1 0
vn 0 -1 0
vn 0 -1 0
vn 0 -1 0
vn 0 -1 0
vn 0 -1 0
vn 0 -1 0
vn 0 -1 0
vn 0 -1 0
vn 0 -1 0
vn 0 -1 0
vn 0 -1 0
vn 0 -1 0
vn 0 -1 0
vn 0 -1 0
vn 0 -1 0
vn 0 -1 0
vn 0 -1 0
vn 0 -1 0
vn 0 -1 0
vn 0 -1 0
vn 0 -1 0
vn 0 -1 -0
vn 0 -1 -0
vn 0 -1 0
vn -0 -1 0
vn 0 -1 0
vn 0 -1 0
vn -0 -1 0
vn 0 -1 0
vn 0 -1 0
vn 0 -1 0
vn 0 -1 0
vn 0 -1 0
vn 0 -1 0
vn 0 -1 0
vn 0 -1 0
vn 0 -1 0
vn 0 -1 0
vn 0 -1 0
vn 0 -1 0
vn 0 -1 0
vn 0 -1 0
vn 0 -1 0
vn 0 -1 0
vn 0 -1 0
vn 0 -1 0
vn 0 -1 0
vn 0 -1 0
vn 0 -1 0
vn 0 -1 0
vn 0 -1 0
vn 0 -1 0
vn 0 -1 0
vn 0 -1 0
vn 0 -1 0
vn 0 -1 0
vn 0 -1 0
vn 0 -1 0
vn 0 -1 0
vn 0 -1 0
vn 0 -1 0
vn 0 -1 0
vn 0 -1 0
vn 0 -1 0
vn 0 -1 0
vn 0 -1 0
vn 0 -1 0
vn 0 -1 0
vn 0 -1 0
vn 0 -1 0
vn 0 -1 0
vn 0 -1 0
vn 0 -1 0
vn 0 -1 0
vn 0 -1 0
vn 0 -1 0
vn 0 -1 0
vn 0 -1 0
vn 0 -1 0
vn 0 -1 0
vn 0 -1 0
vn 0 -1 0
vn 0 -1 0
vn 0 -1 0
vn 0 -1 0
vn 0 -1 0
vn 0 -1 0
vn 0 -1 0
vn 0 -1 0
vn 0 -1 0
vn 0 -1 0
vn 0 -1 0
vn 0 -1 0
vn 0 -1 0
vn 0 -1 0
vn 0 -1 0
vn 0 -1 0
vn 0 -1 0
vn 0 -1 0
vn 0 -1 0
vn 0 -1 0
vn 0 -1 0
vn 0 -1 0
vn 0 -1 0
vn 0 -1 0
vn 0 -1 0
vn 0 -1 0
vn 0 -1 0
vn 0 -1 0
vn 0 -1 0
vn 0 -1 0
vn 0 -1 0
vn 0 -1 0
vn 0 -1 0
vn 0 -1 0
vn 0 -1 0
vn 0 -1 0
vn 0 -1 0
vn 0 -1 0
vn 0 -1 0
vn 0 -1 0
vn 0 -1 0
vn 0 -1 0
vn 0 -1 0
vn 0 -1 0
vn 0 -1 0
vn 0 -1 0
vn 0 -1 0
vn 0 -1 0
vn 0 -1 0
vn 0 -1 0
vn 0 -1 0
vn 0 -1 0
vn 0 -1 0
vn 0 -1 0
vn 0 -1 0
vn 0 -1 0
vn 0 -1 0
vn 0 -1 0
vn 0 -1 0
vn 0 -1 0
vn 0 -1 -0
vn 0 -1 -0
vn 0 -1 0
vn -0 -1 0
vn 0 -1 0
vn 0 -1 0
vn -0 -1 0
vn 0 -1 0
vn 0 -1 0
vn 0 -1 0
vn 0 -1 0
vn 0 -1 0
vn 0 -1 0
vn 0 -1 0
vn 0 -1 0
vn 0 -1 0
vn 0 -1 0
vn 0 -1 0
vn 0 -1 0
vn 0 -1 0
vn 0 -1 0
vn 0 -1 0
vn 0 -1 0
vn 0 -1 0
vn 0 -1 0
vn 0 -1 0
vn 0 -1 0
vn 0 -1 0
vn 0 -1 0
vn 0 -1 0
vn 0 -1 0
vn 0 -1 0
vn 0 -1 0
vn 0 -1 0
vn 0 -1 0
vn 0 -1 0
vn 0 -1 0
vn 0 -1 0
vn 0 -1 0
vn 0 -1 0
vn 0 -1 0
vn 0 -1 0
vn 0 -1 0
vn 0 -1 0
vn 0 -1 0
vn 0 -1 0
vn 0 -1 0
vn 0 -1 0
vn 0 -1 0
vn 0 -1 0
vn 0 -1 0
vn 0 -1 0
vn 0 -1 0
vn 0 -1 0
vn 0 -1 0
vn 0 -1 0
vn 0 -1 0
vn 0 -1 0
vn 0 -1 0
vn 0 -1 0
vn 0 -1 0
vn 0 -1 0
vn 0 -1 0
vn 0 -1 0
vn 0 -1 0
vn 0 -1 0
vn 0 -1 0
vn 0 -1 0
vn 0 -1 0
vn 0 -1 0
vn 0 -1 0
vn 0 -1 0
vn 0 -1 0
vn 0 -1 0
vn 0 -1 0
vn 0 -1 0
vn 0 -1 0
vn 0 -1 0
vn 0 -1 0
vn 0 -1 0
vn 0 -1 0
vn 0 -1 0
vn 0 -1 0
vn 0 -1 0
vn 0 -1 0
vn 0 -1 0
vn 0 -1 0
vn 0 -1 0
vn 0 -1 0
vn 0 -1 0
vn 0 -1 0
vn 0 -1 0
vn 0 -1 0
vn 0 -1 0
vn 0 -1 0
vn 0 -1 0
vn 0 -1 0
vn 0 -1 0
vn 0 -1 0
vn 0 -1 0
vn 0 -1 0
vn 0 -1 0
vn 0 -1 0
vn 0 -1 0
vn 0 -1 0
vn 0 -1 0
vn 0 -1 0
vn 0 -1 0
vn 0 -1 0
vn 0 -1 0
vn 0 -1 0
vn 0 -1 0
vn 0 -1 0
vn 0 -1 0
vn 0 -1 0
vn 0 -1 0
vn 0 -1 0
vn 0 -1 0
vn 0 -1 0
vn 0 -1 0
vn 0 -1 -0
vn 0 -1 -0
vn 0 -1 0
vn -0 -1 0
vn 0 -1 0
vn 0 -1 0
vn -0 -1 0
vn 0 -1 0
vn 0 -1 0
vn 0 -1 0
vn 0 -1 0
vn 0 -1 0
vn 0 -1 0
vn 0 -1 0
vn 0 -1 0
vn 0 -1 0
vn 0 -1 0
vn 0 -1 0
vn 0 -1 0
vn 0 -1 0
vn 0 -1 0
vn 0 -1 0
vn 0 -1 0
vn 0 -1 0
vn 0 -1 0
vn 0 -1 0
vn 0 -1 0
vn 0 -1 0
vn 0 -1 0
vn 0 -1 0
vn 0 -1 0
vn 0 -1 0
vn 0 -1 0
vn 0 -1 0
vn 0 -1 0
vn 0 -1 0
vn 0 -1 0
vn 0 -1 0
vn 0 -1 0
vn 0 -1 0
vn 0 -1 0
vn 0 -1 0
vn 0 -1 0
vn 0 -1 0
vn 0 -1 0
vn 0 -1 0
vn 0 -1 0
vn 0 -1 0
vn 0 -1 0
vn 0 -1 0
vn 0 -1 0
vn 0 -1 0
vn 0 -1 0
vn 0 -1 0
vn 0 -1 0
vn 0 -1 0
vn 0 -1 0
vn 0 -1 0
vn 0 -1 0
vn 0 -1 0
vn 0 -1 0
vn 0 -1 0
vn 0 -1 0
vn 0 -1 0
vn 0 -1 0
vn 0 -1 0
vn 0 -1 0
vn 0 -1 0
vn 0 -1 0
vn 0 -1 0
vn 0 -1 0
vn 0 -1 0
vn 0 -1 0
vn 0 -1 0
vn 0 -1 0
vn 0 -1 0
vn 0 -1 0
vn 0 -1 0
vn 0 -1 0
vn 0 -1 0
vn 0 -1 0
vn 0 -1 0
vn 0 -1 0
vn 0 -1 0
vn 0 -1 0
vn 0 -1 0
vn 0 -1 0
vn 0 -1 0
vn 0 -1 0
vn 0 -1 0
vn 0 -1 0
vn 0 -1 0
vn 0 -1 0
vn 0 -1 0
vn 0 -1 0
vn 0 -1 0
vn 0 -1 0
vn 0 -1 0
vn 0 -1 0
vn 0 -1 0
vn 0 -1 0
vn 0 -1 0
vn 0 -1 0
vn 0 -1 0
vn 0 -1 0
vn 0 -1 0
vn 0 -1 0
vn 0 -1 0
vn 0 -1 0
vn 0 -1 0
vn 0 -1 0
vn 0 -1 0
vn 0 -1 0
vn 0 -1 0
vn 0 -1 0
vn 0 -1 0
vn 0 -1 0
vn 0 -1 0
vn 0 -1 0
vn 0 -1 0
vn 0 -1 -0
vn 0 -1 -0
vn 0 -1 0
vn -0 -1 0
vn 0 -1 0
vn 0 -1 0
vn -0 -1 0
vn 0 -1 0
vn 0 -1 0
vn 0 -1 0
vn 0 -1 0
vn 0 -1 0
vn 0 -1 0
vn 0 -1 0
vn 0 -1 0
vn 0 -1 0
vn 0 -1 0
vn 0 -1 0
vn 0 -1 0
vn 0 -1 0
vn 0 -1 0
vn 0 -1 0
vn 0 -1 0
vn 0 -1 0
vn 0 -1 0
vn 0 -1 0
vn 0 -1 0
vn 0 -1 0
vn 0 -1 0
vn 0 -1 0
vn 0 -1 0
vn 0 -1 0
vn 0 -1 0
vn 0 -1 0
vn 0 -1 0
vn 0 -1 0
vn 0 -1 0
vn 0 -1 0
vn 0 -1 0
vn 0 -1 0
vn 0 -1 0
vn 0 -1 0
vn 0 -1 0
vn 0 -1 0
vn 0 -1 0
vn 0 -1 0
vn 0 -1 0
vn 0 -1 0
vn 0 -1 0
vn 0 -1 0
vn 0 -1 0
vn 0 -1 0
vn 0 -1 0
vn 0 -1 0
vn 0 -1 0
vn 0 -1 0
vn 0 -1 0
vn 0 -1 0
vn 0 -1 0
vn 0 -1 0
vn 0 -1 0
vn 0 -1 0
vn 0 -1 0
vn 0 -1 0
vn 0 -1 0
vn 0 -1 0
vn 0 -1 0
vn 0 -1 0
vn 0 -1 0
vn 0 -1 0
vn 0 -1 0
vn 0 -1 0
vn 0 -1 0
vn 0 -1 0
vn 0 -1 0
vn 0 -1 0
vn 0 -1 0
vn 0 -1 0
vn 0 -1 0
vn 0 -1 0
vn 0 -1 0
vn 0 -1 0
vn 0 -1 0
vn 0 -1 0
vn 0 -1 0
vn 0 -1 0
vn 0 -1 0
vn 0 -1 0
vn 0 -1 0
vn 0 -1 0
vn 0 -1 0
vn 0 -1 0
vn 0 -1 0
vn 0 -1 0
vn 0 -1 0
vn 0 -1 0
vn 0 -1 0
vn 0 -1 0
vn 0 -1 0
vn 0 -1 0
vn 0 -1 0
vn 0 -1 0
vn 0 -1 0
vn 0 -1 0
vn 0 -1 0
vn 0 -1 0
vn 0 -1 0
vn 0 -1 0
vn 0 -1 0
vn 0 -1 0
vn 0 -1 0
vn 0 -1 0
vn 0 -1 0
vn 0 -1 0
vn 0 -1 0
vn 0 -1 0
vn 0 -1 0
vn 0 -1 0
vn 0 -1 0
vn 0 -1 0
vn 0 -1 -0
vn 0 -1 -0
vn 0 -1 0
vn -0 -1 0
vn 0 -1 0
vn 0 -1 0
vn -0 -1 0
vn 0 -1 0
vn 0 -1 0
vn 0 -1 0
vn 0 -1 0
vn 0 -1 0
vn 0 -1 0
vn 0 -1 0
vn 0 -1 0
vn 0 -1 0
vn 0 -1 0
vn 0 -1 0
vn 0 -1 0
vn 0 -1 0
vn 0 -1 0
vn 0 -1 0
vn 0 -1 0
vn 0 -1 0
vn 0 -1 0
vn 0 -1 0
vn 0 -1 0
vn 0 -1 0
vn 0 -1 0
vn 0 -1 0
vn 0 -1 0
vn 0 -1 0
vn 0 -1 0
vn 0 -1 0
vn 0 -1 0
vn 0 -1 0
vn 0 -1 0
vn 0 -1 0
vn 0 -1 0
vn 0 -1 0
vn 0 -1 0
vn 0 -1 0
vn 0 -1 0
vn 0 -1 0
vn 0 -1 0
vn 0 -1 0
vn 0 -1 0
vn 0 -1 0
vn 0 -1 0
vn 0 -1 0
vn 0 -1 0
vn 0 -1 0
vn 0 -1 0
vn 0 -1 0
vn 0 -1 0
vn 0 -1 0
vn 0 -1 0
vn 0 -1 0
vn 0 -1 0
vn 0 -1 0
vn 0 -1 0
vn 0 -1 0
vn 0 -1 0
vn 0 -1 0
vn 0 -1 0
vn 0 -1 0
vn 0 -1 0
vn 0 -1 0
vn 0 -1 0
vn 0 -1 0
vn 0 -1 0
vn 0 -1 0
vn 0 -1 0
vn 0 -1 0
vn 0 -1 0
vn 0 -1 0
vn 0 -1 0
vn 0 -1 0
vn 0 -1 0
vn 0 -1 0
vn 0 -1 0
vn 0 -1 0
vn 0 -1 0
vn 0 -1 0
vn 0 -1 0
vn 0 -1 0
vn 0 -1 0
vn 0 -1 0
vn 0 -1 0
vn 0 -1 0
vn 0 -1 0
vn 0 -1 0
vn 0 -1 0
vn 0 -1 0
vn 0 -1 0
vn 0 -1 0
vn 0 -1 0
vn 0 -1 0
vn 0 -1 0
vn 0 -1 0
vn 0 -1 0
vn 0 -1 0
vn 0 -1 0
vn 0 -1 0
vn 0 -1 0
vn 0 -1 0
vn 0 -1 0
vn 0 -1 0
vn 0 -1 0
vn 0 -1 0
vn 0 -1 0
vn 0 -1 0
vn 0 -1 0
vn 0 -1 0
vn 0 -1 0
vn 0 -1 0
vn 0 -1 0
vn 0 -1 0
vn 0 -1 0
vn 0 -1 0
vn 0 -1 -0
vn 0 -1 -0
vn 0 -1 0
vn -0 -1 0
vn 0 -1 0
vn 0 -1 0
vn -0 -1 0
vn 0 -1 0
vn 0 -1 0
vn 0 -1 0
vn 0 -1 0
vn 0 -1 0
vn 0 -1 0
vn 0 -1 0
vn 0 -1 0
vn 0 -1 0
vn 0 -1 0
vn 0 -1 0
vn 0 -1 0
vn 0 -1 0
vn 0 -1 0
vn 0 -1 0
vn 0 -1 0
vn 0 -1 0
vn 0 -1 0
vn 0 -1 0
vn 0 -1 0
vn 0 -1 0
vn 0 -1 0
vn 0 -1 0
vn 0 -1 0
vn 0 -1 0
vn 0 -1 0
vn 0 -1 0
vn 0 -1 0
vn 0 -1 0
vn 0 -1 0
vn 0 -1 0
vn 0 -1 0
vn 0 -1 0
vn 0 -1 0
vn 0 -1 0
vn 0 -1 0
vn 0 -1 0
vn 0 -1 0
vn 0 -1 0
vn 0 -1 0
vn 0 -1 0
vn 0 -1 0
vn 0 -1 0
vn 0 -1 0
vn 0 -1 0
vn 0 -1 0
vn 0 -1 0
vn 0 -1 0
vn 0 -1 0
vn 0 -1 0
vn 0 -1 0
vn 0 -1 0
vn 0 -1 0
vn 0 -1 0
vn 0 -1 0
vn 0 -1 0
vn 0 -1 0
vn 0 -1 0
vn 0 -1 0
vn 0 -1 0
vn 0 -1 0
vn 0 -1 0
vn 0 -1 0
vn 0 -1 0
vn 0 -1 0
vn 0 -1 0
vn 0 -1 0
vn 0 -1 0
vn 0 -1 0
vn 0 -1 0
vn 0 -1 0
vn 0 -1 0
vn 0 -1 0
vn 0 -1 0
vn 0 -1 0
vn 0 -1 0
vn 0 -1 0
vn 0 -1 0
vn 0 -1 0
vn 0 -1 0
vn 0 -1 0
vn 0 -1 0
vn 0 -1 0
vn 0 -1 0
vn 0 -1 0
vn 0 -1 0
vn 0 -1 0
vn 0 -1 0
vn 0 -1 0
vn 0 -1 0
vn 0 -1 0
vn 0 -1 0
vn 0 -1 0
vn 0 -1 0
vn 0 -1 0
vn 0 -1 0
vn 0 -1 0
vn 0 -1 0
vn 0 -1 0
vn 0 -1 0
vn 0 -1 0
vn 0 -1 0
vn 0 -1 0
vn 0 -1 0
vn 0 -1 0
vn 0 -1 0
vn 0 -1 0
vn 0 -1 0
vn 0 -1 0
vn 0 -1 0
vn 0 -1 0
vn 0 -1 0
vn 0 -1 0
vn 0 -1 -0
vn 0 -1 -0
vn 0 -1 0
vn -0 -1 0
vn 0 -1 0
vn 0 -1 0
vn -0 -1 0
vn 0 -1 0
vn 0 -1 0
vn 0 -1 0
vn 0 -1 0
vn 0 -1 0
vn 0 -1 0
vn 0 -1 0
vn 0 -1 0
vn 0 -1 0
vn 0 -1 0
vn 0 -1 0
vn 0 -1 0
vn 0 -1 0
vn 0 -1 0
vn 0 -1 0
vn 0 -1 0
vn 0 -1 0
vn 0 -1 0
vn 0 -1 0
vn 0 -1 0
vn 0 -1 0
vn 0 -1 0
vn 0 -1 0
vn 0 -1 0
vn 0 -1 0
vn 0 -1 0
vn 0 -1 0
vn 0 -1 0
vn 0 -1 0
vn 0 -1 0
vn 0 -1 0
vn 0 -1 0
vn 0 -1 0
vn 0 -1 0
vn 0 -1 0
vn 0 -1 0
vn 0 -1 0
vn 0 -1 0
vn 0 -1 0
vn 0 -1 0
vn 0 -1 0
vn 0 -1 0
vn 0 -1 0
vn 0 -1 0
vn 0 -1 0
vn 0 -1 0
vn 0 -1 0
vn 0 -1 0
vn 0 -1 0
vn 0 -1 0
vn 0 -1 0
vn 0 -1 0
vn 0 -1 0
vn 0 -1 0
vn 0 -1 0
vn 0 -1 0
vn 0 -1 0
vn 0 -1 0
vn 0 -1 0
vn 0 -1 0
vn 0 -1 0
vn 0 -1 0
vn 0 -1 0
vn 0 -1 0
vn 0 -1 0
vn 0 -1 0
vn 0 -1 0
vn 0 -1 0
vn 0 -1 0
vn 0 -1 0
vn 0 -1 0
vn 0 -1 0
vn 0 -1 0
vn 0 -1 0
vn 0 -1 0
vn 0 -1 0
vn 0 -1 0
vn 0 -1 0
vn 0 -1 0
vn 0 -1 0
vn 0 -1 0
vn 0 -1 0
vn 0 -1 0
vn 0 -1 0
vn 0 -1 0
vn 0 -1 0
vn 0 -1 0
vn 0 -1 0
vn 0 -1 0
vn 0 -1 0
vn 0 -1 0
vn 0 -1 0
vn 0 -1 0
vn 0 -1 0
vn 0 -1 0
vn 0 -1 0
vn 0 -1 0
vn 0 -1 0
vn 0 -1 0
vn 0 -1 0
vn 0 -1 0
vn 0 -1 0
vn 0 -1 0
vn 0 -1 0
vn 0 -1 0
vn 0 -1 0
vn 0 -1 0
vn 0 -1 0
vn 0 -1 0
vn 0 -1 0
vn 0 -1 0
vn 0 -1 0
vn 0 -1 0
vn 0 -1 -0
vn 0 -1 -0
vn 0 -1 0
vn -0 -1 0
vn 0 -1 0
vn 0 -1 0
vn -0 -1 0
vn 0 -1 0
vn 0 -1 0
vn 0 -1 0
vn 0 -1 0
vn 0 -1 0
vn 0 -1 0
vn 0 -1 0
vn 0 -1 0
vn 0 -1 0
vn 0 -1 0
vn 0 -1 0
vn 0 -1 0
vn 0 -1 0
vn 0 -1 0
vn 0 -1 0
vn 0 -1 0
vn 0 -1 0
vn 0 -1 0
vn 0 -1 0
vn 0 -1 0
vn 0 -1 0
vn 0 -1 0
vn 0 -1 0
vn 0 -1 0
vn 0 -1 0
vn 0 -1 0
vn 0 -1 0
vn 0 -1 0
vn 0 -1 0
vn 0 -1 0
vn 0 -1 0
vn 0 -1 0
vn 0 -1 0
vn 0 -1 0
vn 0 -1 0
vn 0 -1 0
vn 0 -1 0
vn 0 -1 0
vn 0 -1 0
vn 0 -1 0
vn 0 -1 0
vn 0 -1 0
vn 0 -1 0
vn 0 -1 0
vn 0 -1 0
vn 0 -1 0
vn 0 -1 0
vn 0 -1 0
vn 0 -1 0
vn 0 -1 0
vn 0 -1 0
vn 0 -1 0
vn 0 -1 0
vn 0 -1 0
vn 0 -1 0
vn 0 -1 0
vn 0 -1 0
vn 0 -1 0
vn 0 -1 0
vn 0 -1 0
vn 0 -1 0
vn 0 -1 0
vn 0 -1 0
vn 0 -1 0
vn 0 -1 0
vn 0 -1 0
vn 0 -1 0
vn 0 -1 0
vn 0 -1 0
vn 0 -1 0
vn 0 -1 0
vn 0 -1 0
vn 0 -1 0
vn 0 -1 0
vn 0 -1 0
vn 0 -1 0
vn 0 -1 0
vn 0 -1 0
vn 0 -1 0
vn 0 -1 0
vn 0 -1 0
vn 0 -1 0
vn 0 -1 0
vn 0 -1 0
vn 0 -1 0
vn 0 -1 0
vn 0 -1 0
vn 0 -1 0
vn 0 -1 0
vn 0 -1 0
vn 0 -1 0
vn 0 -1 0
vn 0 -1 0
vn 0 -1 0
vn 0 -1 0
vn 0 -1 0
vn 0 -1 0
vn 0 -1 0
vn 0 -1 0
vn 0 -1 0
vn 0 -1 0
vn 0 -1 0
vn 0 -1 0
vn 0 -1 0
vn 0 -1 0
vn 0 -1 0
vn 0 -1 0
vn 0 -1 0
vn 0 -1 0
vn 0 -1 0
vn 0 -1 0
vn 0 -1 0
vn 0 -1 0
vn 0 -1 -0
vn 0 -1 -0
vn 0 -1 0
vn -0 -1 0
vn -0 -1 0
vn 0 -1 0
vn -0 -1 0
vn -0 -1 0
vn -0 -1 0
vn 0 -1 0
vn 0 -1 0
vn -0 -1 0
vn -0 -1 0
vn 0 -1 0
vn 0 -1 0
vn -0 -1 0
vn -0 -1 0
vn 0 -1 0
vn 0 -1 0
vn -0 -1 0
vn -0 -1 0
vn 0 -1 0
vn 0 -1 0
vn -0 -1 0
vn -0 -1 0
vn 0 -1 0
vn 0 -1 0
vn -0 -1 0
vn -0 -1 0
vn 0 -1 0
vn 0 -1 0
vn -0 -1 0
vn -0 -1 0
vn 0 -1 0
vn 0 -1 0
vn -0 -1 0
vn -0 -1 0
vn 0 -1 0
vn 0 -1 0
vn -0 -1 0
vn -0 -1 0
vn 0 -1 0
vn 0 -1 0
vn -0 -1 0
vn -0 -1 0
vn 0 -1 0
vn 0 -1 0
vn -0 -1 0
vn -0 -1 0
vn 0 -1 0
vn 0 -1 0
vn -0 -1 0
vn -0 -1 0
vn 0 -1 0
vn 0 -1 0
vn -0 -1 0
vn -0 -1 0
vn 0 -1 0
vn 0 -1 0
vn -0 -1 0
vn -0 -1 0
vn 0 -1 0
vn 0 -1 0
vn -0 -1 0
vn -0 -1 0
vn 0 -1 0
vn 0 -1 0
vn -0 -1 0
vn -0 -1 0
vn 0 -1 0
vn 0 -1 0
vn -0 -1 0
vn -0 -1 0
vn 0 -1 0
vn 0 -1 0
vn -0 -1 0
vn -0 -1 0
vn 0 -1 0
vn 0 -1 0
vn -0 -1 0
vn -0 -1 0
vn 0 -1 0
vn 0 -1 0
vn -0 -1 0
vn -0 -1 0
vn 0 -1 0
vn 0 -1 0
vn -0 -1 0
vn -0 -1 0
vn 0 -1 0
vn 0 -1 0
vn -0 -1 0
vn -0 -1 0
vn 0 -1 0
vn 0 -1 0
vn -0 -1 0
vn -0 -1 0
vn 0 -1 0
vn 0 -1 0
vn -0 -1 0
vn -0 -1 0
vn 0 -1 0
vn 0 -1 0
vn -0 -1 0
vn -0 -1 0
vn 0 -1 0
vn 0 -1 0
vn -0 -1 0
vn -0 -1 0
vn 0 -1 0
vn 0 -1 0
vn -0 -1 0
vn -0 -1 0
vn 0 -1 0
vn 0 -1 0
vn -0 -1 0
vn -0 -1 0
vn 0 -1 0
vn 0 -1 0
vn -0 -1 0
vn -0 -1 -0
vn 0 -1 -0
vn 0 -1 0
g entrance_wall
usemtl /obj/server/texel_density14/uvquickshade1/shop_definition/texture_material
f 3/1/1 2/2/2 48/3/3 47/4/4
f 2/2/5 1/5/6 49/6/7 48/3/8
f 1/5/9 12/7/10 50/8/11 49/6/12
f 12/7/13 13/9/14 51/10/15 50/8/16
f 13/9/17 14/11/18 52/12/19 51/10/20
f 14/13/21 15/14/22 53/15/23 52/16/24
f 15/14/25 16/17/26 54/18/27 53/15/28
f 16/17/29 17/19/30 55/20/31 54/18/32
f 17/19/33 18/21/34 56/22/35 55/20/36
f 18/21/37 19/23/38 57/24/39 56/22/40
f 19/23/41 20/25/42 58/26/43 57/24/44
f 20/25/45 21/27/46 59/28/47 58/26/48
f 21/27/49 22/29/50 60/30/51 59/28/52
f 22/29/53 23/31/54 61/32/55 60/30/56
f 11/33/57 10/34/58 63/35/59 62/36/60
f 10/34/61 9/37/62 64/38/63 63/35/64
f 9/37/65 8/39/66 65/40/67 64/38/68
f 8/39/69 7/41/70 66/42/71 65/40/72
f 7/41/73 6/43/74 67/44/75 66/42/76
f 6/43/77 5/45/78 68/46/79 67/44/80
f 5/45/81 4/47/82 69/48/83 68/46/84
f 4/47/85 3/1/86 47/4/87 69/48/88
f 47/4/89 48/3/90 71/49/91 70/50/92
f 48/3/93 49/6/94 72/51/95 71/49/96
f 49/6/97 50/8/98 73/52/99 72/51/100
f 50/8/101 51/10/102 74/53/103 73/52/104
f 51/10/105 52/12/106 75/54/107 74/53/108
f 52/16/109 53/15/110 76/55/111 75/56/112
f 53/15/113 54/18/114 77/57/115 76/55/116
f 54/18/117 55/20/118 78/58/119 77/57/120
f 55/20/121 56/22/122 79/59/123 78/58/124
f 56/22/125 57/24/126 80/60/127 79/59/128
f 57/24/129 58/26/130 81/61/131 80/60/132
f 58/26/133 59/28/134 82/62/135 81/61/136
f 59/28/137 60/30/138 83/63/139 82/62/140
f 60/30/141 61/32/142 84/64/143 83/63/144
f 62/36/145 63/35/146 86/65/147 85/66/148
f 63/35/149 64/38/150 87/67/151 86/65/152
f 64/38/153 65/40/154 88/68/155 87/67/156
f 65/40/157 66/42/158 89/69/159 88/68/160
f 66/42/161 67/44/162 90/70/163 89/69/164
f 67/44/165 68/46/166 91/71/167 90/70/168
f 68/46/169 69/48/170 92/72/171 91/71/172
f 69/48/173 47/4/174 70/50/175 92/72/176
f 101/73/177 102/74/178 84/64/179 61/32/180
f 102/74/181 101/73/182 100/75/183 99/76/184
f 105/77/185 106/78/186 62/36/187 85/66/188
f 106/78/189 105/77/190 96/79/191 95/80/192
f 106/78/193 107/81/194 11/33/195 62/36/196
f 107/81/197 106/78/198 95/80/199 94/82/200
f 108/83/201 101/73/202 61/32/203 23/31/204
f 101/73/205 108/83/206 93/84/207 100/75/208
f 109/85/209 110/86/210 98/87/211 103/88/212
f 110/86/213 109/85/214 102/74/215 99/76/216
f 111/89/217 109/85/218 103/88/219 46/90/220
f 109/85/221 111/89/222 84/64/223 102/74/224
f 112/91/225 111/89/226 46/90/227 45/92/228
f 111/89/229 112/91/230 83/63/231 84/64/232
f 113/93/233 112/91/234 45/92/235 44/94/236
f 112/91/237 113/93/238 82/62/239 83/63/240
f 114/95/241 113/93/242 44/94/243 43/96/244
f 113/93/245 114/95/246 81/61/247 82/62/248
f 115/97/249 114/95/250 43/96/251 42/98/252
f 114/95/253 115/97/254 80/60/255 81/61/256
f 116/99/257 115/97/258 42/98/259 41/100/260
f 115/97/261 116/99/262 79/59/263 80/60/264
f 117/101/265 116/99/266 41/100/267 40/102/268
f 116/99/269 117/101/270 78/58/271 79/59/272
f 118/103/273 117/101/274 40/102/275 39/104/276
f 117/101/277 118/103/278 77/57/279 78/58/280
f 119/105/281 118/103/282 39/104/283 38/106/284
f 118/103/285 119/105/286 76/55/287 77/57/288
f 120/107/289 119/105/290 38/106/291 37/108/292
f 119/105/293 120/107/294 75/56/295 76/55/296
f 121/109/297 120/110/298 37/111/299 36/112/300
f 120/110/301 121/109/302 74/53/303 75/54/304
f 122/113/305 121/109/306 36/112/307 35/114/308
f 121/109/309 122/113/310 73/52/311 74/53/312
f 123/115/313 122/113/314 35/114/315 24/116/316
f 122/113/317 123/115/318 72/51/319 73/52/320
f 124/117/321 123/115/322 24/116/323 26/118/324
f 123/115/325 124/117/326 71/49/327 72/51/328
f 125/119/329 124/117/330 26/118/331 25/120/332
f 124/117/333 125/119/334 70/50/335 71/49/336
f 126/121/337 125/119/338 25/120/339 27/122/340
f 125/119/341 126/121/342 92/72/343 70/50/344
f 127/123/345 126/121/346 27/122/347 28/124/348
f 126/121/349 127/123/350 91/71/351 92/72/352
f 128/125/353 127/123/354 28/124/355 29/126/356
f 127/123/357 128/125/358 90/70/359 91/71/360
f 129/127/361 128/125/362 29/126/363 30/128/364
f 128/125/365 129/127/366 89/69/367 90/70/368
f 130/129/369 129/127/370 30/128/371 31/130/372
f 129/127/373 130/129/374 88/68/375 89/69/376
f 131/131/377 130/129/378 31/130/379 32/132/380
f 130/129/381 131/131/382 87/67/383 88/68/384
f 132/133/385 131/131/386 32/132/387 33/134/388
f 131/131/389 132/133/390 86/65/391 87/67/392
f 133/135/393 132/133/394 33/134/395 34/136/396
f 132/133/397 133/135/398 85/66/399 86/65/400
f 134/137/401 133/135/402 34/136/403 104/138/404
f 133/135/405 134/137/406 105/77/407 85/66/408
f 135/139/409 134/137/410 104/138/411 97/140/412
f 134/137/413 135/139/414 96/79/415 105/77/416
f 97/140/417 136/141/418 137/142/419 135/139/420
f 136/141/421 138/143/422 139/144/423 137/142/424
f 138/143/425 140/145/426 141/146/427 139/144/428
f 140/145/429 98/87/430 110/86/431 141/146/432
g entrance_roof
usemtl /obj/server/texel_density15/uvquickshade1/shop_definition/texture_material
f 142/147/433 165/148/434 143/149/435 144/150/436
f 165/148/437 166/151/438 145/152/439 143/149/440
f 166/151/441 167/153/442 146/154/443 145/152/444
f 167/153/445 168/155/446 147/156/447 146/154/448
f 168/155/449 169/157/450 148/158/451 147/156/452
f 169/157/453 170/159/454 149/160/455 148/158/456
f 170/159/457 171/161/458 150/162/459 149/160/460
f 171/161/461 172/163/462 151/164/463 150/162/464
f 172/163/465 173/165/466 152/166/467 151/164/468
f 153/167/469 174/168/470 165/148/471 142/147/472
f 174/168/473 175/169/474 166/151/475 165/148/476
f 175/169/477 176/170/478 167/153/479 166/151/480
f 176/170/481 177/171/482 168/155/483 167/153/484
f 177/171/485 178/172/486 169/157/487 168/155/488
f 178/172/489 179/173/490 170/159/491 169/157/492
f 179/173/493 180/174/494 171/161/495 170/159/496
f 180/174/497 181/175/498 172/163/499 171/161/500
f 181/175/501 182/176/502 173/165/503 172/163/504
f 154/177/505 183/178/506 174/168/507 153/167/508
f 183/178/509 184/179/510 175/169/511 174/168/512
f 184/179/513 185/180/514 176/170/515 175/169/516
f 185/180/517 186/181/518 177/171/519 176/170/520
f 186/181/521 187/182/522 178/172/523 177/171/524
f 187/182/525 188/183/526 179/173/527 178/172/528
f 188/183/529 189/184/530 180/174/531 179/173/532
f 189/184/533 190/185/534 181/175/535 180/174/536
f 190/185/537 191/186/538 182/176/539 181/175/540
f 155/187/541 156/188/542 183/178/543 154/177/544
f 156/188/545 157/189/546 184/179/547 183/178/548
f 157/189/549 158/190/550 185/180/551 184/179/552
f 158/190/553 159/191/554 186/181/555 185/180/556
f 159/191/557 160/192/558 187/182/559 186/181/560
f 160/192/561 161/193/562 188/183/563 187/182/564
f 161/193/565 162/194/566 189/184/567 188/183/568
f 162/194/569 163/195/570 190/185/571 189/184/572
f 163/195/573 164/196/574 191/186/575 190/185/576
f 197/197/577 191/186/578 164/196/579
f 191/186/580 197/197/581 196/198/582 195/199/583
f 182/176/584 191/186/585 195/199/586 194/200/587
f 173/165/588 182/176/589 194/200/590 193/201/591
f 173/165/592 198/202/593 152/166/594
f 198/202/595 173/165/596 193/201/597 192/203/598
g mainA_wall
usemtl /obj/server/texel_density16/uvquickshade1/shop_definition/texture_material
f 210/204/599 317/205/600 318/206/601 211/207/602
f 211/208/603 318/209/604 319/210/605 212/211/606
f 212/211/607 319/210/608 320/212/609 213/213/610
f 213/213/611 320/212/612 321/214/613 214/215/614
f 214/215/615 321/214/616 322/216/617 215/217/618
f 215/217/619 322/216/620 323/218/621 216/219/622
f 216/219/623 323/218/624 324/220/625 217/221/626
f 217/221/627 324/220/628 325/222/629 218/223/630
f 218/223/631 325/222/632 326/224/633 219/225/634
f 219/225/635 326/224/636 327/226/637 220/227/638
f 220/227/639 327/226/640 328/228/641 221/229/642
f 221/229/643 328/228/644 329/230/645 222/231/646
f 222/231/647 329/230/648 330/232/649 223/233/650
f 223/233/651 330/232/652 331/234/653 224/235/654
f 224/235/655 331/234/656 332/236/657 225/237/658
f 225/237/659 332/236/660 333/238/661 226/239/662
f 226/239/663 333/238/664 334/240/665 227/241/666
f 227/241/667 334/240/668 335/242/669 228/243/670
f 228/243/671 335/242/672 336/244/673 229/245/674
f 229/245/675 336/244/676 337/246/677 230/247/678
f 230/247/679 337/246/680 338/248/681 231/249/682
f 231/249/683 338/248/684 339/250/685 232/251/686
f 232/251/687 339/250/688 340/252/689 233/253/690
f 233/253/691 340/252/692 341/254/693 234/255/694
f 234/255/695 341/254/696 342/256/697 235/257/698
f 235/257/699 342/256/700 343/258/701 236/259/702
f 236/259/703 343/258/704 344/260/705 237/261/706
f 237/261/707 344/260/708 345/262/709 238/263/710
f 238/263/711 345/262/712 346/264/713 239/265/714
f 239/265/715 346/264/716 347/266/717 240/267/718
f 240/267/719 347/266/720 348/268/721 242/269/722
f 242/269/723 348/268/724 349/270/725 241/271/726
f 241/271/727 349/270/728 350/272/729 243/273/730
f 243/273/731 350/272/732 351/274/733 244/275/734
f 244/275/735 351/274/736 352/276/737 245/277/738
f 245/277/739 352/276/740 353/278/741 246/279/742
f 246/279/743 353/278/744 354/280/745 247/281/746
f 247/281/747 354/280/748 355/282/749 249/283/750
f 249/283/751 355/282/752 356/284/753 260/285/754
f 260/285/755 356/284/756 357/286/757 259/287/758
f 259/287/759 357/286/760 358/288/761 258/289/762
f 258/289/763 358/288/764 359/290/765 257/291/766
f 257/291/767 359/290/768 360/292/769 256/293/770
f 256/293/771 360/292/772 361/294/773 255/295/774
f 255/295/775 361/294/776 362/296/777 254/297/778
f 253/298/779 363/299/780 364/300/781 252/301/782
f 252/301/783 364/300/784 365/302/785 251/303/786
f 251/303/787 365/302/788 366/304/789 250/305/790
f 250/305/791 366/304/792 367/306/793 248/307/794
f 248/307/795 367/306/796 203/308/797 200/309/798
f 199/310/799 204/311/800 317/205/801 210/204/802
f 317/205/803 368/312/804 369/313/805 318/206/806
f 318/209/807 369/314/808 370/315/809 319/210/810
f 319/210/811 370/315/812 371/316/813 320/212/814
f 320/212/815 371/316/816 372/317/817 321/214/818
f 321/214/819 372/317/820 373/318/821 322/216/822
f 322/216/823 373/318/824 374/319/825 323/218/826
f 323/218/827 374/319/828 375/320/829 324/220/830
f 324/220/831 375/320/832 376/321/833 325/222/834
f 325/222/835 376/321/836 377/322/837 326/224/838
f 326/224/839 377/322/840 378/323/841 327/226/842
f 327/226/843 378/323/844 379/324/845 328/228/846
f 328/228/847 379/324/848 380/325/849 329/230/850
f 329/230/851 380/325/852 381/326/853 330/232/854
f 330/232/855 381/326/856 382/327/857 331/234/858
f 331/234/859 382/327/860 383/328/861 332/236/862
f 332/236/863 383/328/864 384/329/865 333/238/866
f 333/238/867 384/329/868 385/330/869 334/240/870
f 334/240/871 385/330/872 386/331/873 335/242/874
f 335/242/875 386/331/876 387/332/877 336/244/878
f 336/244/879 387/332/880 388/333/881 337/246/882
f 337/246/883 388/333/884 389/334/885 338/248/886
f 338/248/887 389/334/888 390/335/889 339/250/890
f 339/250/891 390/335/892 391/336/893 340/252/894
f 340/252/895 391/336/896 392/337/897 341/254/898
f 341/254/899 392/337/900 393/338/901 342/256/902
f 342/256/903 393/338/904 394/339/905 343/258/906
f 343/258/907 394/339/908 395/340/909 344/260/910
f 344/260/911 395/340/912 396/341/913 345/262/914
f 345/262/915 396/341/916 397/342/917 346/264/918
f 346/264/919 397/342/920 398/343/921 347/266/922
f 347/266/923 398/343/924 399/344/925 348/268/926
f 348/268/927 399/344/928 400/345/929 349/270/930
f 349/270/931 400/345/932 401/346/933 350/272/934
f 350/272/935 401/346/936 402/347/937 351/274/938
f 351/274/939 402/347/940 403/348/941 352/276/942
f 352/276/943 403/348/944 404/349/945 353/278/946
f 353/278/947 404/349/948 405/350/949 354/280/950
f 354/280/951 405/350/952 406/351/953 355/282/954
f 355/282/955 406/351/956 407/352/957 356/284/958
f 356/284/959 407/352/960 408/353/961 357/286/962
f 357/286/963 408/353/964 409/354/965 358/288/966
f 358/288/967 409/354/968 410/355/969 359/290/970
f 359/290/971 410/355/972 411/356/973 360/292/974
f 360/292/975 411/356/976 412/357/977 361/294/978
f 361/294/979 412/357/980 413/358/981 362/296/982
f 363/299/983 414/359/984 415/360/985 364/300/986
f 364/300/987 415/360/988 416/361/989 365/302/990
f 365/302/991 416/361/992 417/362/993 366/304/994
f 366/304/995 417/362/996 418/363/997 367/306/998
f 367/306/999 418/363/1000 205/364/1001 203/308/1002
f 204/311/1003 206/365/1004 368/312/1005 317/205/1006
f 368/312/1007 419/366/1008 420/367/1009 369/313/1010
f 369/314/1011 420/368/1012 421/369/1013 370/315/1014
f 370/315/1015 421/369/1016 422/370/1017 371/316/1018
f 371/316/1019 422/370/1020 423/371/1021 372/317/1022
f 372/317/1023 423/371/1024 424/372/1025 373/318/1026
f 373/318/1027 424/372/1028 425/373/1029 374/319/1030
f 374/319/1031 425/373/1032 426/374/1033 375/320/1034
f 375/320/1035 426/374/1036 427/375/1037 376/321/1038
f 376/321/1039 427/375/1040 428/376/1041 377/322/1042
f 377/322/1043 428/376/1044 429/377/1045 378/323/1046
f 378/323/1047 429/377/1048 430/378/1049 379/324/1050
f 379/324/1051 430/378/1052 431/379/1053 380/325/1054
f 380/325/1055 431/379/1056 432/380/1057 381/326/1058
f 381/326/1059 432/380/1060 433/381/1061 382/327/1062
f 382/327/1063 433/381/1064 434/382/1065 383/328/1066
f 383/328/1067 434/382/1068 435/383/1069 384/329/1070
f 384/329/1071 435/383/1072 436/384/1073 385/330/1074
f 385/330/1075 436/384/1076 437/385/1077 386/331/1078
f 386/331/1079 437/385/1080 438/386/1081 387/332/1082
f 387/332/1083 438/386/1084 439/387/1085 388/333/1086
f 388/333/1087 439/387/1088 440/388/1089 389/334/1090
f 389/334/1091 440/388/1092 441/389/1093 390/335/1094
f 390/335/1095 441/389/1096 442/390/1097 391/336/1098
f 391/336/1099 442/390/1100 443/391/1101 392/337/1102
f 392/337/1103 443/391/1104 444/392/1105 393/338/1106
f 393/338/1107 444/392/1108 445/393/1109 394/339/1110
f 394/339/1111 445/393/1112 446/394/1113 395/340/1114
f 395/340/1115 446/394/1116 447/395/1117 396/341/1118
f 396/341/1119 447/395/1120 448/396/1121 397/342/1122
f 397/342/1123 448/396/1124 449/397/1125 398/343/1126
f 398/343/1127 449/397/1128 450/398/1129 399/344/1130
f 399/344/1131 450/398/1132 451/399/1133 400/345/1134
f 400/345/1135 451/399/1136 452/400/1137 401/346/1138
f 401/346/1139 452/400/1140 453/401/1141 402/347/1142
f 402/347/1143 453/401/1144 454/402/1145 403/348/1146
f 403/348/1147 454/402/1148 455/403/1149 404/349/1150
f 404/349/1151 455/403/1152 456/404/1153 405/350/1154
f 405/350/1155 456/404/1156 457/405/1157 406/351/1158
f 406/351/1159 457/405/1160 458/406/1161 407/352/1162
f 407/352/1163 458/406/1164 459/407/1165 408/353/1166
f 408/353/1167 459/407/1168 460/408/1169 409/354/1170
f 409/354/1171 460/408/1172 461/409/1173 410/355/1174
f 410/355/1175 461/409/1176 462/410/1177 411/356/1178
f 411/356/1179 462/410/1180 463/411/1181 412/357/1182
f 412/357/1183 463/411/1184 464/412/1185 413/358/1186
f 414/359/1187 465/413/1188 466/414/1189 415/360/1190
f 415/360/1191 466/414/1192 467/415/1193 416/361/1194
f 416/361/1195 467/415/1196 468/416/1197 417/362/1198
f 417/362/1199 468/416/1200 469/417/1201 418/363/1202
f 418/363/1203 469/417/1204 202/418/1205 205/364/1206
f 206/365/1207 201/419/1208 419/366/1209 368/312/1210
f 419/366/1211 470/420/1212 471/421/1213 420/367/1214
f 420/368/1215 471/422/1216 472/423/1217 421/369/1218
f 421/369/1219 472/423/1220 473/424/1221 422/370/1222
f 422/370/1223 473/424/1224 474/425/1225 423/371/1226
f 423/371/1227 474/425/1228 475/426/1229 424/372/1230
f 424/372/1231 475/426/1232 476/427/1233 425/373/1234
f 425/373/1235 476/427/1236 477/428/1237 426/374/1238
f 426/374/1239 477/428/1240 478/429/1241 427/375/1242
f 427/375/1243 478/429/1244 479/430/1245 428/376/1246
f 428/376/1247 479/430/1248 480/431/1249 429/377/1250
f 429/377/1251 480/431/1252 481/432/1253 430/378/1254
f 430/378/1255 481/432/1256 482/433/1257 431/379/1258
f 431/379/1259 482/433/1260 483/434/1261 432/380/1262
f 432/380/1263 483/434/1264 484/435/1265 433/381/1266
f 433/381/1267 484/435/1268 485/436/1269 434/382/1270
f 434/382/1271 485/436/1272 486/437/1273 435/383/1274
f 435/383/1275 486/437/1276 487/438/1277 436/384/1278
f 436/384/1279 487/438/1280 488/439/1281 437/385/1282
f 437/385/1283 488/439/1284 489/440/1285 438/386/1286
f 438/386/1287 489/440/1288 490/441/1289 439/387/1290
f 439/387/1291 490/441/1292 491/442/1293 440/388/1294
f 440/388/1295 491/442/1296 492/443/1297 441/389/1298
f 441/389/1299 492/443/1300 493/444/1301 442/390/1302
f 442/390/1303 493/444/1304 494/445/1305 443/391/1306
f 443/391/1307 494/445/1308 495/446/1309 444/392/1310
f 444/392/1311 495/446/1312 496/447/1313 445/393/1314
f 445/393/1315 496/447/1316 497/448/1317 446/394/1318
f 446/394/1319 497/448/1320 498/449/1321 447/395/1322
f 447/395/1323 498/449/1324 499/450/1325 448/396/1326
f 448/396/1327 499/450/1328 500/451/1329 449/397/1330
f 449/397/1331 500/451/1332 501/452/1333 450/398/1334
f 450/398/1335 501/452/1336 502/453/1337 451/399/1338
f 451/399/1339 502/453/1340 503/454/1341 452/400/1342
f 452/400/1343 503/454/1344 504/455/1345 453/401/1346
f 453/401/1347 504/455/1348 505/456/1349 454/402/1350
f 454/402/1351 505/456/1352 506/457/1353 455/403/1354
f 455/403/1355 506/457/1356 507/458/1357 456/404/1358
f 456/404/1359 507/458/1360 508/459/1361 457/405/1362
f 457/405/1363 508/459/1364 509/460/1365 458/406/1366
f 458/406/1367 509/460/1368 510/461/1369 459/407/1370
f 459/407/1371 510/461/1372 511/462/1373 460/408/1374
f 460/408/1375 511/462/1376 512/463/1377 461/409/1378
f 461/409/1379 512/463/1380 513/464/1381 462/410/1382
f 462/410/1383 513/464/1384 514/465/1385 463/411/1386
f 463/411/1387 514/465/1388 515/466/1389 464/412/1390
f 465/413/1391 516/467/1392 517/468/1393 466/414/1394
f 466/414/1395 517/468/1396 518/469/1397 467/415/1398
f 467/415/1399 518/469/1400 519/470/1401 468/416/1402
f 468/416/1403 519/470/1404 520/471/1405 469/417/1406
f 469/417/1407 520/471/1408 521/472/1409 202/418/1410
f 202/418/1411 521/472/1412 522/473/1413 209/474/1414
f 209/474/1415 522/473/1416 523/475/1417 208/476/1418
f 208/476/1419 523/475/1420 524/477/1421 207/478/1422
f 207/478/1423 524/477/1424 525/479/1425 201/419/1426
f 201/419/1427 525/479/1428 470/420/1429 419/366/1430
f 470/420/1431 526/480/1432 527/481/1433 471/421/1434
f 471/422/1435 527/482/1436 528/483/1437 472/423/1438
f 472/423/1439 528/483/1440 529/484/1441 473/424/1442
f 473/424/1443 529/484/1444 530/485/1445 474/425/1446
f 474/425/1447 530/485/1448 531/486/1449 475/426/1450
f 475/426/1451 531/486/1452 532/487/1453 476/427/1454
f 476/427/1455 532/487/1456 533/488/1457 477/428/1458
f 477/428/1459 533/488/1460 534/489/1461 478/429/1462
f 478/429/1463 534/489/1464 535/490/1465 479/430/1466
f 479/430/1467 535/490/1468 536/491/1469 480/431/1470
f 480/431/1471 536/491/1472 537/492/1473 481/432/1474
f 481/432/1475 537/492/1476 538/493/1477 482/433/1478
f 482/433/1479 538/493/1480 539/494/1481 483/434/1482
f 483/434/1483 539/494/1484 540/495/1485 484/435/1486
f 484/435/1487 540/495/1488 541/496/1489 485/436/1490
f 485/436/1491 541/496/1492 542/497/1493 486/437/1494
f 486/437/1495 542/497/1496 543/498/1497 487/438/1498
f 487/438/1499 543/498/1500 544/499/1501 488/439/1502
f 488/439/1503 544/499/1504 545/500/1505 489/440/1506
f 489/440/1507 545/500/1508 546/501/1509 490/441/1510
f 490/441/1511 546/501/1512 547/502/1513 491/442/1514
f 491/442/1515 547/502/1516 548/503/1517 492/443/1518
f 492/443/1519 548/503/1520 549/504/1521 493/444/1522
f 493/444/1523 549/504/1524 550/505/1525 494/445/1526
f 494/445/1527 550/505/1528 551/506/1529 495/446/1530
f 495/446/1531 551/506/1532 552/507/1533 496/447/1534
f 496/447/1535 552/507/1536 553/508/1537 497/448/1538
f 497/448/1539 553/508/1540 554/509/1541 498/449/1542
f 498/449/1543 554/509/1544 555/510/1545 499/450/1546
f 499/450/1547 555/510/1548 556/511/1549 500/451/1550
f 500/451/1551 556/511/1552 557/512/1553 501/452/1554
f 501/452/1555 557/512/1556 558/513/1557 502/453/1558
f 502/453/1559 558/513/1560 559/514/1561 503/454/1562
f 503/454/1563 559/514/1564 560/515/1565 504/455/1566
f 504/455/1567 560/515/1568 561/516/1569 505/456/1570
f 505/456/1571 561/516/1572 562/517/1573 506/457/1574
f 506/457/1575 562/517/1576 563/518/1577 507/458/1578
f 507/458/1579 563/518/1580 564/519/1581 508/459/1582
f 508/459/1583 564/519/1584 565/520/1585 509/460/1586
f 509/460/1587 565/520/1588 566/521/1589 510/461/1590
f 510/461/1591 566/521/1592 567/522/1593 511/462/1594
f 511/462/1595 567/522/1596 568/523/1597 512/463/1598
f 512/463/1599 568/523/1600 569/524/1601 513/464/1602
f 513/464/1603 569/524/1604 570/525/1605 514/465/1606
f 514/465/1607 570/525/1608 571/526/1609 515/466/1610
f 516/467/1611 572/527/1612 573/528/1613 517/468/1614
f 517/468/1615 573/528/1616 574/529/1617 518/469/1618
f 518/469/1619 574/529/1620 575/530/1621 519/470/1622
f 519/470/1623 575/530/1624 576/531/1625 520/471/1626
f 520/471/1627 576/531/1628 577/532/1629 521/472/1630
f 521/472/1631 577/532/1632 578/533/1633 522/473/1634
f 522/473/1635 578/533/1636 579/534/1637 523/475/1638
f 523/475/1639 579/534/1640 580/535/1641 524/477/1642
f 524/477/1643 580/535/1644 581/536/1645 525/479/1646
f 525/479/1647 581/536/1648 526/480/1649 470/420/1650
f 526/480/1651 582/537/1652 583/538/1653 527/481/1654
f 527/482/1655 583/539/1656 584/540/1657 528/483/1658
f 528/483/1659 584/540/1660 585/541/1661 529/484/1662
f 529/484/1663 585/541/1664 586/542/1665 530/485/1666
f 530/485/1667 586/542/1668 587/543/1669 531/486/1670
f 531/486/1671 587/543/1672 588/544/1673 532/487/1674
f 532/487/1675 588/544/1676 589/545/1677 533/488/1678
f 533/488/1679 589/545/1680 590/546/1681 534/489/1682
f 534/489/1683 590/546/1684 591/547/1685 535/490/1686
f 535/490/1687 591/547/1688 592/548/1689 536/491/1690
f 536/491/1691 592/548/1692 593/549/1693 537/492/1694
f 537/492/1695 593/549/1696 594/550/1697 538/493/1698
f 538/493/1699 594/550/1700 595/551/1701 539/494/1702
f 539/494/1703 595/551/1704 596/552/1705 540/495/1706
f 540/495/1707 596/552/1708 597/553/1709 541/496/1710
f 541/496/1711 597/553/1712 598/554/1713 542/497/1714
f 542/497/1715 598/554/1716 599/555/1717 543/498/1718
f 543/498/1719 599/555/1720 600/556/1721 544/499/1722
f 544/499/1723 600/556/1724 601/557/1725 545/500/1726
f 545/500/1727 601/557/1728 602/558/1729 546/501/1730
f 546/501/1731 602/558/1732 603/559/1733 547/502/1734
f 547/502/1735 603/559/1736 604/560/1737 548/503/1738
f 548/503/1739 604/560/1740 605/561/1741 549/504/1742
f 549/504/1743 605/561/1744 606/562/1745 550/505/1746
f 550/505/1747 606/562/1748 607/563/1749 551/506/1750
f 551/506/1751 607/563/1752 608/564/1753 552/507/1754
f 552/507/1755 608/564/1756 609/565/1757 553/508/1758
f 553/508/1759 609/565/1760 610/566/1761 554/509/1762
f 554/509/1763 610/566/1764 611/567/1765 555/510/1766
f 555/510/1767 611/567/1768 612/568/1769 556/511/1770
f 556/511/1771 612/568/1772 613/569/1773 557/512/1774
f 557/512/1775 613/569/1776 614/570/1777 558/513/1778
f 558/513/1779 614/570/1780 615/571/1781 559/514/1782
f 559/514/1783 615/571/1784 616/572/1785 560/515/1786
f 560/515/1787 616/572/1788 617/573/1789 561/516/1790
f 561/516/1791 617/573/1792 618/574/1793 562/517/1794
f 562/517/1795 618/574/1796 619/575/1797 563/518/1798
f 563/518/1799 619/575/1800 620/576/1801 564/519/1802
f 564/519/1803 620/576/1804 621/577/1805 565/520/1806
f 565/520/1807 621/577/1808 622/578/1809 566/521/1810
f 566/521/1811 622/578/1812 623/579/1813 567/522/1814
f 567/522/1815 623/579/1816 624/580/1817 568/523/1818
f 568/523/1819 624/580/1820 625/581/1821 569/524/1822
f 569/524/1823 625/581/1824 626/582/1825 570/525/1826
f 570/525/1827 626/582/1828 627/583/1829 571/526/1830
f 572/527/1831 628/584/1832 629/585/1833 573/528/1834
f 573/528/1835 629/585/1836 630/586/1837 574/529/1838
f 574/529/1839 630/586/1840 631/587/1841 575/530/1842
f 575/530/1843 631/587/1844 632/588/1845 576/531/1846
f 576/531/1847 632/588/1848 633/589/1849 577/532/1850
f 577/532/1851 633/589/1852 634/590/1853 578/533/1854
f 578/533/1855 634/590/1856 635/591/1857 579/534/1858
f 579/534/1859 635/591/1860 636/592/1861 580/535/1862
f 580/535/1863 636/592/1864 637/593/1865 581/536/1866
f 581/536/1867 637/593/1868 582/537/1869 526/480/1870
f 582/537/1871 638/594/1872 639/595/1873 583/538/1874
f 583/539/1875 639/596/1876 640/597/1877 584/540/1878
f 584/540/1879 640/597/1880 641/598/1881 585/541/1882
f 585/541/1883 641/598/1884 642/599/1885 586/542/1886
f 586/542/1887 642/599/1888 643/600/1889 587/543/1890
f 587/543/1891 643/600/1892 644/601/1893 588/544/1894
f 588/544/1895 644/601/1896 645/602/1897 589/545/1898
f 589/545/1899 645/602/1900 646/603/1901 590/546/1902
f 590/546/1903 646/603/1904 647/604/1905 591/547/1906
f 591/547/1907 647/604/1908 648/605/1909 592/548/1910
f 592/548/1911 648/605/1912 649/606/1913 593/549/1914
f 593/549/1915 649/606/1916 650/607/1917 594/550/1918
f 594/550/1919 650/607/1920 651/608/1921 595/551/1922
f 595/551/1923 651/608/1924 652/609/1925 596/552/1926
f 596/552/1927 652/609/1928 653/610/1929 597/553/1930
f 597/553/1931 653/610/1932 654/611/1933 598/554/1934
f 598/554/1935 654/611/1936 655/612/1937 599/555/1938
f 599/555/1939 655/612/1940 656/613/1941 600/556/1942
f 600/556/1943 656/613/1944 657/614/1945 601/557/1946
f 601/557/1947 657/614/1948 658/615/1949 602/558/1950
f 602/558/1951 658/615/1952 659/616/1953 603/559/1954
f 603/559/1955 659/616/1956 660/617/1957 604/560/1958
f 604/560/1959 660/617/1960 661/618/1961 605/561/1962
f 605/561/1963 661/618/1964 662/619/1965 606/562/1966
f 606/562/1967 662/619/1968 663/620/1969 607/563/1970
f 607/563/1971 663/620/1972 664/621/1973 608/564/1974
f 608/564/1975 664/621/1976 665/622/1977 609/565/1978
f 609/565/1979 665/622/1980 666/623/1981 610/566/1982
f 610/566/1983 666/623/1984 667/624/1985 611/567/1986
f 611/567/1987 667/624/1988 668/625/1989 612/568/1990
f 612/568/1991 668/625/1992 669/626/1993 613/569/1994
f 613/569/1995 669/626/1996 670/627/1997 614/570/1998
f 614/570/1999 670/627/2000 671/628/2001 615/571/2002
f 615/571/2003 671/628/2004 672/629/2005 616/572/2006
f 616/572/2007 672/629/2008 673/630/2009 617/573/2010
f 617/573/2011 673/630/2012 674/631/2013 618/574/2014
f 618/574/2015 674/631/2016 675/632/2017 619/575/2018
f 619/575/2019 675/632/2020 676/633/2021 620/576/2022
f 620/576/2023 676/633/2024 677/634/2025 621/577/2026
f 621/577/2027 677/634/2028 678/635/2029 622/578/2030
f 622/578/2031 678/635/2032 679/636/2033 623/579/2034
f 623/579/2035 679/636/2036 680/637/2037 624/580/2038
f 624/580/2039 680/637/2040 681/638/2041 625/581/2042
f 625/581/2043 681/638/2044 682/639/2045 626/582/2046
f 626/582/2047 682/639/2048 683/640/2049 627/583/2050
f 628/584/2051 684/641/2052 685/642/2053 629/585/2054
f 629/585/2055 685/642/2056 686/643/2057 630/586/2058
f 630/586/2059 686/643/2060 687/644/2061 631/587/2062
f 631/587/2063 687/644/2064 688/645/2065 632/588/2066
f 632/588/2067 688/645/2068 689/646/2069 633/589/2070
f 633/589/2071 689/646/2072 690/647/2073 634/590/2074
f 634/590/2075 690/647/2076 691/648/2077 635/591/2078
f 635/591/2079 691/648/2080 692/649/2081 636/592/2082
f 636/592/2083 692/649/2084 693/650/2085 637/593/2086
f 637/593/2087 693/650/2088 638/594/2089 582/537/2090
f 638/594/2091 694/651/2092 695/652/2093 639/595/2094
f 639/596/2095 695/653/2096 696/654/2097 640/597/2098
f 640/597/2099 696/654/2100 697/655/2101 641/598/2102
f 641/598/2103 697/655/2104 698/656/2105 642/599/2106
f 642/599/2107 698/656/2108 699/657/2109 643/600/2110
f 643/600/2111 699/657/2112 700/658/2113 644/601/2114
f 644/601/2115 700/658/2116 701/659/2117 645/602/2118
f 645/602/2119 701/659/2120 702/660/2121 646/603/2122
f 646/603/2123 702/660/2124 703/661/2125 647/604/2126
f 647/604/2127 703/661/2128 704/662/2129 648/605/2130
f 648/605/2131 704/662/2132 705/663/2133 649/606/2134
f 649/606/2135 705/663/2136 706/664/2137 650/607/2138
f 650/607/2139 706/664/2140 707/665/2141 651/608/2142
f 651/608/2143 707/665/2144 708/666/2145 652/609/2146
f 652/609/2147 708/666/2148 709/667/2149 653/610/2150
f 653/610/2151 709/667/2152 710/668/2153 654/611/2154
f 654/611/2155 710/668/2156 711/669/2157 655/612/2158
f 655/612/2159 711/669/2160 712/670/2161 656/613/2162
f 656/613/2163 712/670/2164 713/671/2165 657/614/2166
f 657/614/2167 713/671/2168 714/672/2169 658/615/2170
f 658/615/2171 714/672/2172 715/673/2173 659/616/2174
f 659/616/2175 715/673/2176 716/674/2177 660/617/2178
f 660/617/2179 716/674/2180 717/675/2181 661/618/2182
f 661/618/2183 717/675/2184 718/676/2185 662/619/2186
f 662/619/2187 718/676/2188 719/677/2189 663/620/2190
f 663/620/2191 719/677/2192 720/678/2193 664/621/2194
f 664/621/2195 720/678/2196 721/679/2197 665/622/2198
f 665/622/2199 721/679/2200 722/680/2201 666/623/2202
f 666/623/2203 722/680/2204 723/681/2205 667/624/2206
f 667/624/2207 723/681/2208 724/682/2209 668/625/2210
f 668/625/2211 724/682/2212 725/683/2213 669/626/2214
f 669/626/2215 725/683/2216 726/684/2217 670/627/2218
f 670/627/2219 726/684/2220 727/685/2221 671/628/2222
f 671/628/2223 727/685/2224 728/686/2225 672/629/2226
f 672/629/2227 728/686/2228 729/687/2229 673/630/2230
f 673/630/2231 729/687/2232 730/688/2233 674/631/2234
f 674/631/2235 730/688/2236 731/689/2237 675/632/2238
f 675/632/2239 731/689/2240 732/690/2241 676/633/2242
f 676/633/2243 732/690/2244 733/691/2245 677/634/2246
f 677/634/2247 733/691/2248 734/692/2249 678/635/2250
f 678/635/2251 734/692/2252 735/693/2253 679/636/2254
f 679/636/2255 735/693/2256 736/694/2257 680/637/2258
f 680/637/2259 736/694/2260 737/695/2261 681/638/2262
f 681/638/2263 737/695/2264 738/696/2265 682/639/2266
f 682/639/2267 738/696/2268 739/697/2269 683/640/2270
f 684/641/2271 740/698/2272 741/699/2273 685/642/2274
f 685/642/2275 741/699/2276 742/700/2277 686/643/2278
f 686/643/2279 742/700/2280 743/701/2281 687/644/2282
f 687/644/2283 743/701/2284 744/702/2285 688/645/2286
f 688/645/2287 744/702/2288 745/703/2289 689/646/2290
f 689/646/2291 745/703/2292 746/704/2293 690/647/2294
f 690/647/2295 746/704/2296 747/705/2297 691/648/2298
f 691/648/2299 747/705/2300 748/706/2301 692/649/2302
f 692/649/2303 748/706/2304 749/707/2305 693/650/2306
f 693/650/2307 749/707/2308 694/651/2309 638/594/2310
f 694/651/2311 750/708/2312 751/709/2313 695/652/2314
f 695/653/2315 751/710/2316 752/711/2317 696/654/2318
f 696/654/2319 752/711/2320 753/712/2321 697/655/2322
f 697/655/2323 753/712/2324 754/713/2325 698/656/2326
f 698/656/2327 754/713/2328 755/714/2329 699/657/2330
f 699/657/2331 755/714/2332 756/715/2333 700/658/2334
f 700/658/2335 756/715/2336 757/716/2337 701/659/2338
f 701/659/2339 757/716/2340 758/717/2341 702/660/2342
f 702/660/2343 758/717/2344 759/718/2345 703/661/2346
f 703/661/2347 759/718/2348 760/719/2349 704/662/2350
f 704/662/2351 760/719/2352 761/720/2353 705/663/2354
f 705/663/2355 761/720/2356 762/721/2357 706/664/2358
f 706/664/2359 762/721/2360 763/722/2361 707/665/2362
f 707/665/2363 763/722/2364 764/723/2365 708/666/2366
f 708/666/2367 764/723/2368 765/724/2369 709/667/2370
f 709/667/2371 765/724/2372 766/725/2373 710/668/2374
f 710/668/2375 766/725/2376 767/726/2377 711/669/2378
f 711/669/2379 767/726/2380 768/727/2381 712/670/2382
f 712/670/2383 768/727/2384 769/728/2385 713/671/2386
f 713/671/2387 769/728/2388 770/729/2389 714/672/2390
f 714/672/2391 770/729/2392 771/730/2393 715/673/2394
f 715/673/2395 771/730/2396 772/731/2397 716/674/2398
f 716/674/2399 772/731/2400 773/732/2401 717/675/2402
f 717/675/2403 773/732/2404 774/733/2405 718/676/2406
f 718/676/2407 774/733/2408 775/734/2409 719/677/2410
f 719/677/2411 775/734/2412 776/735/2413 720/678/2414
f 720/678/2415 776/735/2416 777/736/2417 721/679/2418
f 721/679/2419 777/736/2420 778/737/2421 722/680/2422
f 722/680/2423 778/737/2424 779/738/2425 723/681/2426
f 723/681/2427 779/738/2428 780/739/2429 724/682/2430
f 724/682/2431 780/739/2432 781/740/2433 725/683/2434
f 725/683/2435 781/740/2436 782/741/2437 726/684/2438
f 726/684/2439 782/741/2440 783/742/2441 727/685/2442
f 727/685/2443 783/742/2444 784/743/2445 728/686/2446
f 728/686/2447 784/743/2448 785/744/2449 729/687/2450
f 729/687/2451 785/744/2452 786/745/2453 730/688/2454
f 730/688/2455 786/745/2456 787/746/2457 731/689/2458
f 731/689/2459 787/746/2460 788/747/2461 732/690/2462
f 732/690/2463 788/747/2464 789/748/2465 733/691/2466
f 733/691/2467 789/748/2468 790/749/2469 734/692/2470
f 734/692/2471 790/749/2472 791/750/2473 735/693/2474
f 735/693/2475 791/750/2476 792/751/2477 736/694/2478
f 736/694/2479 792/751/2480 793/752/2481 737/695/2482
f 737/695/2483 793/752/2484 794/753/2485 738/696/2486
f 738/696/2487 794/753/2488 795/754/2489 739/697/2490
f 740/698/2491 796/755/2492 797/756/2493 741/699/2494
f 741/699/2495 797/756/2496 798/757/2497 742/700/2498
f 742/700/2499 798/757/2500 799/758/2501 743/701/2502
f 743/701/2503 799/758/2504 800/759/2505 744/702/2506
f 744/702/2507 800/759/2508 801/760/2509 745/703/2510
f 745/703/2511 801/760/2512 802/761/2513 746/704/2514
f 746/704/2515 802/761/2516 803/762/2517 747/705/2518
f 747/705/2519 803/762/2520 804/763/2521 748/706/2522
f 748/706/2523 804/763/2524 805/764/2525 749/707/2526
f 749/707/2527 805/764/2528 750/708/2529 694/651/2530
f 750/708/2531 261/765/2532 262/766/2533 751/709/2534
f 751/710/2535 262/767/2536 263/768/2537 752/711/2538
f 752/711/2539 263/768/2540 264/769/2541 753/712/2542
f 753/712/2543 264/769/2544 265/770/2545 754/713/2546
f 754/713/2547 265/770/2548 266/771/2549 755/714/2550
f 755/714/2551 266/771/2552 267/772/2553 756/715/2554
f 756/715/2555 267/772/2556 268/773/2557 757/716/2558
f 757/716/2559 268/773/2560 269/774/2561 758/717/2562
f 758/717/2563 269/774/2564 270/775/2565 759/718/2566
f 759/718/2567 270/775/2568 271/776/2569 760/719/2570
f 760/719/2571 271/776/2572 272/777/2573 761/720/2574
f 761/720/2575 272/777/2576 273/778/2577 762/721/2578
f 762/721/2579 273/778/2580 274/779/2581 763/722/2582
f 763/722/2583 274/779/2584 275/780/2585 764/723/2586
f 764/723/2587 275/780/2588 276/781/2589 765/724/2590
f 765/724/2591 276/781/2592 277/782/2593 766/725/2594
f 766/725/2595 277/782/2596 278/783/2597 767/726/2598
f 767/726/2599 278/783/2600 279/784/2601 768/727/2602
f 768/727/2603 279/784/2604 280/785/2605 769/728/2606
f 769/728/2607 280/785/2608 281/786/2609 770/729/2610
f 770/729/2611 281/786/2612 282/787/2613 771/730/2614
f 771/730/2615 282/787/2616 283/788/2617 772/731/2618
f 772/731/2619 283/788/2620 284/789/2621 773/732/2622
f 773/732/2623 284/789/2624 285/790/2625 774/733/2626
f 774/733/2627 285/790/2628 286/791/2629 775/734/2630
f 775/734/2631 286/791/2632 287/792/2633 776/735/2634
f 776/735/2635 287/792/2636 288/793/2637 777/736/2638
f 777/736/2639 288/793/2640 289/794/2641 778/737/2642
f 778/737/2643 289/794/2644 290/795/2645 779/738/2646
f 779/738/2647 290/795/2648 291/796/2649 780/739/2650
f 780/739/2651 291/796/2652 292/797/2653 781/740/2654
f 781/740/2655 292/797/2656 293/798/2657 782/741/2658
f 782/741/2659 293/798/2660 294/799/2661 783/742/2662
f 783/742/2663 294/799/2664 295/800/2665 784/743/2666
f 784/743/2667 295/800/2668 296/801/2669 785/744/2670
f 785/744/2671 296/801/2672 297/802/2673 786/745/2674
f 786/745/2675 297/802/2676 298/803/2677 787/746/2678
f 787/746/2679 298/803/2680 299/804/2681 788/747/2682
f 788/747/2683 299/804/2684 300/805/2685 789/748/2686
f 789/748/2687 300/805/2688 301/806/2689 790/749/2690
f 790/749/2691 301/806/2692 302/807/2693 791/750/2694
f 791/750/2695 302/807/2696 303/808/2697 792/751/2698
f 792/751/2699 303/808/2700 304/809/2701 793/752/2702
f 793/752/2703 304/809/2704 305/810/2705 794/753/2706
f 794/753/2707 305/810/2708 306/811/2709 795/754/2710
f 796/755/2711 307/812/2712 308/813/2713 797/756/2714
f 797/756/2715 308/813/2716 309/814/2717 798/757/2718
f 798/757/2719 309/814/2720 310/815/2721 799/758/2722
f 799/758/2723 310/815/2724 311/816/2725 800/759/2726
f 800/759/2727 311/816/2728 312/817/2729 801/760/2730
f 801/760/2731 312/817/2732 313/818/2733 802/761/2734
f 802/761/2735 313/818/2736 314/819/2737 803/762/2738
f 803/762/2739 314/819/2740 315/820/2741 804/763/2742
f 804/763/2743 315/820/2744 316/821/2745 805/764/2746
f 805/764/2747 316/821/2748 261/765/2749 750/708/2750
f 306/811/2751 807/822/2752 808/823/2753 795/754/2754
f 795/754/2755 808/823/2756 809/824/2757 739/697/2758
f 739/697/2759 809/824/2760 810/825/2761 683/640/2762
f 683/640/2763 810/825/2764 811/826/2765 627/583/2766
f 627/583/2767 811/826/2768 806/827/2769 571/526/2770
f 807/822/2771 813/828/2772 814/829/2773 808/823/2774
f 808/823/2775 814/829/2776 815/830/2777 809/824/2778
f 809/824/2779 815/830/2780 816/831/2781 810/825/2782
f 810/825/2783 816/831/2784 817/832/2785 811/826/2786
f 811/826/2787 817/832/2788 812/833/2789 806/827/2790
f 813/828/2791 819/834/2792 820/835/2793 814/829/2794
f 814/829/2795 820/835/2796 821/836/2797 815/830/2798
f 815/830/2799 821/836/2800 822/837/2801 816/831/2802
f 816/831/2803 822/837/2804 823/838/2805 817/832/2806
f 817/832/2807 823/838/2808 818/839/2809 812/833/2810
f 819/834/2811 825/840/2812 826/841/2813 820/835/2814
f 820/835/2815 826/841/2816 827/842/2817 821/836/2818
f 821/836/2819 827/842/2820 828/843/2821 822/837/2822
f 822/837/2823 828/843/2824 829/844/2825 823/838/2826
f 823/838/2827 829/844/2828 824/845/2829 818/839/2830
f 825/840/2831 831/846/2832 832/847/2833 826/841/2834
f 826/841/2835 832/847/2836 833/848/2837 827/842/2838
f 827/842/2839 833/848/2840 834/849/2841 828/843/2842
f 828/843/2843 834/849/2844 835/850/2845 829/844/2846
f 829/844/2847 835/850/2848 830/851/2849 824/845/2850
f 831/846/2851 837/852/2852 838/853/2853 832/847/2854
f 832/847/2855 838/853/2856 839/854/2857 833/848/2858
f 833/848/2859 839/854/2860 840/855/2861 834/849/2862
f 834/849/2863 840/855/2864 841/856/2865 835/850/2866
f 835/850/2867 841/856/2868 836/857/2869 830/851/2870
f 837/852/2871 843/858/2872 844/859/2873 838/853/2874
f 838/853/2875 844/859/2876 845/860/2877 839/854/2878
f 839/854/2879 845/860/2880 846/861/2881 840/855/2882
f 840/855/2883 846/861/2884 847/862/2885 841/856/2886
f 841/856/2887 847/862/2888 842/863/2889 836/857/2890
f 843/858/2891 849/864/2892 850/865/2893 844/859/2894
f 844/859/2895 850/865/2896 851/866/2897 845/860/2898
f 845/860/2899 851/866/2900 852/867/2901 846/861/2902
f 846/861/2903 852/867/2904 853/868/2905 847/862/2906
f 847/862/2907 853/868/2908 848/869/2909 842/863/2910
f 849/864/2911 855/870/2912 856/871/2913 850/865/2914
f 850/865/2915 856/871/2916 857/872/2917 851/866/2918
f 851/866/2919 857/872/2920 858/873/2921 852/867/2922
f 852/867/2923 858/873/2924 859/874/2925 853/868/2926
f 853/868/2927 859/874/2928 854/875/2929 848/869/2930
f 855/870/2931 861/876/2932 862/877/2933 856/871/2934
f 856/871/2935 862/877/2936 863/878/2937 857/872/2938
f 857/872/2939 863/878/2940 864/879/2941 858/873/2942
f 858/873/2943 864/879/2944 865/880/2945 859/874/2946
f 859/874/2947 865/880/2948 860/881/2949 854/875/2950
f 861/876/2951 867/882/2952 868/883/2953 862/877/2954
f 862/877/2955 868/883/2956 869/884/2957 863/878/2958
f 863/878/2959 869/884/2960 870/885/2961 864/879/2962
f 864/879/2963 870/885/2964 871/886/2965 865/880/2966
f 865/880/2967 871/886/2968 866/887/2969 860/881/2970
f 867/882/2971 873/888/2972 874/889/2973 868/883/2974
f 868/883/2975 874/889/2976 875/890/2977 869/884/2978
f 869/884/2979 875/890/2980 876/891/2981 870/885/2982
f 870/885/2983 876/891/2984 877/892/2985 871/886/2986
f 871/886/2987 877/892/2988 872/893/2989 866/887/2990
f 873/888/2991 879/894/2992 880/895/2993 874/889/2994
f 874/889/2995 880/895/2996 881/896/2997 875/890/2998
f 875/890/2999 881/896/3000 882/897/3001 876/891/3002
f 876/891/3003 882/897/3004 883/898/3005 877/892/3006
f 877/892/3007 883/898/3008 878/899/3009 872/893/3010
f 879/894/3011 885/900/3012 886/901/3013 880/895/3014
f 880/895/3015 886/901/3016 887/902/3017 881/896/3018
f 881/896/3019 887/902/3020 888/903/3021 882/897/3022
f 882/897/3023 888/903/3024 889/904/3025 883/898/3026
f 883/898/3027 889/904/3028 884/905/3029 878/899/3030
f 885/900/3031 891/906/3032 892/907/3033 886/901/3034
f 886/901/3035 892/907/3036 893/908/3037 887/902/3038
f 887/902/3039 893/908/3040 894/909/3041 888/903/3042
f 888/903/3043 894/909/3044 895/910/3045 889/904/3046
f 889/904/3047 895/910/3048 890/911/3049 884/905/3050
f 891/906/3051 897/912/3052 898/913/3053 892/907/3054
f 892/907/3055 898/913/3056 899/914/3057 893/908/3058
f 893/908/3059 899/914/3060 900/915/3061 894/909/3062
f 894/909/3063 900/915/3064 901/916/3065 895/910/3066
f 895/910/3067 901/916/3068 896/917/3069 890/911/3070
f 897/912/3071 903/918/3072 904/919/3073 898/913/3074
f 898/913/3075 904/919/3076 905/920/3077 899/914/3078
f 899/914/3079 905/920/3080 906/921/3081 900/915/3082
f 900/915/3083 906/921/3084 907/922/3085 901/916/3086
f 901/916/3087 907/922/3088 902/923/3089 896/917/3090
f 903/918/3091 909/924/3092 910/925/3093 904/919/3094
f 904/919/3095 910/925/3096 911/926/3097 905/920/3098
f 905/920/3099 911/926/3100 912/927/3101 906/921/3102
f 906/921/3103 912/927/3104 913/928/3105 907/922/3106
f 907/922/3107 913/928/3108 908/929/3109 902/923/3110
f 909/924/3111 915/930/3112 916/931/3113 910/925/3114
f 910/925/3115 916/931/3116 917/932/3117 911/926/3118
f 911/926/3119 917/932/3120 918/933/3121 912/927/3122
f 912/927/3123 918/933/3124 919/934/3125 913/928/3126
f 913/928/3127 919/934/3128 914/935/3129 908/929/3130
f 915/930/3131 921/936/3132 922/937/3133 916/931/3134
f 916/931/3135 922/937/3136 923/938/3137 917/932/3138
f 917/932/3139 923/938/3140 924/939/3141 918/933/3142
f 918/933/3143 924/939/3144 925/940/3145 919/934/3146
f 919/934/3147 925/940/3148 920/941/3149 914/935/3150
f 921/936/3151 307/812/3152 796/755/3153 922/937/3154
f 922/937/3155 796/755/3156 740/698/3157 923/938/3158
f 923/938/3159 740/698/3160 684/641/3161 924/939/3162
f 924/939/3163 684/641/3164 628/584/3165 925/940/3166
f 925/940/3167 628/584/3168 572/527/3169 920/941/3170
g mainB_wall
usemtl /obj/server/texel_density17/uvquickshade1/shop_definition/texture_material
f 930/942/3171 1086/943/3172 1087/944/3173 931/945/3174
f 931/945/3175 1087/944/3176 1088/946/3177 932/947/3178
f 932/947/3179 1088/946/3180 1089/948/3181 933/949/3182
f 933/949/3183 1089/948/3184 1090/950/3185 934/951/3186
f 934/951/3187 1090/950/3188 1091/952/3189 935/953/3190
f 935/953/3191 1091/952/3192 1092/954/3193 936/955/3194
f 936/956/3195 1092/957/3196 1093/958/3197 938/959/3198
f 938/959/3199 1093/958/3200 1094/960/3201 940/961/3202
f 940/961/3203 1094/960/3204 1095/962/3205 942/963/3206
f 942/963/3207 1095/962/3208 1096/964/3209 944/965/3210
f 944/965/3211 1096/964/3212 1097/966/3213 946/967/3214
f 946/967/3215 1097/966/3216 1098/968/3217 948/969/3218
f 948/969/3219 1098/968/3220 1099/970/3221 950/971/3222
f 950/971/3223 1099/970/3224 1100/972/3225 952/973/3226
f 952/973/3227 1100/972/3228 1101/974/3229 954/975/3230
f 954/975/3231 1101/974/3232 1102/976/3233 956/977/3234
f 956/977/3235 1102/976/3236 1103/978/3237 958/979/3238
f 958/979/3239 1103/978/3240 1104/980/3241 960/981/3242
f 960/981/3243 1104/980/3244 1105/982/3245 962/983/3246
f 962/983/3247 1105/982/3248 1106/984/3249 964/985/3250
f 964/985/3251 1106/984/3252 1107/986/3253 966/987/3254
f 966/987/3255 1107/986/3256 1108/988/3257 968/989/3258
f 968/989/3259 1108/988/3260 1109/990/3261 970/991/3262
f 970/991/3263 1109/990/3264 1110/992/3265 972/993/3266
f 972/993/3267 1110/992/3268 1111/994/3269 974/995/3270
f 974/995/3271 1111/994/3272 1112/996/3273 1005/997/3274
f 1005/997/3275 1112/996/3276 1113/998/3277 1004/999/3278
f 1004/999/3279 1113/998/3280 1114/1000/3281 1003/1001/3282
f 1003/1001/3283 1114/1000/3284 1115/1002/3285 1002/1003/3286
f 1002/1003/3287 1115/1002/3288 1116/1004/3289 1001/1005/3290
f 1001/1005/3291 1116/1004/3292 1117/1006/3293 1000/1007/3294
f 1000/1007/3295 1117/1006/3296 1118/1008/3297 999/1009/3298
f 999/1009/3299 1118/1008/3300 1119/1010/3301 998/1011/3302
f 998/1011/3303 1119/1010/3304 1120/1012/3305 997/1013/3306
f 997/1013/3307 1120/1012/3308 1121/1014/3309 996/1015/3310
f 996/1015/3311 1121/1014/3312 1122/1016/3313 995/1017/3314
f 995/1017/3315 1122/1016/3316 1123/1018/3317 994/1019/3318
f 994/1019/3319 1123/1018/3320 1124/1020/3321 993/1021/3322
f 993/1021/3323 1124/1020/3324 1125/1022/3325 992/1023/3326
f 992/1023/3327 1125/1022/3328 1126/1024/3329 991/1025/3330
f 991/1025/3331 1126/1024/3332 1127/1026/3333 990/1027/3334
f 990/1027/3335 1127/1026/3336 1128/1028/3337 989/1029/3338
f 989/1029/3339 1128/1028/3340 1129/1030/3341 988/1031/3342
f 988/1031/3343 1129/1030/3344 1130/1032/3345 987/1033/3346
f 987/1033/3347 1130/1032/3348 1131/1034/3349 986/1035/3350
f 986/1035/3351 1131/1034/3352 1132/1036/3353 985/1037/3354
f 985/1037/3355 1132/1036/3356 1133/1038/3357 984/1039/3358
f 984/1039/3359 1133/1038/3360 1134/1040/3361 983/1041/3362
f 983/1041/3363 1134/1040/3364 1135/1042/3365 982/1043/3366
f 982/1043/3367 1135/1042/3368 1136/1044/3369 981/1045/3370
f 981/1045/3371 1136/1044/3372 1137/1046/3373 980/1047/3374
f 980/1047/3375 1137/1046/3376 1138/1048/3377 979/1049/3378
f 979/1049/3379 1138/1048/3380 1139/1050/3381 978/1051/3382
f 978/1051/3383 1139/1050/3384 1140/1052/3385 977/1053/3386
f 977/1053/3387 1140/1052/3388 1141/1054/3389 976/1055/3390
f 976/1055/3391 1141/1054/3392 1142/1056/3393 975/1057/3394
f 975/1057/3395 1142/1056/3396 1143/1058/3397 973/1059/3398
f 973/1059/3399 1143/1058/3400 1144/1060/3401 971/1061/3402
f 971/1061/3403 1144/1060/3404 1145/1062/3405 969/1063/3406
f 969/1063/3407 1145/1062/3408 1146/1064/3409 967/1065/3410
f 967/1065/3411 1146/1064/3412 1147/1066/3413 965/1067/3414
f 965/1067/3415 1147/1066/3416 1148/1068/3417 963/1069/3418
f 963/1069/3419 1148/1068/3420 1149/1070/3421 961/1071/3422
f 961/1071/3423 1149/1070/3424 1150/1072/3425 959/1073/3426
f 959/1073/3427 1150/1072/3428 1151/1074/3429 957/1075/3430
f 957/1075/3431 1151/1074/3432 1152/1076/3433 955/1077/3434
f 955/1077/3435 1152/1076/3436 1153/1078/3437 953/1079/3438
f 953/1079/3439 1153/1078/3440 1154/1080/3441 951/1081/3442
f 951/1081/3443 1154/1080/3444 1155/1082/3445 949/1083/3446
f 949/1083/3447 1155/1082/3448 1156/1084/3449 947/1085/3450
f 947/1085/3451 1156/1084/3452 1157/1086/3453 945/1087/3454
f 945/1087/3455 1157/1086/3456 1158/1088/3457 943/1089/3458
f 943/1089/3459 1158/1088/3460 1159/1090/3461 941/1091/3462
f 941/1091/3463 1159/1090/3464 1160/1092/3465 939/1093/3466
f 939/1093/3467 1160/1092/3468 1161/1094/3469 937/1095/3470
f 937/1095/3471 1161/1094/3472 1162/1096/3473 926/1097/3474
f 926/1097/3475 1162/1096/3476 1163/1098/3477 927/1099/3478
f 927/1099/3479 1163/1098/3480 1164/1100/3481 928/1101/3482
f 928/1101/3483 1164/1100/3484 1165/1102/3485 929/1103/3486
f 1086/943/3487 1166/1104/3488 1167/1105/3489 1087/944/3490
f 1087/944/3491 1167/1105/3492 1168/1106/3493 1088/946/3494
f 1088/946/3495 1168/1106/3496 1169/1107/3497 1089/948/3498
f 1089/948/3499 1169/1107/3500 1170/1108/3501 1090/950/3502
f 1090/950/3503 1170/1108/3504 1171/1109/3505 1091/952/3506
f 1091/952/3507 1171/1109/3508 1172/1110/3509 1092/954/3510
f 1092/957/3511 1172/1111/3512 1173/1112/3513 1093/958/3514
f 1093/958/3515 1173/1112/3516 1174/1113/3517 1094/960/3518
f 1094/960/3519 1174/1113/3520 1175/1114/3521 1095/962/3522
f 1095/962/3523 1175/1114/3524 1176/1115/3525 1096/964/3526
f 1096/964/3527 1176/1115/3528 1177/1116/3529 1097/966/3530
f 1097/966/3531 1177/1116/3532 1178/1117/3533 1098/968/3534
f 1098/968/3535 1178/1117/3536 1179/1118/3537 1099/970/3538
f 1099/970/3539 1179/1118/3540 1180/1119/3541 1100/972/3542
f 1100/972/3543 1180/1119/3544 1181/1120/3545 1101/974/3546
f 1101/974/3547 1181/1120/3548 1182/1121/3549 1102/976/3550
f 1102/976/3551 1182/1121/3552 1183/1122/3553 1103/978/3554
f 1103/978/3555 1183/1122/3556 1184/1123/3557 1104/980/3558
f 1104/980/3559 1184/1123/3560 1185/1124/3561 1105/982/3562
f 1105/982/3563 1185/1124/3564 1186/1125/3565 1106/984/3566
f 1106/984/3567 1186/1125/3568 1187/1126/3569 1107/986/3570
f 1107/986/3571 1187/1126/3572 1188/1127/3573 1108/988/3574
f 1108/988/3575 1188/1127/3576 1189/1128/3577 1109/990/3578
f 1109/990/3579 1189/1128/3580 1190/1129/3581 1110/992/3582
f 1110/992/3583 1190/1129/3584 1191/1130/3585 1111/994/3586
f 1111/994/3587 1191/1130/3588 1192/1131/3589 1112/996/3590
f 1112/996/3591 1192/1131/3592 1193/1132/3593 1113/998/3594
f 1113/998/3595 1193/1132/3596 1194/1133/3597 1114/1000/3598
f 1114/1000/3599 1194/1133/3600 1195/1134/3601 1115/1002/3602
f 1115/1002/3603 1195/1134/3604 1196/1135/3605 1116/1004/3606
f 1116/1004/3607 1196/1135/3608 1197/1136/3609 1117/1006/3610
f 1117/1006/3611 1197/1136/3612 1198/1137/3613 1118/1008/3614
f 1118/1008/3615 1198/1137/3616 1199/1138/3617 1119/1010/3618
f 1119/1010/3619 1199/1138/3620 1200/1139/3621 1120/1012/3622
f 1120/1012/3623 1200/1139/3624 1201/1140/3625 1121/1014/3626
f 1121/1014/3627 1201/1140/3628 1202/1141/3629 1122/1016/3630
f 1122/1016/3631 1202/1141/3632 1203/1142/3633 1123/1018/3634
f 1123/1018/3635 1203/1142/3636 1204/1143/3637 1124/1020/3638
f 1124/1020/3639 1204/1143/3640 1205/1144/3641 1125/1022/3642
f 1125/1022/3643 1205/1144/3644 1206/1145/3645 1126/1024/3646
f 1126/1024/3647 1206/1145/3648 1207/1146/3649 1127/1026/3650
f 1127/1026/3651 1207/1146/3652 1208/1147/3653 1128/1028/3654
f 1128/1028/3655 1208/1147/3656 1209/1148/3657 1129/1030/3658
f 1129/1030/3659 1209/1148/3660 1210/1149/3661 1130/1032/3662
f 1130/1032/3663 1210/1149/3664 1211/1150/3665 1131/1034/3666
f 1131/1034/3667 1211/1150/3668 1212/1151/3669 1132/1036/3670
f 1132/1036/3671 1212/1151/3672 1213/1152/3673 1133/1038/3674
f 1133/1038/3675 1213/1152/3676 1214/1153/3677 1134/1040/3678
f 1134/1040/3679 1214/1153/3680 1215/1154/3681 1135/1042/3682
f 1135/1042/3683 1215/1154/3684 1216/1155/3685 1136/1044/3686
f 1136/1044/3687 1216/1155/3688 1217/1156/3689 1137/1046/3690
f 1137/1046/3691 1217/1156/3692 1218/1157/3693 1138/1048/3694
f 1138/1048/3695 1218/1157/3696 1219/1158/3697 1139/1050/3698
f 1139/1050/3699 1219/1158/3700 1220/1159/3701 1140/1052/3702
f 1140/1052/3703 1220/1159/3704 1221/1160/3705 1141/1054/3706
f 1141/1054/3707 1221/1160/3708 1222/1161/3709 1142/1056/3710
f 1142/1056/3711 1222/1161/3712 1223/1162/3713 1143/1058/3714
f 1143/1058/3715 1223/1162/3716 1224/1163/3717 1144/1060/3718
f 1144/1060/3719 1224/1163/3720 1225/1164/3721 1145/1062/3722
f 1145/1062/3723 1225/1164/3724 1226/1165/3725 1146/1064/3726
f 1146/1064/3727 1226/1165/3728 1227/1166/3729 1147/1066/3730
f 1147/1066/3731 1227/1166/3732 1228/1167/3733 1148/1068/3734
f 1148/1068/3735 1228/1167/3736 1229/1168/3737 1149/1070/3738
f 1149/1070/3739 1229/1168/3740 1230/1169/3741 1150/1072/3742
f 1150/1072/3743 1230/1169/3744 1231/1170/3745 1151/1074/3746
f 1151/1074/3747 1231/1170/3748 1232/1171/3749 1152/1076/3750
f 1152/1076/3751 1232/1171/3752 1233/1172/3753 1153/1078/3754
f 1153/1078/3755 1233/1172/3756 1234/1173/3757 1154/1080/3758
f 1154/1080/3759 1234/1173/3760 1235/1174/3761 1155/1082/3762
f 1155/1082/3763 1235/1174/3764 1236/1175/3765 1156/1084/3766
f 1156/1084/3767 1236/1175/3768 1237/1176/3769 1157/1086/3770
f 1157/1086/3771 1237/1176/3772 1238/1177/3773 1158/1088/3774
f 1158/1088/3775 1238/1177/3776 1239/1178/3777 1159/1090/3778
f 1159/1090/3779 1239/1178/3780 1240/1179/3781 1160/1092/3782
f 1160/1092/3783 1240/1179/3784 1241/1180/3785 1161/1094/3786
f 1161/1094/3787 1241/1180/3788 1242/1181/3789 1162/1096/3790
f 1162/1096/3791 1242/1181/3792 1243/1182/3793 1163/1098/3794
f 1163/1098/3795 1243/1182/3796 1244/1183/3797 1164/1100/3798
f 1164/1100/3799 1244/1183/3800 1245/1184/3801 1165/1102/3802
f 1166/1104/3803 1246/1185/3804 1247/1186/3805 1167/1105/3806
f 1167/1105/3807 1247/1186/3808 1248/1187/3809 1168/1106/3810
f 1168/1106/3811 1248/1187/3812 1249/1188/3813 1169/1107/3814
f 1169/1107/3815 1249/1188/3816 1250/1189/3817 1170/1108/3818
f 1170/1108/3819 1250/1189/3820 1251/1190/3821 1171/1109/3822
f 1171/1109/3823 1251/1190/3824 1252/1191/3825 1172/1110/3826
f 1172/1111/3827 1252/1192/3828 1253/1193/3829 1173/1112/3830
f 1173/1112/3831 1253/1193/3832 1254/1194/3833 1174/1113/3834
f 1174/1113/3835 1254/1194/3836 1255/1195/3837 1175/1114/3838
f 1175/1114/3839 1255/1195/3840 1256/1196/3841 1176/1115/3842
f 1176/1115/3843 1256/1196/3844 1257/1197/3845 1177/1116/3846
f 1177/1116/3847 1257/1197/3848 1258/1198/3849 1178/1117/3850
f 1178/1117/3851 1258/1198/3852 1259/1199/3853 1179/1118/3854
f 1179/1118/3855 1259/1199/3856 1260/1200/3857 1180/1119/3858
f 1180/1119/3859 1260/1200/3860 1261/1201/3861 1181/1120/3862
f 1181/1120/3863 1261/1201/3864 1262/1202/3865 1182/1121/3866
f 1182/1121/3867 1262/1202/3868 1263/1203/3869 1183/1122/3870
f 1183/1122/3871 1263/1203/3872 1264/1204/3873 1184/1123/3874
f 1184/1123/3875 1264/1204/3876 1265/1205/3877 1185/1124/3878
f 1185/1124/3879 1265/1205/3880 1266/1206/3881 1186/1125/3882
f 1186/1125/3883 1266/1206/3884 1267/1207/3885 1187/1126/3886
f 1187/1126/3887 1267/1207/3888 1268/1208/3889 1188/1127/3890
f 1188/1127/3891 1268/1208/3892 1269/1209/3893 1189/1128/3894
f 1189/1128/3895 1269/1209/3896 1270/1210/3897 1190/1129/3898
f 1190/1129/3899 1270/1210/3900 1271/1211/3901 1191/1130/3902
f 1191/1130/3903 1271/1211/3904 1272/1212/3905 1192/1131/3906
f 1192/1131/3907 1272/1212/3908 1273/1213/3909 1193/1132/3910
f 1193/1132/3911 1273/1213/3912 1274/1214/3913 1194/1133/3914
f 1194/1133/3915 1274/1214/3916 1275/1215/3917 1195/1134/3918
f 1195/1134/3919 1275/1215/3920 1276/1216/3921 1196/1135/3922
f 1196/1135/3923 1276/1216/3924 1277/1217/3925 1197/1136/3926
f 1197/1136/3927 1277/1217/3928 1278/1218/3929 1198/1137/3930
f 1198/1137/3931 1278/1218/3932 1279/1219/3933 1199/1138/3934
f 1199/1138/3935 1279/1219/3936 1280/1220/3937 1200/1139/3938
f 1200/1139/3939 1280/1220/3940 1281/1221/3941 1201/1140/3942
f 1201/1140/3943 1281/1221/3944 1282/1222/3945 1202/1141/3946
f 1202/1141/3947 1282/1222/3948 1283/1223/3949 1203/1142/3950
f 1203/1142/3951 1283/1223/3952 1284/1224/3953 1204/1143/3954
f 1204/1143/3955 1284/1224/3956 1285/1225/3957 1205/1144/3958
f 1205/1144/3959 1285/1225/3960 1286/1226/3961 1206/1145/3962
f 1206/1145/3963 1286/1226/3964 1287/1227/3965 1207/1146/3966
f 1207/1146/3967 1287/1227/3968 1288/1228/3969 1208/1147/3970
f 1208/1147/3971 1288/1228/3972 1289/1229/3973 1209/1148/3974
f 1209/1148/3975 1289/1229/3976 1290/1230/3977 1210/1149/3978
f 1210/1149/3979 1290/1230/3980 1291/1231/3981 1211/1150/3982
f 1211/1150/3983 1291/1231/3984 1292/1232/3985 1212/1151/3986
f 1212/1151/3987 1292/1232/3988 1293/1233/3989 1213/1152/3990
f 1213/1152/3991 1293/1233/3992 1294/1234/3993 1214/1153/3994
f 1214/1153/3995 1294/1234/3996 1295/1235/3997 1215/1154/3998
f 1215/1154/3999 1295/1235/4000 1296/1236/4001 1216/1155/4002
f 1216/1155/4003 1296/1236/4004 1297/1237/4005 1217/1156/4006
f 1217/1156/4007 1297/1237/4008 1298/1238/4009 1218/1157/4010
f 1218/1157/4011 1298/1238/4012 1299/1239/4013 1219/1158/4014
f 1219/1158/4015 1299/1239/4016 1300/1240/4017 1220/1159/4018
f 1220/1159/4019 1300/1240/4020 1301/1241/4021 1221/1160/4022
f 1221/1160/4023 1301/1241/4024 1302/1242/4025 1222/1161/4026
f 1222/1161/4027 1302/1242/4028 1303/1243/4029 1223/1162/4030
f 1223/1162/4031 1303/1243/4032 1304/1244/4033 1224/1163/4034
f 1224/1163/4035 1304/1244/4036 1305/1245/4037 1225/1164/4038
f 1225/1164/4039 1305/1245/4040 1306/1246/4041 1226/1165/4042
f 1226/1165/4043 1306/1246/4044 1307/1247/4045 1227/1166/4046
f 1227/1166/4047 1307/1247/4048 1308/1248/4049 1228/1167/4050
f 1228/1167/4051 1308/1248/4052 1309/1249/4053 1229/1168/4054
f 1229/1168/4055 1309/1249/4056 1310/1250/4057 1230/1169/4058
f 1230/1169/4059 1310/1250/4060 1311/1251/4061 1231/1170/4062
f 1231/1170/4063 1311/1251/4064 1312/1252/4065 1232/1171/4066
f 1232/1171/4067 1312/1252/4068 1313/1253/4069 1233/1172/4070
f 1233/1172/4071 1313/1253/4072 1314/1254/4073 1234/1173/4074
f 1234/1173/4075 1314/1254/4076 1315/1255/4077 1235/1174/4078
f 1235/1174/4079 1315/1255/4080 1316/1256/4081 1236/1175/4082
f 1236/1175/4083 1316/1256/4084 1317/1257/4085 1237/1176/4086
f 1237/1176/4087 1317/1257/4088 1318/1258/4089 1238/1177/4090
f 1238/1177/4091 1318/1258/4092 1319/1259/4093 1239/1178/4094
f 1239/1178/4095 1319/1259/4096 1320/1260/4097 1240/1179/4098
f 1240/1179/4099 1320/1260/4100 1321/1261/4101 1241/1180/4102
f 1241/1180/4103 1321/1261/4104 1322/1262/4105 1242/1181/4106
f 1242/1181/4107 1322/1262/4108 1323/1263/4109 1243/1182/4110
f 1243/1182/4111 1323/1263/4112 1324/1264/4113 1244/1183/4114
f 1244/1183/4115 1324/1264/4116 1325/1265/4117 1245/1184/4118
f 1246/1185/4119 1326/1266/4120 1327/1267/4121 1247/1186/4122
f 1247/1186/4123 1327/1267/4124 1328/1268/4125 1248/1187/4126
f 1248/1187/4127 1328/1268/4128 1329/1269/4129 1249/1188/4130
f 1249/1188/4131 1329/1269/4132 1330/1270/4133 1250/1189/4134
f 1250/1189/4135 1330/1270/4136 1331/1271/4137 1251/1190/4138
f 1251/1190/4139 1331/1271/4140 1332/1272/4141 1252/1191/4142
f 1252/1192/4143 1332/1273/4144 1333/1274/4145 1253/1193/4146
f 1253/1193/4147 1333/1274/4148 1334/1275/4149 1254/1194/4150
f 1254/1194/4151 1334/1275/4152 1335/1276/4153 1255/1195/4154
f 1255/1195/4155 1335/1276/4156 1336/1277/4157 1256/1196/4158
f 1256/1196/4159 1336/1277/4160 1337/1278/4161 1257/1197/4162
f 1257/1197/4163 1337/1278/4164 1338/1279/4165 1258/1198/4166
f 1258/1198/4167 1338/1279/4168 1339/1280/4169 1259/1199/4170
f 1259/1199/4171 1339/1280/4172 1340/1281/4173 1260/1200/4174
f 1260/1200/4175 1340/1281/4176 1341/1282/4177 1261/1201/4178
f 1261/1201/4179 1341/1282/4180 1342/1283/4181 1262/1202/4182
f 1262/1202/4183 1342/1283/4184 1343/1284/4185 1263/1203/4186
f 1263/1203/4187 1343/1284/4188 1344/1285/4189 1264/1204/4190
f 1264/1204/4191 1344/1285/4192 1345/1286/4193 1265/1205/4194
f 1265/1205/4195 1345/1286/4196 1346/1287/4197 1266/1206/4198
f 1266/1206/4199 1346/1287/4200 1347/1288/4201 1267/1207/4202
f 1267/1207/4203 1347/1288/4204 1348/1289/4205 1268/1208/4206
f 1268/1208/4207 1348/1289/4208 1349/1290/4209 1269/1209/4210
f 1269/1209/4211 1349/1290/4212 1350/1291/4213 1270/1210/4214
f 1270/1210/4215 1350/1291/4216 1351/1292/4217 1271/1211/4218
f 1271/1211/4219 1351/1292/4220 1352/1293/4221 1272/1212/4222
f 1272/1212/4223 1352/1293/4224 1353/1294/4225 1273/1213/4226
f 1273/1213/4227 1353/1294/4228 1354/1295/4229 1274/1214/4230
f 1274/1214/4231 1354/1295/4232 1355/1296/4233 1275/1215/4234
f 1275/1215/4235 1355/1296/4236 1356/1297/4237 1276/1216/4238
f 1276/1216/4239 1356/1297/4240 1357/1298/4241 1277/1217/4242
f 1277/1217/4243 1357/1298/4244 1358/1299/4245 1278/1218/4246
f 1278/1218/4247 1358/1299/4248 1359/1300/4249 1279/1219/4250
f 1279/1219/4251 1359/1300/4252 1360/1301/4253 1280/1220/4254
f 1280/1220/4255 1360/1301/4256 1361/1302/4257 1281/1221/4258
f 1281/1221/4259 1361/1302/4260 1362/1303/4261 1282/1222/4262
f 1282/1222/4263 1362/1303/4264 1363/1304/4265 1283/1223/4266
f 1283/1223/4267 1363/1304/4268 1364/1305/4269 1284/1224/4270
f 1284/1224/4271 1364/1305/4272 1365/1306/4273 1285/1225/4274
f 1285/1225/4275 1365/1306/4276 1366/1307/4277 1286/1226/4278
f 1286/1226/4279 1366/1307/4280 1367/1308/4281 1287/1227/4282
f 1287/1227/4283 1367/1308/4284 1368/1309/4285 1288/1228/4286
f 1288/1228/4287 1368/1309/4288 1369/1310/4289 1289/1229/4290
f 1289/1229/4291 1369/1310/4292 1370/1311/4293 1290/1230/4294
f 1290/1230/4295 1370/1311/4296 1371/1312/4297 1291/1231/4298
f 1291/1231/4299 1371/1312/4300 1372/1313/4301 1292/1232/4302
f 1292/1232/4303 1372/1313/4304 1373/1314/4305 1293/1233/4306
f 1293/1233/4307 1373/1314/4308 1374/1315/4309 1294/1234/4310
f 1294/1234/4311 1374/1315/4312 1375/1316/4313 1295/1235/4314
f 1295/1235/4315 1375/1316/4316 1376/1317/4317 1296/1236/4318
f 1296/1236/4319 1376/1317/4320 1377/1318/4321 1297/1237/4322
f 1297/1237/4323 1377/1318/4324 1378/1319/4325 1298/1238/4326
f 1298/1238/4327 1378/1319/4328 1379/1320/4329 1299/1239/4330
f 1299/1239/4331 1379/1320/4332 1380/1321/4333 1300/1240/4334
f 1300/1240/4335 1380/1321/4336 1381/1322/4337 1301/1241/4338
f 1301/1241/4339 1381/1322/4340 1382/1323/4341 1302/1242/4342
f 1302/1242/4343 1382/1323/4344 1383/1324/4345 1303/1243/4346
f 1303/1243/4347 1383/1324/4348 1384/1325/4349 1304/1244/4350
f 1304/1244/4351 1384/1325/4352 1385/1326/4353 1305/1245/4354
f 1305/1245/4355 1385/1326/4356 1386/1327/4357 1306/1246/4358
f 1306/1246/4359 1386/1327/4360 1387/1328/4361 1307/1247/4362
f 1307/1247/4363 1387/1328/4364 1388/1329/4365 1308/1248/4366
f 1308/1248/4367 1388/1329/4368 1389/1330/4369 1309/1249/4370
f 1309/1249/4371 1389/1330/4372 1390/1331/4373 1310/1250/4374
f 1310/1250/4375 1390/1331/4376 1391/1332/4377 1311/1251/4378
f 1311/1251/4379 1391/1332/4380 1392/1333/4381 1312/1252/4382
f 1312/1252/4383 1392/1333/4384 1393/1334/4385 1313/1253/4386
f 1313/1253/4387 1393/1334/4388 1394/1335/4389 1314/1254/4390
f 1314/1254/4391 1394/1335/4392 1395/1336/4393 1315/1255/4394
f 1315/1255/4395 1395/1336/4396 1396/1337/4397 1316/1256/4398
f 1316/1256/4399 1396/1337/4400 1397/1338/4401 1317/1257/4402
f 1317/1257/4403 1397/1338/4404 1398/1339/4405 1318/1258/4406
f 1318/1258/4407 1398/1339/4408 1399/1340/4409 1319/1259/4410
f 1319/1259/4411 1399/1340/4412 1400/1341/4413 1320/1260/4414
f 1320/1260/4415 1400/1341/4416 1401/1342/4417 1321/1261/4418
f 1321/1261/4419 1401/1342/4420 1402/1343/4421 1322/1262/4422
f 1322/1262/4423 1402/1343/4424 1403/1344/4425 1323/1263/4426
f 1323/1263/4427 1403/1344/4428 1404/1345/4429 1324/1264/4430
f 1324/1264/4431 1404/1345/4432 1405/1346/4433 1325/1265/4434
f 1326/1266/4435 1406/1347/4436 1407/1348/4437 1327/1267/4438
f 1327/1267/4439 1407/1348/4440 1408/1349/4441 1328/1268/4442
f 1328/1268/4443 1408/1349/4444 1409/1350/4445 1329/1269/4446
f 1329/1269/4447 1409/1350/4448 1410/1351/4449 1330/1270/4450
f 1330/1270/4451 1410/1351/4452 1411/1352/4453 1331/1271/4454
f 1331/1271/4455 1411/1352/4456 1412/1353/4457 1332/1272/4458
f 1332/1273/4459 1412/1354/4460 1413/1355/4461 1333/1274/4462
f 1333/1274/4463 1413/1355/4464 1414/1356/4465 1334/1275/4466
f 1334/1275/4467 1414/1356/4468 1415/1357/4469 1335/1276/4470
f 1335/1276/4471 1415/1357/4472 1416/1358/4473 1336/1277/4474
f 1336/1277/4475 1416/1358/4476 1417/1359/4477 1337/1278/4478
f 1337/1278/4479 1417/1359/4480 1418/1360/4481 1338/1279/4482
f 1338/1279/4483 1418/1360/4484 1419/1361/4485 1339/1280/4486
f 1339/1280/4487 1419/1361/4488 1420/1362/4489 1340/1281/4490
f 1340/1281/4491 1420/1362/4492 1421/1363/4493 1341/1282/4494
f 1341/1282/4495 1421/1363/4496 1422/1364/4497 1342/1283/4498
f 1342/1283/4499 1422/1364/4500 1423/1365/4501 1343/1284/4502
f 1343/1284/4503 1423/1365/4504 1424/1366/4505 1344/1285/4506
f 1344/1285/4507 1424/1366/4508 1425/1367/4509 1345/1286/4510
f 1345/1286/4511 1425/1367/4512 1426/1368/4513 1346/1287/4514
f 1346/1287/4515 1426/1368/4516 1427/1369/4517 1347/1288/4518
f 1347/1288/4519 1427/1369/4520 1428/1370/4521 1348/1289/4522
f 1348/1289/4523 1428/1370/4524 1429/1371/4525 1349/1290/4526
f 1349/1290/4527 1429/1371/4528 1430/1372/4529 1350/1291/4530
f 1350/1291/4531 1430/1372/4532 1431/1373/4533 1351/1292/4534
f 1351/1292/4535 1431/1373/4536 1432/1374/4537 1352/1293/4538
f 1352/1293/4539 1432/1374/4540 1433/1375/4541 1353/1294/4542
f 1353/1294/4543 1433/1375/4544 1434/1376/4545 1354/1295/4546
f 1354/1295/4547 1434/1376/4548 1435/1377/4549 1355/1296/4550
f 1355/1296/4551 1435/1377/4552 1436/1378/4553 1356/1297/4554
f 1356/1297/4555 1436/1378/4556 1437/1379/4557 1357/1298/4558
f 1357/1298/4559 1437/1379/4560 1438/1380/4561 1358/1299/4562
f 1358/1299/4563 1438/1380/4564 1439/1381/4565 1359/1300/4566
f 1359/1300/4567 1439/1381/4568 1440/1382/4569 1360/1301/4570
f 1360/1301/4571 1440/1382/4572 1441/1383/4573 1361/1302/4574
f 1361/1302/4575 1441/1383/4576 1442/1384/4577 1362/1303/4578
f 1362/1303/4579 1442/1384/4580 1443/1385/4581 1363/1304/4582
f 1363/1304/4583 1443/1385/4584 1444/1386/4585 1364/1305/4586
f 1364/1305/4587 1444/1386/4588 1445/1387/4589 1365/1306/4590
f 1365/1306/4591 1445/1387/4592 1446/1388/4593 1366/1307/4594
f 1366/1307/4595 1446/1388/4596 1447/1389/4597 1367/1308/4598
f 1367/1308/4599 1447/1389/4600 1448/1390/4601 1368/1309/4602
f 1368/1309/4603 1448/1390/4604 1449/1391/4605 1369/1310/4606
f 1369/1310/4607 1449/1391/4608 1450/1392/4609 1370/1311/4610
f 1370/1311/4611 1450/1392/4612 1451/1393/4613 1371/1312/4614
f 1371/1312/4615 1451/1393/4616 1452/1394/4617 1372/1313/4618
f 1372/1313/4619 1452/1394/4620 1453/1395/4621 1373/1314/4622
f 1373/1314/4623 1453/1395/4624 1454/1396/4625 1374/1315/4626
f 1374/1315/4627 1454/1396/4628 1455/1397/4629 1375/1316/4630
f 1375/1316/4631 1455/1397/4632 1456/1398/4633 1376/1317/4634
f 1376/1317/4635 1456/1398/4636 1457/1399/4637 1377/1318/4638
f 1377/1318/4639 1457/1399/4640 1458/1400/4641 1378/1319/4642
f 1378/1319/4643 1458/1400/4644 1459/1401/4645 1379/1320/4646
f 1379/1320/4647 1459/1401/4648 1460/1402/4649 1380/1321/4650
f 1380/1321/4651 1460/1402/4652 1461/1403/4653 1381/1322/4654
f 1381/1322/4655 1461/1403/4656 1462/1404/4657 1382/1323/4658
f 1382/1323/4659 1462/1404/4660 1463/1405/4661 1383/1324/4662
f 1383/1324/4663 1463/1405/4664 1464/1406/4665 1384/1325/4666
f 1384/1325/4667 1464/1406/4668 1465/1407/4669 1385/1326/4670
f 1385/1326/4671 1465/1407/4672 1466/1408/4673 1386/1327/4674
f 1386/1327/4675 1466/1408/4676 1467/1409/4677 1387/1328/4678
f 1387/1328/4679 1467/1409/4680 1468/1410/4681 1388/1329/4682
f 1388/1329/4683 1468/1410/4684 1469/1411/4685 1389/1330/4686
f 1389/1330/4687 1469/1411/4688 1470/1412/4689 1390/1331/4690
f 1390/1331/4691 1470/1412/4692 1471/1413/4693 1391/1332/4694
f 1391/1332/4695 1471/1413/4696 1472/1414/4697 1392/1333/4698
f 1392/1333/4699 1472/1414/4700 1473/1415/4701 1393/1334/4702
f 1393/1334/4703 1473/1415/4704 1474/1416/4705 1394/1335/4706
f 1394/1335/4707 1474/1416/4708 1475/1417/4709 1395/1336/4710
f 1395/1336/4711 1475/1417/4712 1476/1418/4713 1396/1337/4714
f 1396/1337/4715 1476/1418/4716 1477/1419/4717 1397/1338/4718
f 1397/1338/4719 1477/1419/4720 1478/1420/4721 1398/1339/4722
f 1398/1339/4723 1478/1420/4724 1479/1421/4725 1399/1340/4726
f 1399/1340/4727 1479/1421/4728 1480/1422/4729 1400/1341/4730
f 1400/1341/4731 1480/1422/4732 1481/1423/4733 1401/1342/4734
f 1401/1342/4735 1481/1423/4736 1482/1424/4737 1402/1343/4738
f 1402/1343/4739 1482/1424/4740 1483/1425/4741 1403/1344/4742
f 1403/1344/4743 1483/1425/4744 1484/1426/4745 1404/1345/4746
f 1404/1345/4747 1484/1426/4748 1485/1427/4749 1405/1346/4750
f 1406/1347/4751 1486/1428/4752 1487/1429/4753 1407/1348/4754
f 1407/1348/4755 1487/1429/4756 1488/1430/4757 1408/1349/4758
f 1408/1349/4759 1488/1430/4760 1489/1431/4761 1409/1350/4762
f 1409/1350/4763 1489/1431/4764 1490/1432/4765 1410/1351/4766
f 1410/1351/4767 1490/1432/4768 1491/1433/4769 1411/1352/4770
f 1411/1352/4771 1491/1433/4772 1492/1434/4773 1412/1353/4774
f 1412/1354/4775 1492/1435/4776 1493/1436/4777 1413/1355/4778
f 1413/1355/4779 1493/1436/4780 1494/1437/4781 1414/1356/4782
f 1414/1356/4783 1494/1437/4784 1495/1438/4785 1415/1357/4786
f 1415/1357/4787 1495/1438/4788 1496/1439/4789 1416/1358/4790
f 1416/1358/4791 1496/1439/4792 1497/1440/4793 1417/1359/4794
f 1417/1359/4795 1497/1440/4796 1498/1441/4797 1418/1360/4798
f 1418/1360/4799 1498/1441/4800 1499/1442/4801 1419/1361/4802
f 1419/1361/4803 1499/1442/4804 1500/1443/4805 1420/1362/4806
f 1420/1362/4807 1500/1443/4808 1501/1444/4809 1421/1363/4810
f 1421/1363/4811 1501/1444/4812 1502/1445/4813 1422/1364/4814
f 1422/1364/4815 1502/1445/4816 1503/1446/4817 1423/1365/4818
f 1423/1365/4819 1503/1446/4820 1504/1447/4821 1424/1366/4822
f 1424/1366/4823 1504/1447/4824 1505/1448/4825 1425/1367/4826
f 1425/1367/4827 1505/1448/4828 1506/1449/4829 1426/1368/4830
f 1426/1368/4831 1506/1449/4832 1507/1450/4833 1427/1369/4834
f 1427/1369/4835 1507/1450/4836 1508/1451/4837 1428/1370/4838
f 1428/1370/4839 1508/1451/4840 1509/1452/4841 1429/1371/4842
f 1429/1371/4843 1509/1452/4844 1510/1453/4845 1430/1372/4846
f 1430/1372/4847 1510/1453/4848 1511/1454/4849 1431/1373/4850
f 1431/1373/4851 1511/1454/4852 1512/1455/4853 1432/1374/4854
f 1432/1374/4855 1512/1455/4856 1513/1456/4857 1433/1375/4858
f 1433/1375/4859 1513/1456/4860 1514/1457/4861 1434/1376/4862
f 1434/1376/4863 1514/1457/4864 1515/1458/4865 1435/1377/4866
f 1435/1377/4867 1515/1458/4868 1516/1459/4869 1436/1378/4870
f 1436/1378/4871 1516/1459/4872 1517/1460/4873 1437/1379/4874
f 1437/1379/4875 1517/1460/4876 1518/1461/4877 1438/1380/4878
f 1438/1380/4879 1518/1461/4880 1519/1462/4881 1439/1381/4882
f 1439/1381/4883 1519/1462/4884 1520/1463/4885 1440/1382/4886
f 1440/1382/4887 1520/1463/4888 1521/1464/4889 1441/1383/4890
f 1441/1383/4891 1521/1464/4892 1522/1465/4893 1442/1384/4894
f 1442/1384/4895 1522/1465/4896 1523/1466/4897 1443/1385/4898
f 1443/1385/4899 1523/1466/4900 1524/1467/4901 1444/1386/4902
f 1444/1386/4903 1524/1467/4904 1525/1468/4905 1445/1387/4906
f 1445/1387/4907 1525/1468/4908 1526/1469/4909 1446/1388/4910
f 1446/1388/4911 1526/1469/4912 1527/1470/4913 1447/1389/4914
f 1447/1389/4915 1527/1470/4916 1528/1471/4917 1448/1390/4918
f 1448/1390/4919 1528/1471/4920 1529/1472/4921 1449/1391/4922
f 1449/1391/4923 1529/1472/4924 1530/1473/4925 1450/1392/4926
f 1450/1392/4927 1530/1473/4928 1531/1474/4929 1451/1393/4930
f 1451/1393/4931 1531/1474/4932 1532/1475/4933 1452/1394/4934
f 1452/1394/4935 1532/1475/4936 1533/1476/4937 1453/1395/4938
f 1453/1395/4939 1533/1476/4940 1534/1477/4941 1454/1396/4942
f 1454/1396/4943 1534/1477/4944 1535/1478/4945 1455/1397/4946
f 1455/1397/4947 1535/1478/4948 1536/1479/4949 1456/1398/4950
f 1456/1398/4951 1536/1479/4952 1537/1480/4953 1457/1399/4954
f 1457/1399/4955 1537/1480/4956 1538/1481/4957 1458/1400/4958
f 1458/1400/4959 1538/1481/4960 1539/1482/4961 1459/1401/4962
f 1459/1401/4963 1539/1482/4964 1540/1483/4965 1460/1402/4966
f 1460/1402/4967 1540/1483/4968 1541/1484/4969 1461/1403/4970
f 1461/1403/4971 1541/1484/4972 1542/1485/4973 1462/1404/4974
f 1462/1404/4975 1542/1485/4976 1543/1486/4977 1463/1405/4978
f 1463/1405/4979 1543/1486/4980 1544/1487/4981 1464/1406/4982
f 1464/1406/4983 1544/1487/4984 1545/1488/4985 1465/1407/4986
f 1465/1407/4987 1545/1488/4988 1546/1489/4989 1466/1408/4990
f 1466/1408/4991 1546/1489/4992 1547/1490/4993 1467/1409/4994
f 1467/1409/4995 1547/1490/4996 1548/1491/4997 1468/1410/4998
f 1468/1410/4999 1548/1491/5000 1549/1492/5001 1469/1411/5002
f 1469/1411/5003 1549/1492/5004 1550/1493/5005 1470/1412/5006
f 1470/1412/5007 1550/1493/5008 1551/1494/5009 1471/1413/5010
f 1471/1413/5011 1551/1494/5012 1552/1495/5013 1472/1414/5014
f 1472/1414/5015 1552/1495/5016 1553/1496/5017 1473/1415/5018
f 1473/1415/5019 1553/1496/5020 1554/1497/5021 1474/1416/5022
f 1474/1416/5023 1554/1497/5024 1555/1498/5025 1475/1417/5026
f 1475/1417/5027 1555/1498/5028 1556/1499/5029 1476/1418/5030
f 1476/1418/5031 1556/1499/5032 1557/1500/5033 1477/1419/5034
f 1477/1419/5035 1557/1500/5036 1558/1501/5037 1478/1420/5038
f 1478/1420/5039 1558/1501/5040 1559/1502/5041 1479/1421/5042
f 1479/1421/5043 1559/1502/5044 1560/1503/5045 1480/1422/5046
f 1480/1422/5047 1560/1503/5048 1561/1504/5049 1481/1423/5050
f 1481/1423/5051 1561/1504/5052 1562/1505/5053 1482/1424/5054
f 1482/1424/5055 1562/1505/5056 1563/1506/5057 1483/1425/5058
f 1483/1425/5059 1563/1506/5060 1564/1507/5061 1484/1426/5062
f 1484/1426/5063 1564/1507/5064 1565/1508/5065 1485/1427/5066
f 1486/1428/5067 1566/1509/5068 1567/1510/5069 1487/1429/5070
f 1487/1429/5071 1567/1510/5072 1568/1511/5073 1488/1430/5074
f 1488/1430/5075 1568/1511/5076 1569/1512/5077 1489/1431/5078
f 1489/1431/5079 1569/1512/5080 1570/1513/5081 1490/1432/5082
f 1490/1432/5083 1570/1513/5084 1571/1514/5085 1491/1433/5086
f 1491/1433/5087 1571/1514/5088 1572/1515/5089 1492/1434/5090
f 1492/1435/5091 1572/1516/5092 1573/1517/5093 1493/1436/5094
f 1493/1436/5095 1573/1517/5096 1574/1518/5097 1494/1437/5098
f 1494/1437/5099 1574/1518/5100 1575/1519/5101 1495/1438/5102
f 1495/1438/5103 1575/1519/5104 1576/1520/5105 1496/1439/5106
f 1496/1439/5107 1576/1520/5108 1577/1521/5109 1497/1440/5110
f 1497/1440/5111 1577/1521/5112 1578/1522/5113 1498/1441/5114
f 1498/1441/5115 1578/1522/5116 1579/1523/5117 1499/1442/5118
f 1499/1442/5119 1579/1523/5120 1580/1524/5121 1500/1443/5122
f 1500/1443/5123 1580/1524/5124 1581/1525/5125 1501/1444/5126
f 1501/1444/5127 1581/1525/5128 1582/1526/5129 1502/1445/5130
f 1502/1445/5131 1582/1526/5132 1583/1527/5133 1503/1446/5134
f 1503/1446/5135 1583/1527/5136 1584/1528/5137 1504/1447/5138
f 1504/1447/5139 1584/1528/5140 1585/1529/5141 1505/1448/5142
f 1505/1448/5143 1585/1529/5144 1586/1530/5145 1506/1449/5146
f 1506/1449/5147 1586/1530/5148 1587/1531/5149 1507/1450/5150
f 1507/1450/5151 1587/1531/5152 1588/1532/5153 1508/1451/5154
f 1508/1451/5155 1588/1532/5156 1589/1533/5157 1509/1452/5158
f 1509/1452/5159 1589/1533/5160 1590/1534/5161 1510/1453/5162
f 1510/1453/5163 1590/1534/5164 1591/1535/5165 1511/1454/5166
f 1511/1454/5167 1591/1535/5168 1592/1536/5169 1512/1455/5170
f 1512/1455/5171 1592/1536/5172 1593/1537/5173 1513/1456/5174
f 1513/1456/5175 1593/1537/5176 1594/1538/5177 1514/1457/5178
f 1514/1457/5179 1594/1538/5180 1595/1539/5181 1515/1458/5182
f 1515/1458/5183 1595/1539/5184 1596/1540/5185 1516/1459/5186
f 1516/1459/5187 1596/1540/5188 1597/1541/5189 1517/1460/5190
f 1517/1460/5191 1597/1541/5192 1598/1542/5193 1518/1461/5194
f 1518/1461/5195 1598/1542/5196 1599/1543/5197 1519/1462/5198
f 1519/1462/5199 1599/1543/5200 1600/1544/5201 1520/1463/5202
f 1520/1463/5203 1600/1544/5204 1601/1545/5205 1521/1464/5206
f 1521/1464/5207 1601/1545/5208 1602/1546/5209 1522/1465/5210
f 1522/1465/5211 1602/1546/5212 1603/1547/5213 1523/1466/5214
f 1523/1466/5215 1603/1547/5216 1604/1548/5217 1524/1467/5218
f 1524/1467/5219 1604/1548/5220 1605/1549/5221 1525/1468/5222
f 1525/1468/5223 1605/1549/5224 1606/1550/5225 1526/1469/5226
f 1526/1469/5227 1606/1550/5228 1607/1551/5229 1527/1470/5230
f 1527/1470/5231 1607/1551/5232 1608/1552/5233 1528/1471/5234
f 1528/1471/5235 1608/1552/5236 1609/1553/5237 1529/1472/5238
f 1529/1472/5239 1609/1553/5240 1610/1554/5241 1530/1473/5242
f 1530/1473/5243 1610/1554/5244 1611/1555/5245 1531/1474/5246
f 1531/1474/5247 1611/1555/5248 1612/1556/5249 1532/1475/5250
f 1532/1475/5251 1612/1556/5252 1613/1557/5253 1533/1476/5254
f 1533/1476/5255 1613/1557/5256 1614/1558/5257 1534/1477/5258
f 1534/1477/5259 1614/1558/5260 1615/1559/5261 1535/1478/5262
f 1535/1478/5263 1615/1559/5264 1616/1560/5265 1536/1479/5266
f 1536/1479/5267 1616/1560/5268 1617/1561/5269 1537/1480/5270
f 1537/1480/5271 1617/1561/5272 1618/1562/5273 1538/1481/5274
f 1538/1481/5275 1618/1562/5276 1619/1563/5277 1539/1482/5278
f 1539/1482/5279 1619/1563/5280 1620/1564/5281 1540/1483/5282
f 1540/1483/5283 1620/1564/5284 1621/1565/5285 1541/1484/5286
f 1541/1484/5287 1621/1565/5288 1622/1566/5289 1542/1485/5290
f 1542/1485/5291 1622/1566/5292 1623/1567/5293 1543/1486/5294
f 1543/1486/5295 1623/1567/5296 1624/1568/5297 1544/1487/5298
f 1544/1487/5299 1624/1568/5300 1625/1569/5301 1545/1488/5302
f 1545/1488/5303 1625/1569/5304 1626/1570/5305 1546/1489/5306
f 1546/1489/5307 1626/1570/5308 1627/1571/5309 1547/1490/5310
f 1547/1490/5311 1627/1571/5312 1628/1572/5313 1548/1491/5314
f 1548/1491/5315 1628/1572/5316 1629/1573/5317 1549/1492/5318
f 1549/1492/5319 1629/1573/5320 1630/1574/5321 1550/1493/5322
f 1550/1493/5323 1630/1574/5324 1631/1575/5325 1551/1494/5326
f 1551/1494/5327 1631/1575/5328 1632/1576/5329 1552/1495/5330
f 1552/1495/5331 1632/1576/5332 1633/1577/5333 1553/1496/5334
f 1553/1496/5335 1633/1577/5336 1634/1578/5337 1554/1497/5338
f 1554/1497/5339 1634/1578/5340 1635/1579/5341 1555/1498/5342
f 1555/1498/5343 1635/1579/5344 1636/1580/5345 1556/1499/5346
f 1556/1499/5347 1636/1580/5348 1637/1581/5349 1557/1500/5350
f 1557/1500/5351 1637/1581/5352 1638/1582/5353 1558/1501/5354
f 1558/1501/5355 1638/1582/5356 1639/1583/5357 1559/1502/5358
f 1559/1502/5359 1639/1583/5360 1640/1584/5361 1560/1503/5362
f 1560/1503/5363 1640/1584/5364 1641/1585/5365 1561/1504/5366
f 1561/1504/5367 1641/1585/5368 1642/1586/5369 1562/1505/5370
f 1562/1505/5371 1642/1586/5372 1643/1587/5373 1563/1506/5374
f 1563/1506/5375 1643/1587/5376 1644/1588/5377 1564/1507/5378
f 1564/1507/5379 1644/1588/5380 1645/1589/5381 1565/1508/5382
f 1566/1509/5383 1646/1590/5384 1647/1591/5385 1567/1510/5386
f 1567/1510/5387 1647/1591/5388 1648/1592/5389 1568/1511/5390
f 1568/1511/5391 1648/1592/5392 1649/1593/5393 1569/1512/5394
f 1569/1512/5395 1649/1593/5396 1650/1594/5397 1570/1513/5398
f 1570/1513/5399 1650/1594/5400 1651/1595/5401 1571/1514/5402
f 1571/1514/5403 1651/1595/5404 1652/1596/5405 1572/1515/5406
f 1572/1516/5407 1652/1597/5408 1653/1598/5409 1573/1517/5410
f 1573/1517/5411 1653/1598/5412 1654/1599/5413 1574/1518/5414
f 1574/1518/5415 1654/1599/5416 1655/1600/5417 1575/1519/5418
f 1575/1519/5419 1655/1600/5420 1656/1601/5421 1576/1520/5422
f 1576/1520/5423 1656/1601/5424 1657/1602/5425 1577/1521/5426
f 1577/1521/5427 1657/1602/5428 1658/1603/5429 1578/1522/5430
f 1578/1522/5431 1658/1603/5432 1659/1604/5433 1579/1523/5434
f 1579/1523/5435 1659/1604/5436 1660/1605/5437 1580/1524/5438
f 1580/1524/5439 1660/1605/5440 1661/1606/5441 1581/1525/5442
f 1581/1525/5443 1661/1606/5444 1662/1607/5445 1582/1526/5446
f 1582/1526/5447 1662/1607/5448 1663/1608/5449 1583/1527/5450
f 1583/1527/5451 1663/1608/5452 1664/1609/5453 1584/1528/5454
f 1584/1528/5455 1664/1609/5456 1665/1610/5457 1585/1529/5458
f 1585/1529/5459 1665/1610/5460 1666/1611/5461 1586/1530/5462
f 1586/1530/5463 1666/1611/5464 1667/1612/5465 1587/1531/5466
f 1587/1531/5467 1667/1612/5468 1668/1613/5469 1588/1532/5470
f 1588/1532/5471 1668/1613/5472 1669/1614/5473 1589/1533/5474
f 1589/1533/5475 1669/1614/5476 1670/1615/5477 1590/1534/5478
f 1590/1534/5479 1670/1615/5480 1671/1616/5481 1591/1535/5482
f 1591/1535/5483 1671/1616/5484 1672/1617/5485 1592/1536/5486
f 1592/1536/5487 1672/1617/5488 1673/1618/5489 1593/1537/5490
f 1593/1537/5491 1673/1618/5492 1674/1619/5493 1594/1538/5494
f 1594/1538/5495 1674/1619/5496 1675/1620/5497 1595/1539/5498
f 1595/1539/5499 1675/1620/5500 1676/1621/5501 1596/1540/5502
f 1596/1540/5503 1676/1621/5504 1677/1622/5505 1597/1541/5506
f 1597/1541/5507 1677/1622/5508 1678/1623/5509 1598/1542/5510
f 1598/1542/5511 1678/1623/5512 1679/1624/5513 1599/1543/5514
f 1599/1543/5515 1679/1624/5516 1680/1625/5517 1600/1544/5518
f 1600/1544/5519 1680/1625/5520 1681/1626/5521 1601/1545/5522
f 1601/1545/5523 1681/1626/5524 1682/1627/5525 1602/1546/5526
f 1602/1546/5527 1682/1627/5528 1683/1628/5529 1603/1547/5530
f 1603/1547/5531 1683/1628/5532 1684/1629/5533 1604/1548/5534
f 1604/1548/5535 1684/1629/5536 1685/1630/5537 1605/1549/5538
f 1605/1549/5539 1685/1630/5540 1686/1631/5541 1606/1550/5542
f 1606/1550/5543 1686/1631/5544 1687/1632/5545 1607/1551/5546
f 1607/1551/5547 1687/1632/5548 1688/1633/5549 1608/1552/5550
f 1608/1552/5551 1688/1633/5552 1689/1634/5553 1609/1553/5554
f 1609/1553/5555 1689/1634/5556 1690/1635/5557 1610/1554/5558
f 1610/1554/5559 1690/1635/5560 1691/1636/5561 1611/1555/5562
f 1611/1555/5563 1691/1636/5564 1692/1637/5565 1612/1556/5566
f 1612/1556/5567 1692/1637/5568 1693/1638/5569 1613/1557/5570
f 1613/1557/5571 1693/1638/5572 1694/1639/5573 1614/1558/5574
f 1614/1558/5575 1694/1639/5576 1695/1640/5577 1615/1559/5578
f 1615/1559/5579 1695/1640/5580 1696/1641/5581 1616/1560/5582
f 1616/1560/5583 1696/1641/5584 1697/1642/5585 1617/1561/5586
f 1617/1561/5587 1697/1642/5588 1698/1643/5589 1618/1562/5590
f 1618/1562/5591 1698/1643/5592 1699/1644/5593 1619/1563/5594
f 1619/1563/5595 1699/1644/5596 1700/1645/5597 1620/1564/5598
f 1620/1564/5599 1700/1645/5600 1701/1646/5601 1621/1565/5602
f 1621/1565/5603 1701/1646/5604 1702/1647/5605 1622/1566/5606
f 1622/1566/5607 1702/1647/5608 1703/1648/5609 1623/1567/5610
f 1623/1567/5611 1703/1648/5612 1704/1649/5613 1624/1568/5614
f 1624/1568/5615 1704/1649/5616 1705/1650/5617 1625/1569/5618
f 1625/1569/5619 1705/1650/5620 1706/1651/5621 1626/1570/5622
f 1626/1570/5623 1706/1651/5624 1707/1652/5625 1627/1571/5626
f 1627/1571/5627 1707/1652/5628 1708/1653/5629 1628/1572/5630
f 1628/1572/5631 1708/1653/5632 1709/1654/5633 1629/1573/5634
f 1629/1573/5635 1709/1654/5636 1710/1655/5637 1630/1574/5638
f 1630/1574/5639 1710/1655/5640 1711/1656/5641 1631/1575/5642
f 1631/1575/5643 1711/1656/5644 1712/1657/5645 1632/1576/5646
f 1632/1576/5647 1712/1657/5648 1713/1658/5649 1633/1577/5650
f 1633/1577/5651 1713/1658/5652 1714/1659/5653 1634/1578/5654
f 1634/1578/5655 1714/1659/5656 1715/1660/5657 1635/1579/5658
f 1635/1579/5659 1715/1660/5660 1716/1661/5661 1636/1580/5662
f 1636/1580/5663 1716/1661/5664 1717/1662/5665 1637/1581/5666
f 1637/1581/5667 1717/1662/5668 1718/1663/5669 1638/1582/5670
f 1638/1582/5671 1718/1663/5672 1719/1664/5673 1639/1583/5674
f 1639/1583/5675 1719/1664/5676 1720/1665/5677 1640/1584/5678
f 1640/1584/5679 1720/1665/5680 1721/1666/5681 1641/1585/5682
f 1641/1585/5683 1721/1666/5684 1722/1667/5685 1642/1586/5686
f 1642/1586/5687 1722/1667/5688 1723/1668/5689 1643/1587/5690
f 1643/1587/5691 1723/1668/5692 1724/1669/5693 1644/1588/5694
f 1644/1588/5695 1724/1669/5696 1725/1670/5697 1645/1589/5698
f 1646/1590/5699 1726/1671/5700 1727/1672/5701 1647/1591/5702
f 1647/1591/5703 1727/1672/5704 1728/1673/5705 1648/1592/5706
f 1648/1592/5707 1728/1673/5708 1729/1674/5709 1649/1593/5710
f 1649/1593/5711 1729/1674/5712 1730/1675/5713 1650/1594/5714
f 1650/1594/5715 1730/1675/5716 1731/1676/5717 1651/1595/5718
f 1651/1595/5719 1731/1676/5720 1732/1677/5721 1652/1596/5722
f 1652/1597/5723 1732/1678/5724 1733/1679/5725 1653/1598/5726
f 1653/1598/5727 1733/1679/5728 1734/1680/5729 1654/1599/5730
f 1654/1599/5731 1734/1680/5732 1735/1681/5733 1655/1600/5734
f 1655/1600/5735 1735/1681/5736 1736/1682/5737 1656/1601/5738
f 1656/1601/5739 1736/1682/5740 1737/1683/5741 1657/1602/5742
f 1657/1602/5743 1737/1683/5744 1738/1684/5745 1658/1603/5746
f 1658/1603/5747 1738/1684/5748 1739/1685/5749 1659/1604/5750
f 1659/1604/5751 1739/1685/5752 1740/1686/5753 1660/1605/5754
f 1660/1605/5755 1740/1686/5756 1741/1687/5757 1661/1606/5758
f 1661/1606/5759 1741/1687/5760 1742/1688/5761 1662/1607/5762
f 1662/1607/5763 1742/1688/5764 1743/1689/5765 1663/1608/5766
f 1663/1608/5767 1743/1689/5768 1744/1690/5769 1664/1609/5770
f 1664/1609/5771 1744/1690/5772 1745/1691/5773 1665/1610/5774
f 1665/1610/5775 1745/1691/5776 1746/1692/5777 1666/1611/5778
f 1666/1611/5779 1746/1692/5780 1747/1693/5781 1667/1612/5782
f 1667/1612/5783 1747/1693/5784 1748/1694/5785 1668/1613/5786
f 1668/1613/5787 1748/1694/5788 1749/1695/5789 1669/1614/5790
f 1669/1614/5791 1749/1695/5792 1750/1696/5793 1670/1615/5794
f 1670/1615/5795 1750/1696/5796 1751/1697/5797 1671/1616/5798
f 1671/1616/5799 1751/1697/5800 1752/1698/5801 1672/1617/5802
f 1672/1617/5803 1752/1698/5804 1753/1699/5805 1673/1618/5806
f 1673/1618/5807 1753/1699/5808 1754/1700/5809 1674/1619/5810
f 1674/1619/5811 1754/1700/5812 1755/1701/5813 1675/1620/5814
f 1675/1620/5815 1755/1701/5816 1756/1702/5817 1676/1621/5818
f 1676/1621/5819 1756/1702/5820 1757/1703/5821 1677/1622/5822
f 1677/1622/5823 1757/1703/5824 1758/1704/5825 1678/1623/5826
f 1678/1623/5827 1758/1704/5828 1759/1705/5829 1679/1624/5830
f 1679/1624/5831 1759/1705/5832 1760/1706/5833 1680/1625/5834
f 1680/1625/5835 1760/1706/5836 1761/1707/5837 1681/1626/5838
f 1681/1626/5839 1761/1707/5840 1762/1708/5841 1682/1627/5842
f 1682/1627/5843 1762/1708/5844 1763/1709/5845 1683/1628/5846
f 1683/1628/5847 1763/1709/5848 1764/1710/5849 1684/1629/5850
f 1684/1629/5851 1764/1710/5852 1765/1711/5853 1685/1630/5854
f 1685/1630/5855 1765/1711/5856 1766/1712/5857 1686/1631/5858
f 1686/1631/5859 1766/1712/5860 1767/1713/5861 1687/1632/5862
f 1687/1632/5863 1767/1713/5864 1768/1714/5865 1688/1633/5866
f 1688/1633/5867 1768/1714/5868 1769/1715/5869 1689/1634/5870
f 1689/1634/5871 1769/1715/5872 1770/1716/5873 1690/1635/5874
f 1690/1635/5875 1770/1716/5876 1771/1717/5877 1691/1636/5878
f 1691/1636/5879 1771/1717/5880 1772/1718/5881 1692/1637/5882
f 1692/1637/5883 1772/1718/5884 1773/1719/5885 1693/1638/5886
f 1693/1638/5887 1773/1719/5888 1774/1720/5889 1694/1639/5890
f 1694/1639/5891 1774/1720/5892 1775/1721/5893 1695/1640/5894
f 1695/1640/5895 1775/1721/5896 1776/1722/5897 1696/1641/5898
f 1696/1641/5899 1776/1722/5900 1777/1723/5901 1697/1642/5902
f 1697/1642/5903 1777/1723/5904 1778/1724/5905 1698/1643/5906
f 1698/1643/5907 1778/1724/5908 1779/1725/5909 1699/1644/5910
f 1699/1644/5911 1779/1725/5912 1780/1726/5913 1700/1645/5914
f 1700/1645/5915 1780/1726/5916 1781/1727/5917 1701/1646/5918
f 1701/1646/5919 1781/1727/5920 1782/1728/5921 1702/1647/5922
f 1702/1647/5923 1782/1728/5924 1783/1729/5925 1703/1648/5926
f 1703/1648/5927 1783/1729/5928 1784/1730/5929 1704/1649/5930
f 1704/1649/5931 1784/1730/5932 1785/1731/5933 1705/1650/5934
f 1705/1650/5935 1785/1731/5936 1786/1732/5937 1706/1651/5938
f 1706/1651/5939 1786/1732/5940 1787/1733/5941 1707/1652/5942
f 1707/1652/5943 1787/1733/5944 1788/1734/5945 1708/1653/5946
f 1708/1653/5947 1788/1734/5948 1789/1735/5949 1709/1654/5950
f 1709/1654/5951 1789/1735/5952 1790/1736/5953 1710/1655/5954
f 1710/1655/5955 1790/1736/5956 1791/1737/5957 1711/1656/5958
f 1711/1656/5959 1791/1737/5960 1792/1738/5961 1712/1657/5962
f 1712/1657/5963 1792/1738/5964 1793/1739/5965 1713/1658/5966
f 1713/1658/5967 1793/1739/5968 1794/1740/5969 1714/1659/5970
f 1714/1659/5971 1794/1740/5972 1795/1741/5973 1715/1660/5974
f 1715/1660/5975 1795/1741/5976 1796/1742/5977 1716/1661/5978
f 1716/1661/5979 1796/1742/5980 1797/1743/5981 1717/1662/5982
f 1717/1662/5983 1797/1743/5984 1798/1744/5985 1718/1663/5986
f 1718/1663/5987 1798/1744/5988 1799/1745/5989 1719/1664/5990
f 1719/1664/5991 1799/1745/5992 1800/1746/5993 1720/1665/5994
f 1720/1665/5995 1800/1746/5996 1801/1747/5997 1721/1666/5998
f 1721/1666/5999 1801/1747/6000 1802/1748/6001 1722/1667/6002
f 1722/1667/6003 1802/1748/6004 1803/1749/6005 1723/1668/6006
f 1723/1668/6007 1803/1749/6008 1804/1750/6009 1724/1669/6010
f 1724/1669/6011 1804/1750/6012 1805/1751/6013 1725/1670/6014
f 1726/1671/6015 1006/1752/6016 1007/1753/6017 1727/1672/6018
f 1727/1672/6019 1007/1753/6020 1008/1754/6021 1728/1673/6022
f 1728/1673/6023 1008/1754/6024 1009/1755/6025 1729/1674/6026
f 1729/1674/6027 1009/1755/6028 1010/1756/6029 1730/1675/6030
f 1730/1675/6031 1010/1756/6032 1011/1757/6033 1731/1676/6034
f 1731/1676/6035 1011/1757/6036 1012/1758/6037 1732/1677/6038
f 1732/1678/6039 1012/1759/6040 1013/1760/6041 1733/1679/6042
f 1733/1679/6043 1013/1760/6044 1014/1761/6045 1734/1680/6046
f 1734/1680/6047 1014/1761/6048 1015/1762/6049 1735/1681/6050
f 1735/1681/6051 1015/1762/6052 1016/1763/6053 1736/1682/6054
f 1736/1682/6055 1016/1763/6056 1017/1764/6057 1737/1683/6058
f 1737/1683/6059 1017/1764/6060 1018/1765/6061 1738/1684/6062
f 1738/1684/6063 1018/1765/6064 1019/1766/6065 1739/1685/6066
f 1739/1685/6067 1019/1766/6068 1020/1767/6069 1740/1686/6070
f 1740/1686/6071 1020/1767/6072 1021/1768/6073 1741/1687/6074
f 1741/1687/6075 1021/1768/6076 1022/1769/6077 1742/1688/6078
f 1742/1688/6079 1022/1769/6080 1023/1770/6081 1743/1689/6082
f 1743/1689/6083 1023/1770/6084 1024/1771/6085 1744/1690/6086
f 1744/1690/6087 1024/1771/6088 1025/1772/6089 1745/1691/6090
f 1745/1691/6091 1025/1772/6092 1026/1773/6093 1746/1692/6094
f 1746/1692/6095 1026/1773/6096 1027/1774/6097 1747/1693/6098
f 1747/1693/6099 1027/1774/6100 1028/1775/6101 1748/1694/6102
f 1748/1694/6103 1028/1775/6104 1029/1776/6105 1749/1695/6106
f 1749/1695/6107 1029/1776/6108 1030/1777/6109 1750/1696/6110
f 1750/1696/6111 1030/1777/6112 1031/1778/6113 1751/1697/6114
f 1751/1697/6115 1031/1778/6116 1032/1779/6117 1752/1698/6118
f 1752/1698/6119 1032/1779/6120 1033/1780/6121 1753/1699/6122
f 1753/1699/6123 1033/1780/6124 1034/1781/6125 1754/1700/6126
f 1754/1700/6127 1034/1781/6128 1035/1782/6129 1755/1701/6130
f 1755/1701/6131 1035/1782/6132 1036/1783/6133 1756/1702/6134
f 1756/1702/6135 1036/1783/6136 1037/1784/6137 1757/1703/6138
f 1757/1703/6139 1037/1784/6140 1038/1785/6141 1758/1704/6142
f 1758/1704/6143 1038/1785/6144 1039/1786/6145 1759/1705/6146
f 1759/1705/6147 1039/1786/6148 1040/1787/6149 1760/1706/6150
f 1760/1706/6151 1040/1787/6152 1041/1788/6153 1761/1707/6154
f 1761/1707/6155 1041/1788/6156 1042/1789/6157 1762/1708/6158
f 1762/1708/6159 1042/1789/6160 1043/1790/6161 1763/1709/6162
f 1763/1709/6163 1043/1790/6164 1044/1791/6165 1764/1710/6166
f 1764/1710/6167 1044/1791/6168 1045/1792/6169 1765/1711/6170
f 1765/1711/6171 1045/1792/6172 1046/1793/6173 1766/1712/6174
f 1766/1712/6175 1046/1793/6176 1047/1794/6177 1767/1713/6178
f 1767/1713/6179 1047/1794/6180 1048/1795/6181 1768/1714/6182
f 1768/1714/6183 1048/1795/6184 1049/1796/6185 1769/1715/6186
f 1769/1715/6187 1049/1796/6188 1050/1797/6189 1770/1716/6190
f 1770/1716/6191 1050/1797/6192 1051/1798/6193 1771/1717/6194
f 1771/1717/6195 1051/1798/6196 1052/1799/6197 1772/1718/6198
f 1772/1718/6199 1052/1799/6200 1053/1800/6201 1773/1719/6202
f 1773/1719/6203 1053/1800/6204 1054/1801/6205 1774/1720/6206
f 1774/1720/6207 1054/1801/6208 1055/1802/6209 1775/1721/6210
f 1775/1721/6211 1055/1802/6212 1056/1803/6213 1776/1722/6214
f 1776/1722/6215 1056/1803/6216 1057/1804/6217 1777/1723/6218
f 1777/1723/6219 1057/1804/6220 1058/1805/6221 1778/1724/6222
f 1778/1724/6223 1058/1805/6224 1059/1806/6225 1779/1725/6226
f 1779/1725/6227 1059/1806/6228 1060/1807/6229 1780/1726/6230
f 1780/1726/6231 1060/1807/6232 1061/1808/6233 1781/1727/6234
f 1781/1727/6235 1061/1808/6236 1062/1809/6237 1782/1728/6238
f 1782/1728/6239 1062/1809/6240 1063/1810/6241 1783/1729/6242
f 1783/1729/6243 1063/1810/6244 1064/1811/6245 1784/1730/6246
f 1784/1730/6247 1064/1811/6248 1065/1812/6249 1785/1731/6250
f 1785/1731/6251 1065/1812/6252 1066/1813/6253 1786/1732/6254
f 1786/1732/6255 1066/1813/6256 1067/1814/6257 1787/1733/6258
f 1787/1733/6259 1067/1814/6260 1068/1815/6261 1788/1734/6262
f 1788/1734/6263 1068/1815/6264 1069/1816/6265 1789/1735/6266
f 1789/1735/6267 1069/1816/6268 1070/1817/6269 1790/1736/6270
f 1790/1736/6271 1070/1817/6272 1071/1818/6273 1791/1737/6274
f 1791/1737/6275 1071/1818/6276 1072/1819/6277 1792/1738/6278
f 1792/1738/6279 1072/1819/6280 1073/1820/6281 1793/1739/6282
f 1793/1739/6283 1073/1820/6284 1074/1821/6285 1794/1740/6286
f 1794/1740/6287 1074/1821/6288 1075/1822/6289 1795/1741/6290
f 1795/1741/6291 1075/1822/6292 1076/1823/6293 1796/1742/6294
f 1796/1742/6295 1076/1823/6296 1077/1824/6297 1797/1743/6298
f 1797/1743/6299 1077/1824/6300 1078/1825/6301 1798/1744/6302
f 1798/1744/6303 1078/1825/6304 1079/1826/6305 1799/1745/6306
f 1799/1745/6307 1079/1826/6308 1080/1827/6309 1800/1746/6310
f 1800/1746/6311 1080/1827/6312 1081/1828/6313 1801/1747/6314
f 1801/1747/6315 1081/1828/6316 1082/1829/6317 1802/1748/6318
f 1802/1748/6319 1082/1829/6320 1083/1830/6321 1803/1749/6322
f 1803/1749/6323 1083/1830/6324 1084/1831/6325 1804/1750/6326
f 1804/1750/6327 1084/1831/6328 1085/1832/6329 1805/1751/6330
f 1406/1347/6331 1806/1833/6332 1807/1834/6333 1486/1428/6334
f 1486/1428/6335 1807/1834/6336 1808/1835/6337 1566/1509/6338
f 1566/1509/6339 1808/1835/6340 1809/1836/6341 1646/1590/6342
f 1646/1590/6343 1809/1836/6344 1810/1837/6345 1726/1671/6346
f 1726/1671/6347 1810/1837/6348 1811/1838/6349 1006/1752/6350
f 1806/1833/6351 1812/1839/6352 1813/1840/6353 1807/1834/6354
f 1807/1834/6355 1813/1840/6356 1814/1841/6357 1808/1835/6358
f 1808/1835/6359 1814/1841/6360 1815/1842/6361 1809/1836/6362
f 1809/1836/6363 1815/1842/6364 1816/1843/6365 1810/1837/6366
f 1810/1837/6367 1816/1843/6368 1817/1844/6369 1811/1838/6370
f 1812/1839/6371 1818/1845/6372 1819/1846/6373 1813/1840/6374
f 1813/1840/6375 1819/1846/6376 1820/1847/6377 1814/1841/6378
f 1814/1841/6379 1820/1847/6380 1821/1848/6381 1815/1842/6382
f 1815/1842/6383 1821/1848/6384 1822/1849/6385 1816/1843/6386
f 1816/1843/6387 1822/1849/6388 1823/1850/6389 1817/1844/6390
f 1818/1845/6391 1824/1851/6392 1825/1852/6393 1819/1846/6394
f 1819/1846/6395 1825/1852/6396 1826/1853/6397 1820/1847/6398
f 1820/1847/6399 1826/1853/6400 1827/1854/6401 1821/1848/6402
f 1821/1848/6403 1827/1854/6404 1828/1855/6405 1822/1849/6406
f 1822/1849/6407 1828/1855/6408 1829/1856/6409 1823/1850/6410
f 1824/1851/6411 1830/1857/6412 1831/1858/6413 1825/1852/6414
f 1825/1852/6415 1831/1858/6416 1832/1859/6417 1826/1853/6418
f 1826/1853/6419 1832/1859/6420 1833/1860/6421 1827/1854/6422
f 1827/1854/6423 1833/1860/6424 1834/1861/6425 1828/1855/6426
f 1828/1855/6427 1834/1861/6428 1835/1862/6429 1829/1856/6430
f 1830/1857/6431 1836/1863/6432 1837/1864/6433 1831/1858/6434
f 1831/1858/6435 1837/1864/6436 1838/1865/6437 1832/1859/6438
f 1832/1859/6439 1838/1865/6440 1839/1866/6441 1833/1860/6442
f 1833/1860/6443 1839/1866/6444 1840/1867/6445 1834/1861/6446
f 1834/1861/6447 1840/1867/6448 1841/1868/6449 1835/1862/6450
f 1836/1863/6451 1842/1869/6452 1843/1870/6453 1837/1864/6454
f 1837/1864/6455 1843/1870/6456 1844/1871/6457 1838/1865/6458
f 1838/1865/6459 1844/1871/6460 1845/1872/6461 1839/1866/6462
f 1839/1866/6463 1845/1872/6464 1846/1873/6465 1840/1867/6466
f 1840/1867/6467 1846/1873/6468 1847/1874/6469 1841/1868/6470
f 1842/1869/6471 1848/1875/6472 1849/1876/6473 1843/1870/6474
f 1843/1870/6475 1849/1876/6476 1850/1877/6477 1844/1871/6478
f 1844/1871/6479 1850/1877/6480 1851/1878/6481 1845/1872/6482
f 1845/1872/6483 1851/1878/6484 1852/1879/6485 1846/1873/6486
f 1846/1873/6487 1852/1879/6488 1853/1880/6489 1847/1874/6490
f 1848/1875/6491 1854/1881/6492 1855/1882/6493 1849/1876/6494
f 1849/1876/6495 1855/1882/6496 1856/1883/6497 1850/1877/6498
f 1850/1877/6499 1856/1883/6500 1857/1884/6501 1851/1878/6502
f 1851/1878/6503 1857/1884/6504 1858/1885/6505 1852/1879/6506
f 1852/1879/6507 1858/1885/6508 1859/1886/6509 1853/1880/6510
f 1854/1881/6511 1860/1887/6512 1861/1888/6513 1855/1882/6514
f 1855/1882/6515 1861/1888/6516 1862/1889/6517 1856/1883/6518
f 1856/1883/6519 1862/1889/6520 1863/1890/6521 1857/1884/6522
f 1857/1884/6523 1863/1890/6524 1864/1891/6525 1858/1885/6526
f 1858/1885/6527 1864/1891/6528 1865/1892/6529 1859/1886/6530
f 1860/1887/6531 1866/1893/6532 1867/1894/6533 1861/1888/6534
f 1861/1888/6535 1867/1894/6536 1868/1895/6537 1862/1889/6538
f 1862/1889/6539 1868/1895/6540 1869/1896/6541 1863/1890/6542
f 1863/1890/6543 1869/1896/6544 1870/1897/6545 1864/1891/6546
f 1864/1891/6547 1870/1897/6548 1871/1898/6549 1865/1892/6550
f 1866/1893/6551 1872/1899/6552 1873/1900/6553 1867/1894/6554
f 1867/1894/6555 1873/1900/6556 1874/1901/6557 1868/1895/6558
f 1868/1895/6559 1874/1901/6560 1875/1902/6561 1869/1896/6562
f 1869/1896/6563 1875/1902/6564 1876/1903/6565 1870/1897/6566
f 1870/1897/6567 1876/1903/6568 1877/1904/6569 1871/1898/6570
f 1872/1899/6571 1878/1905/6572 1879/1906/6573 1873/1900/6574
f 1873/1900/6575 1879/1906/6576 1880/1907/6577 1874/1901/6578
f 1874/1901/6579 1880/1907/6580 1881/1908/6581 1875/1902/6582
f 1875/1902/6583 1881/1908/6584 1882/1909/6585 1876/1903/6586
f 1876/1903/6587 1882/1909/6588 1883/1910/6589 1877/1904/6590
f 1878/1905/6591 1884/1911/6592 1885/1912/6593 1879/1906/6594
f 1879/1906/6595 1885/1912/6596 1886/1913/6597 1880/1907/6598
f 1880/1907/6599 1886/1913/6600 1887/1914/6601 1881/1908/6602
f 1881/1908/6603 1887/1914/6604 1888/1915/6605 1882/1909/6606
f 1882/1909/6607 1888/1915/6608 1889/1916/6609 1883/1910/6610
f 1884/1911/6611 1890/1917/6612 1891/1918/6613 1885/1912/6614
f 1885/1912/6615 1891/1918/6616 1892/1919/6617 1886/1913/6618
f 1886/1913/6619 1892/1919/6620 1893/1920/6621 1887/1914/6622
f 1887/1914/6623 1893/1920/6624 1894/1921/6625 1888/1915/6626
f 1888/1915/6627 1894/1921/6628 1895/1922/6629 1889/1916/6630
f 1890/1917/6631 1896/1923/6632 1897/1924/6633 1891/1918/6634
f 1891/1918/6635 1897/1924/6636 1898/1925/6637 1892/1919/6638
f 1892/1919/6639 1898/1925/6640 1899/1926/6641 1893/1920/6642
f 1893/1920/6643 1899/1926/6644 1900/1927/6645 1894/1921/6646
f 1894/1921/6647 1900/1927/6648 1901/1928/6649 1895/1922/6650
f 1896/1923/6651 1902/1929/6652 1903/1930/6653 1897/1924/6654
f 1897/1924/6655 1903/1930/6656 1904/1931/6657 1898/1925/6658
f 1898/1925/6659 1904/1931/6660 1905/1932/6661 1899/1926/6662
f 1899/1926/6663 1905/1932/6664 1906/1933/6665 1900/1927/6666
f 1900/1927/6667 1906/1933/6668 1907/1934/6669 1901/1928/6670
f 1902/1929/6671 1908/1935/6672 1909/1936/6673 1903/1930/6674
f 1903/1930/6675 1909/1936/6676 1910/1937/6677 1904/1931/6678
f 1904/1931/6679 1910/1937/6680 1911/1938/6681 1905/1932/6682
f 1905/1932/6683 1911/1938/6684 1912/1939/6685 1906/1933/6686
f 1906/1933/6687 1912/1939/6688 1913/1940/6689 1907/1934/6690
f 1908/1935/6691 1914/1941/6692 1915/1942/6693 1909/1936/6694
f 1909/1936/6695 1915/1942/6696 1916/1943/6697 1910/1937/6698
f 1910/1937/6699 1916/1943/6700 1917/1944/6701 1911/1938/6702
f 1911/1938/6703 1917/1944/6704 1918/1945/6705 1912/1939/6706
f 1912/1939/6707 1918/1945/6708 1919/1946/6709 1913/1940/6710
f 1914/1941/6711 1920/1947/6712 1921/1948/6713 1915/1942/6714
f 1915/1942/6715 1921/1948/6716 1922/1949/6717 1916/1943/6718
f 1916/1943/6719 1922/1949/6720 1923/1950/6721 1917/1944/6722
f 1917/1944/6723 1923/1950/6724 1924/1951/6725 1918/1945/6726
f 1918/1945/6727 1924/1951/6728 1925/1952/6729 1919/1946/6730
f 1920/1947/6731 1485/1427/6732 1565/1508/6733 1921/1948/6734
f 1921/1948/6735 1565/1508/6736 1645/1589/6737 1922/1949/6738
f 1922/1949/6739 1645/1589/6740 1725/1670/6741 1923/1950/6742
f 1923/1950/6743 1725/1670/6744 1805/1751/6745 1924/1951/6746
f 1924/1951/6747 1805/1751/6748 1085/1832/6749 1925/1952/6750
g entrance_floor
usemtl /obj/server/texel_density18/uvquickshade1/shop_definition/texture_material
f 1926/1953/6751 1928/1954/6752 1929/1955/6753 1927/1956/6754
f 1927/1956/6755 1929/1955/6756 1931/1957/6757 1930/1958/6758
f 1930/1958/6759 1931/1957/6760 1933/1959/6761 1932/1960/6762
f 1932/1960/6763 1933/1959/6764 1935/1961/6765 1934/1962/6766
f 1934/1962/6767 1935/1961/6768 1937/1963/6769 1936/1964/6770
f 1936/1964/6771 1937/1963/6772 1939/1965/6773 1938/1966/6774
f 1938/1966/6775 1939/1965/6776 1941/1967/6777 1940/1968/6778
f 1940/1968/6779 1941/1967/6780 1943/1969/6781 1942/1970/6782
f 1942/1970/6783 1943/1969/6784 1945/1971/6785 1944/1972/6786
f 1948/1973/6787 1926/1953/6788 1927/1956/6789 1949/1974/6790
f 1949/1974/6791 1927/1956/6792 1930/1958/6793 1950/1975/6794
f 1950/1975/6795 1930/1958/6796 1932/1960/6797 1951/1976/6798
f 1951/1976/6799 1932/1960/6800 1934/1962/6801 1952/1977/6802
f 1952/1977/6803 1934/1962/6804 1936/1964/6805 1953/1978/6806
f 1953/1978/6807 1936/1964/6808 1938/1966/6809 1954/1979/6810
f 1954/1979/6811 1938/1966/6812 1940/1968/6813 1955/1980/6814
f 1955/1980/6815 1940/1968/6816 1942/1970/6817 1956/1981/6818
f 1956/1981/6819 1942/1970/6820 1944/1972/6821 1957/1982/6822
f 1959/1983/6823 1948/1973/6824 1949/1974/6825 1960/1984/6826
f 1960/1984/6827 1949/1974/6828 1950/1975/6829 1961/1985/6830
f 1961/1985/6831 1950/1975/6832 1951/1976/6833 1962/1986/6834
f 1962/1986/6835 1951/1976/6836 1952/1977/6837 1963/1987/6838
f 1963/1987/6839 1952/1977/6840 1953/1978/6841 1964/1988/6842
f 1964/1988/6843 1953/1978/6844 1954/1979/6845 1965/1989/6846
f 1965/1989/6847 1954/1979/6848 1955/1980/6849 1966/1990/6850
f 1966/1990/6851 1955/1980/6852 1956/1981/6853 1967/1991/6854
f 1967/1991/6855 1956/1981/6856 1957/1982/6857 1968/1992/6858
f 1970/1993/6859 1959/1983/6860 1960/1984/6861 1971/1994/6862
f 1971/1994/6863 1960/1984/6864 1961/1985/6865 1972/1995/6866
f 1972/1995/6867 1961/1985/6868 1962/1986/6869 1973/1996/6870
f 1973/1996/6871 1962/1986/6872 1963/1987/6873 1974/1997/6874
f 1974/1997/6875 1963/1987/6876 1964/1988/6877 1975/1998/6878
f 1975/1998/6879 1964/1988/6880 1965/1989/6881 1976/1999/6882
f 1976/1999/6883 1965/1989/6884 1966/1990/6885 1977/2000/6886
f 1977/2000/6887 1966/1990/6888 1967/1991/6889 1978/2001/6890
f 1978/2001/6891 1967/1991/6892 1968/1992/6893 1979/2002/6894
f 2911/2933/10255 1944/1972/10256 1945/1971/10257
f 1944/1972/10258 2911/2933/10259 2910/2934/10260 2909/2935/10261
f 1957/1982/10262 1944/1972/10263 2909/2935/10264 2908/2936/10265
f 1968/1992/10266 1957/1982/10267 2908/2936/10268 2907/2937/10269
f 1968/1992/10270 2912/2938/10271 1979/2002/10272
f 2912/2938/10273 1968/1992/10274 2907/2937/10275 2906/2939/10276
g mainA_floor
usemtl /obj/server/texel_density18/uvquickshade1/shop_definition/texture_material
f 1981/2003/6895 1983/2004/6896 1984/2005/6897 1982/2006/6898
f 1982/2006/6899 1984/2005/6900 1986/2007/6901 1985/2008/6902
f 1985/2008/6903 1986/2007/6904 1988/2009/6905 1987/2010/6906
f 1987/2010/6907 1988/2009/6908 1990/2011/6909 1989/2012/6910
f 1989/2012/6911 1990/2011/6912 1992/2013/6913 1991/2014/6914
f 1991/2014/6915 1992/2013/6916 1994/2015/6917 1993/2016/6918
f 1993/2016/6919 1994/2015/6920 1996/2017/6921 1995/2018/6922
f 1995/2018/6923 1996/2017/6924 1998/2019/6925 1997/2020/6926
f 1997/2020/6927 1998/2019/6928 2000/2021/6929 1999/2022/6930
f 1999/2022/6931 2000/2021/6932 2002/2023/6933 2001/2024/6934
f 2001/2024/6935 2002/2023/6936 2004/2025/6937 2003/2026/6938
f 2003/2026/6939 2004/2025/6940 2006/2027/6941 2005/2028/6942
f 2005/2028/6943 2006/2027/6944 2008/2029/6945 2007/2030/6946
f 2007/2030/6947 2008/2029/6948 2010/2031/6949 2009/2032/6950
f 2009/2032/6951 2010/2031/6952 2012/2033/6953 2011/2034/6954
f 2011/2034/6955 2012/2033/6956 2014/2035/6957 2013/2036/6958
f 2013/2036/6959 2014/2035/6960 2016/2037/6961 2015/2038/6962
f 2015/2038/6963 2016/2037/6964 2018/2039/6965 2017/2040/6966
f 2017/2040/6967 2018/2039/6968 2020/2041/6969 2019/2042/6970
f 2019/2042/6971 2020/2041/6972 2022/2043/6973 2021/2044/6974
f 2021/2044/6975 2022/2043/6976 2024/2045/6977 2023/2046/6978
f 2023/2046/6979 2024/2045/6980 2026/2047/6981 2025/2048/6982
f 2025/2048/6983 2026/2047/6984 2028/2049/6985 2027/2050/6986
f 2027/2050/6987 2028/2049/6988 2030/2051/6989 2029/2052/6990
f 2029/2052/6991 2030/2051/6992 2032/2053/6993 2031/2054/6994
f 2031/2054/6995 2032/2053/6996 2034/2055/6997 2033/2056/6998
f 2033/2056/6999 2034/2055/7000 2036/2057/7001 2035/2058/7002
f 2035/2058/7003 2036/2057/7004 2038/2059/7005 2037/2060/7006
f 2037/2060/7007 2038/2059/7008 2040/2061/7009 2039/2062/7010
f 2039/2062/7011 2040/2061/7012 2042/2063/7013 2041/2064/7014
f 1947/2065/7015 1981/2003/7016 1982/2006/7017 2043/2066/7018
f 2043/2066/7019 1982/2006/7020 1985/2008/7021 2044/2067/7022
f 2044/2067/7023 1985/2008/7024 1987/2010/7025 2045/2068/7026
f 2045/2068/7027 1987/2010/7028 1989/2012/7029 2046/2069/7030
f 2046/2069/7031 1989/2012/7032 1991/2014/7033 2047/2070/7034
f 2047/2070/7035 1991/2014/7036 1993/2016/7037 2048/2071/7038
f 2048/2071/7039 1993/2016/7040 1995/2018/7041 2049/2072/7042
f 2049/2072/7043 1995/2018/7044 1997/2020/7045 2050/2073/7046
f 2050/2073/7047 1997/2020/7048 1999/2022/7049 2051/2074/7050
f 2051/2074/7051 1999/2022/7052 2001/2024/7053 2052/2075/7054
f 2052/2075/7055 2001/2024/7056 2003/2026/7057 2053/2076/7058
f 2053/2076/7059 2003/2026/7060 2005/2028/7061 2054/2077/7062
f 2054/2077/7063 2005/2028/7064 2007/2030/7065 2055/2078/7066
f 2055/2078/7067 2007/2030/7068 2009/2032/7069 2056/2079/7070
f 2056/2079/7071 2009/2032/7072 2011/2034/7073 2057/2080/7074
f 2057/2080/7075 2011/2034/7076 2013/2036/7077 2058/2081/7078
f 2058/2081/7079 2013/2036/7080 2015/2038/7081 2059/2082/7082
f 2059/2082/7083 2015/2038/7084 2017/2040/7085 2060/2083/7086
f 2060/2083/7087 2017/2040/7088 2019/2042/7089 2061/2084/7090
f 2061/2084/7091 2019/2042/7092 2021/2044/7093 2062/2085/7094
f 2062/2085/7095 2021/2044/7096 2023/2046/7097 2063/2086/7098
f 2063/2086/7099 2023/2046/7100 2025/2048/7101 2064/2087/7102
f 2064/2087/7103 2025/2048/7104 2027/2050/7105 2065/2088/7106
f 2065/2088/7107 2027/2050/7108 2029/2052/7109 2066/2089/7110
f 2066/2089/7111 2029/2052/7112 2031/2054/7113 2067/2090/7114
f 2067/2090/7115 2031/2054/7116 2033/2056/7117 2068/2091/7118
f 2068/2091/7119 2033/2056/7120 2035/2058/7121 2069/2092/7122
f 2069/2092/7123 2035/2058/7124 2037/2060/7125 2070/2093/7126
f 2070/2093/7127 2037/2060/7128 2039/2062/7129 2071/2094/7130
f 2071/2094/7131 2039/2062/7132 2041/2064/7133 2072/2095/7134
f 1946/2096/7135 1947/2065/7136 2043/2066/7137 2073/2097/7138
f 2073/2097/7139 2043/2066/7140 2044/2067/7141 2074/2098/7142
f 2074/2098/7143 2044/2067/7144 2045/2068/7145 2075/2099/7146
f 2075/2099/7147 2045/2068/7148 2046/2069/7149 2076/2100/7150
f 2076/2100/7151 2046/2069/7152 2047/2070/7153 2077/2101/7154
f 2077/2101/7155 2047/2070/7156 2048/2071/7157 2078/2102/7158
f 2078/2102/7159 2048/2071/7160 2049/2072/7161 2079/2103/7162
f 2079/2103/7163 2049/2072/7164 2050/2073/7165 2080/2104/7166
f 2080/2104/7167 2050/2073/7168 2051/2074/7169 2081/2105/7170
f 2081/2105/7171 2051/2074/7172 2052/2075/7173 2082/2106/7174
f 2082/2106/7175 2052/2075/7176 2053/2076/7177 2083/2107/7178
f 2083/2107/7179 2053/2076/7180 2054/2077/7181 2084/2108/7182
f 2084/2108/7183 2054/2077/7184 2055/2078/7185 2085/2109/7186
f 2085/2109/7187 2055/2078/7188 2056/2079/7189 2086/2110/7190
f 2086/2110/7191 2056/2079/7192 2057/2080/7193 2087/2111/7194
f 2087/2111/7195 2057/2080/7196 2058/2081/7197 2088/2112/7198
f 2088/2112/7199 2058/2081/7200 2059/2082/7201 2089/2113/7202
f 2089/2113/7203 2059/2082/7204 2060/2083/7205 2090/2114/7206
f 2090/2114/7207 2060/2083/7208 2061/2084/7209 2091/2115/7210
f 2091/2115/7211 2061/2084/7212 2062/2085/7213 2092/2116/7214
f 2092/2116/7215 2062/2085/7216 2063/2086/7217 2093/2117/7218
f 2093/2117/7219 2063/2086/7220 2064/2087/7221 2094/2118/7222
f 2094/2118/7223 2064/2087/7224 2065/2088/7225 2095/2119/7226
f 2095/2119/7227 2065/2088/7228 2066/2089/7229 2096/2120/7230
f 2096/2120/7231 2066/2089/7232 2067/2090/7233 2097/2121/7234
f 2097/2121/7235 2067/2090/7236 2068/2091/7237 2098/2122/7238
f 2098/2122/7239 2068/2091/7240 2069/2092/7241 2099/2123/7242
f 2099/2123/7243 2069/2092/7244 2070/2093/7245 2100/2124/7246
f 2100/2124/7247 2070/2093/7248 2071/2094/7249 2101/2125/7250
f 2101/2125/7251 2071/2094/7252 2072/2095/7253 2102/2126/7254
f 1958/2127/7255 1946/2096/7256 2073/2097/7257 2103/2128/7258
f 2103/2128/7259 2073/2097/7260 2074/2098/7261 2104/2129/7262
f 2104/2129/7263 2074/2098/7264 2075/2099/7265 2105/2130/7266
f 2105/2130/7267 2075/2099/7268 2076/2100/7269 2106/2131/7270
f 2106/2131/7271 2076/2100/7272 2077/2101/7273 2107/2132/7274
f 2107/2132/7275 2077/2101/7276 2078/2102/7277 2108/2133/7278
f 2108/2133/7279 2078/2102/7280 2079/2103/7281 2109/2134/7282
f 2109/2134/7283 2079/2103/7284 2080/2104/7285 2110/2135/7286
f 2110/2135/7287 2080/2104/7288 2081/2105/7289 2111/2136/7290
f 2111/2136/7291 2081/2105/7292 2082/2106/7293 2112/2137/7294
f 2112/2137/7295 2082/2106/7296 2083/2107/7297 2113/2138/7298
f 2113/2138/7299 2083/2107/7300 2084/2108/7301 2114/2139/7302
f 2114/2139/7303 2084/2108/7304 2085/2109/7305 2115/2140/7306
f 2115/2140/7307 2085/2109/7308 2086/2110/7309 2116/2141/7310
f 2116/2141/7311 2086/2110/7312 2087/2111/7313 2117/2142/7314
f 2117/2142/7315 2087/2111/7316 2088/2112/7317 2118/2143/7318
f 2118/2143/7319 2088/2112/7320 2089/2113/7321 2119/2144/7322
f 2119/2144/7323 2089/2113/7324 2090/2114/7325 2120/2145/7326
f 2120/2145/7327 2090/2114/7328 2091/2115/7329 2121/2146/7330
f 2121/2146/7331 2091/2115/7332 2092/2116/7333 2122/2147/7334
f 2122/2147/7335 2092/2116/7336 2093/2117/7337 2123/2148/7338
f 2123/2148/7339 2093/2117/7340 2094/2118/7341 2124/2149/7342
f 2124/2149/7343 2094/2118/7344 2095/2119/7345 2125/2150/7346
f 2125/2150/7347 2095/2119/7348 2096/2120/7349 2126/2151/7350
f 2126/2151/7351 2096/2120/7352 2097/2121/7353 2127/2152/7354
f 2127/2152/7355 2097/2121/7356 2098/2122/7357 2128/2153/7358
f 2128/2153/7359 2098/2122/7360 2099/2123/7361 2129/2154/7362
f 2129/2154/7363 2099/2123/7364 2100/2124/7365 2130/2155/7366
f 2130/2155/7367 2100/2124/7368 2101/2125/7369 2131/2156/7370
f 2131/2156/7371 2101/2125/7372 2102/2126/7373 2132/2157/7374
f 1969/2158/7375 1958/2127/7376 2103/2128/7377 2133/2159/7378
f 2133/2159/7379 2103/2128/7380 2104/2129/7381 2134/2160/7382
f 2134/2160/7383 2104/2129/7384 2105/2130/7385 2135/2161/7386
f 2135/2161/7387 2105/2130/7388 2106/2131/7389 2136/2162/7390
f 2136/2162/7391 2106/2131/7392 2107/2132/7393 2137/2163/7394
f 2137/2163/7395 2107/2132/7396 2108/2133/7397 2138/2164/7398
f 2138/2164/7399 2108/2133/7400 2109/2134/7401 2139/2165/7402
f 2139/2165/7403 2109/2134/7404 2110/2135/7405 2140/2166/7406
f 2140/2166/7407 2110/2135/7408 2111/2136/7409 2141/2167/7410
f 2141/2167/7411 2111/2136/7412 2112/2137/7413 2142/2168/7414
f 2142/2168/7415 2112/2137/7416 2113/2138/7417 2143/2169/7418
f 2143/2169/7419 2113/2138/7420 2114/2139/7421 2144/2170/7422
f 2144/2170/7423 2114/2139/7424 2115/2140/7425 2145/2171/7426
f 2145/2171/7427 2115/2140/7428 2116/2141/7429 2146/2172/7430
f 2146/2172/7431 2116/2141/7432 2117/2142/7433 2147/2173/7434
f 2147/2173/7435 2117/2142/7436 2118/2143/7437 2148/2174/7438
f 2148/2174/7439 2118/2143/7440 2119/2144/7441 2149/2175/7442
f 2149/2175/7443 2119/2144/7444 2120/2145/7445 2150/2176/7446
f 2150/2176/7447 2120/2145/7448 2121/2146/7449 2151/2177/7450
f 2151/2177/7451 2121/2146/7452 2122/2147/7453 2152/2178/7454
f 2152/2178/7455 2122/2147/7456 2123/2148/7457 2153/2179/7458
f 2153/2179/7459 2123/2148/7460 2124/2149/7461 2154/2180/7462
f 2154/2180/7463 2124/2149/7464 2125/2150/7465 2155/2181/7466
f 2155/2181/7467 2125/2150/7468 2126/2151/7469 2156/2182/7470
f 2156/2182/7471 2126/2151/7472 2127/2152/7473 2157/2183/7474
f 2157/2183/7475 2127/2152/7476 2128/2153/7477 2158/2184/7478
f 2158/2184/7479 2128/2153/7480 2129/2154/7481 2159/2185/7482
f 2159/2185/7483 2129/2154/7484 2130/2155/7485 2160/2186/7486
f 2160/2186/7487 2130/2155/7488 2131/2156/7489 2161/2187/7490
f 2161/2187/7491 2131/2156/7492 2132/2157/7493 2162/2188/7494
f 1980/2189/7495 1969/2158/7496 2133/2159/7497 2163/2190/7498
f 2163/2190/7499 2133/2159/7500 2134/2160/7501 2164/2191/7502
f 2164/2191/7503 2134/2160/7504 2135/2161/7505 2165/2192/7506
f 2165/2192/7507 2135/2161/7508 2136/2162/7509 2166/2193/7510
f 2166/2193/7511 2136/2162/7512 2137/2163/7513 2167/2194/7514
f 2167/2194/7515 2137/2163/7516 2138/2164/7517 2168/2195/7518
f 2168/2195/7519 2138/2164/7520 2139/2165/7521 2169/2196/7522
f 2169/2196/7523 2139/2165/7524 2140/2166/7525 2170/2197/7526
f 2170/2197/7527 2140/2166/7528 2141/2167/7529 2171/2198/7530
f 2171/2198/7531 2141/2167/7532 2142/2168/7533 2172/2199/7534
f 2172/2199/7535 2142/2168/7536 2143/2169/7537 2173/2200/7538
f 2173/2200/7539 2143/2169/7540 2144/2170/7541 2174/2201/7542
f 2174/2201/7543 2144/2170/7544 2145/2171/7545 2175/2202/7546
f 2175/2202/7547 2145/2171/7548 2146/2172/7549 2176/2203/7550
f 2176/2203/7551 2146/2172/7552 2147/2173/7553 2177/2204/7554
f 2177/2204/7555 2147/2173/7556 2148/2174/7557 2178/2205/7558
f 2178/2205/7559 2148/2174/7560 2149/2175/7561 2179/2206/7562
f 2179/2206/7563 2149/2175/7564 2150/2176/7565 2180/2207/7566
f 2180/2207/7567 2150/2176/7568 2151/2177/7569 2181/2208/7570
f 2181/2208/7571 2151/2177/7572 2152/2178/7573 2182/2209/7574
f 2182/2209/7575 2152/2178/7576 2153/2179/7577 2183/2210/7578
f 2183/2210/7579 2153/2179/7580 2154/2180/7581 2184/2211/7582
f 2184/2211/7583 2154/2180/7584 2155/2181/7585 2185/2212/7586
f 2185/2212/7587 2155/2181/7588 2156/2182/7589 2186/2213/7590
f 2186/2213/7591 2156/2182/7592 2157/2183/7593 2187/2214/7594
f 2187/2214/7595 2157/2183/7596 2158/2184/7597 2188/2215/7598
f 2188/2215/7599 2158/2184/7600 2159/2185/7601 2189/2216/7602
f 2189/2216/7603 2159/2185/7604 2160/2186/7605 2190/2217/7606
f 2190/2217/7607 2160/2186/7608 2161/2187/7609 2191/2218/7610
f 2191/2218/7611 2161/2187/7612 2162/2188/7613 2192/2219/7614
f 2193/2220/7615 1980/2189/7616 2163/2190/7617 2194/2221/7618
f 2194/2221/7619 2163/2190/7620 2164/2191/7621 2195/2222/7622
f 2195/2222/7623 2164/2191/7624 2165/2192/7625 2196/2223/7626
f 2196/2223/7627 2165/2192/7628 2166/2193/7629 2197/2224/7630
f 2197/2224/7631 2166/2193/7632 2167/2194/7633 2198/2225/7634
f 2198/2225/7635 2167/2194/7636 2168/2195/7637 2199/2226/7638
f 2199/2226/7639 2168/2195/7640 2169/2196/7641 2200/2227/7642
f 2200/2227/7643 2169/2196/7644 2170/2197/7645 2201/2228/7646
f 2201/2228/7647 2170/2197/7648 2171/2198/7649 2202/2229/7650
f 2202/2229/7651 2171/2198/7652 2172/2199/7653 2203/2230/7654
f 2203/2230/7655 2172/2199/7656 2173/2200/7657 2204/2231/7658
f 2204/2231/7659 2173/2200/7660 2174/2201/7661 2205/2232/7662
f 2205/2232/7663 2174/2201/7664 2175/2202/7665 2206/2233/7666
f 2206/2233/7667 2175/2202/7668 2176/2203/7669 2207/2234/7670
f 2207/2234/7671 2176/2203/7672 2177/2204/7673 2208/2235/7674
f 2208/2235/7675 2177/2204/7676 2178/2205/7677 2209/2236/7678
f 2209/2236/7679 2178/2205/7680 2179/2206/7681 2210/2237/7682
f 2210/2237/7683 2179/2206/7684 2180/2207/7685 2211/2238/7686
f 2211/2238/7687 2180/2207/7688 2181/2208/7689 2212/2239/7690
f 2212/2239/7691 2181/2208/7692 2182/2209/7693 2213/2240/7694
f 2213/2240/7695 2182/2209/7696 2183/2210/7697 2214/2241/7698
f 2214/2241/7699 2183/2210/7700 2184/2211/7701 2215/2242/7702
f 2215/2242/7703 2184/2211/7704 2185/2212/7705 2216/2243/7706
f 2216/2243/7707 2185/2212/7708 2186/2213/7709 2217/2244/7710
f 2217/2244/7711 2186/2213/7712 2187/2214/7713 2218/2245/7714
f 2218/2245/7715 2187/2214/7716 2188/2215/7717 2219/2246/7718
f 2219/2246/7719 2188/2215/7720 2189/2216/7721 2220/2247/7722
f 2220/2247/7723 2189/2216/7724 2190/2217/7725 2221/2248/7726
f 2221/2248/7727 2190/2217/7728 2191/2218/7729 2222/2249/7730
f 2222/2249/7731 2191/2218/7732 2192/2219/7733 2223/2250/7734
f 2224/2251/7735 2193/2220/7736 2194/2221/7737 2225/2252/7738
f 2225/2252/7739 2194/2221/7740 2195/2222/7741 2226/2253/7742
f 2226/2253/7743 2195/2222/7744 2196/2223/7745 2227/2254/7746
f 2227/2254/7747 2196/2223/7748 2197/2224/7749 2228/2255/7750
f 2228/2255/7751 2197/2224/7752 2198/2225/7753 2229/2256/7754
f 2229/2256/7755 2198/2225/7756 2199/2226/7757 2230/2257/7758
f 2230/2257/7759 2199/2226/7760 2200/2227/7761 2231/2258/7762
f 2231/2258/7763 2200/2227/7764 2201/2228/7765 2232/2259/7766
f 2232/2259/7767 2201/2228/7768 2202/2229/7769 2233/2260/7770
f 2233/2260/7771 2202/2229/7772 2203/2230/7773 2234/2261/7774
f 2234/2261/7775 2203/2230/7776 2204/2231/7777 2235/2262/7778
f 2235/2262/7779 2204/2231/7780 2205/2232/7781 2236/2263/7782
f 2236/2263/7783 2205/2232/7784 2206/2233/7785 2237/2264/7786
f 2237/2264/7787 2206/2233/7788 2207/2234/7789 2238/2265/7790
f 2238/2265/7791 2207/2234/7792 2208/2235/7793 2239/2266/7794
f 2239/2266/7795 2208/2235/7796 2209/2236/7797 2240/2267/7798
f 2240/2267/7799 2209/2236/7800 2210/2237/7801 2241/2268/7802
f 2241/2268/7803 2210/2237/7804 2211/2238/7805 2242/2269/7806
f 2242/2269/7807 2211/2238/7808 2212/2239/7809 2243/2270/7810
f 2243/2270/7811 2212/2239/7812 2213/2240/7813 2244/2271/7814
f 2244/2271/7815 2213/2240/7816 2214/2241/7817 2245/2272/7818
f 2245/2272/7819 2214/2241/7820 2215/2242/7821 2246/2273/7822
f 2246/2273/7823 2215/2242/7824 2216/2243/7825 2247/2274/7826
f 2247/2274/7827 2216/2243/7828 2217/2244/7829 2248/2275/7830
f 2248/2275/7831 2217/2244/7832 2218/2245/7833 2249/2276/7834
f 2249/2276/7835 2218/2245/7836 2219/2246/7837 2250/2277/7838
f 2250/2277/7839 2219/2246/7840 2220/2247/7841 2251/2278/7842
f 2251/2278/7843 2220/2247/7844 2221/2248/7845 2252/2279/7846
f 2252/2279/7847 2221/2248/7848 2222/2249/7849 2253/2280/7850
f 2253/2280/7851 2222/2249/7852 2223/2250/7853 2254/2281/7854
g mainB_floor
usemtl /obj/server/texel_density18/uvquickshade1/shop_definition/texture_material
f 2286/2282/7855 2255/2283/7856 2256/2284/7857 2287/2285/7858
f 2287/2285/7859 2256/2284/7860 2257/2286/7861 2288/2287/7862
f 2288/2287/7863 2257/2286/7864 2258/2288/7865 2289/2289/7866
f 2289/2289/7867 2258/2288/7868 2259/2290/7869 2290/2291/7870
f 2290/2291/7871 2259/2290/7872 2260/2292/7873 2291/2293/7874
f 2291/2293/7875 2260/2292/7876 2261/2294/7877 2292/2295/7878
f 2292/2295/7879 2261/2294/7880 2262/2296/7881 2293/2297/7882
f 2293/2297/7883 2262/2296/7884 2263/2298/7885 2294/2299/7886
f 2294/2299/7887 2263/2298/7888 2264/2300/7889 2295/2301/7890
f 2295/2301/7891 2264/2300/7892 2265/2302/7893 2296/2303/7894
f 2296/2303/7895 2265/2302/7896 2266/2304/7897 2297/2305/7898
f 2297/2305/7899 2266/2304/7900 2267/2306/7901 2298/2307/7902
f 2298/2307/7903 2267/2306/7904 2268/2308/7905 2299/2309/7906
f 2299/2309/7907 2268/2308/7908 2269/2310/7909 2300/2311/7910
f 2300/2311/7911 2269/2310/7912 2270/2312/7913 2301/2313/7914
f 2301/2313/7915 2270/2312/7916 2271/2314/7917 2302/2315/7918
f 2302/2315/7919 2271/2314/7920 2272/2316/7921 2303/2317/7922
f 2303/2317/7923 2272/2316/7924 2273/2318/7925 2304/2319/7926
f 2304/2319/7927 2273/2318/7928 2274/2320/7929 2305/2321/7930
f 2305/2321/7931 2274/2320/7932 2275/2322/7933 2306/2323/7934
f 2306/2323/7935 2275/2322/7936 2276/2324/7937 2307/2325/7938
f 2307/2325/7939 2276/2324/7940 2277/2326/7941 2308/2327/7942
f 2308/2327/7943 2277/2326/7944 2278/2328/7945 2309/2329/7946
f 2309/2329/7947 2278/2328/7948 2279/2330/7949 2310/2331/7950
f 2310/2331/7951 2279/2330/7952 2280/2332/7953 2311/2333/7954
f 2311/2333/7955 2280/2332/7956 2281/2334/7957 2312/2335/7958
f 2312/2335/7959 2281/2334/7960 2282/2336/7961 2313/2337/7962
f 2313/2337/7963 2282/2336/7964 2283/2338/7965 2314/2339/7966
f 2314/2339/7967 2283/2338/7968 2284/2340/7969 2315/2341/7970
f 2315/2341/7971 2284/2340/7972 2285/2342/7973 2316/2343/7974
f 2317/2344/7975 2286/2282/7976 2287/2285/7977 2318/2345/7978
f 2318/2345/7979 2287/2285/7980 2288/2287/7981 2319/2346/7982
f 2319/2346/7983 2288/2287/7984 2289/2289/7985 2320/2347/7986
f 2320/2347/7987 2289/2289/7988 2290/2291/7989 2321/2348/7990
f 2321/2348/7991 2290/2291/7992 2291/2293/7993 2322/2349/7994
f 2322/2349/7995 2291/2293/7996 2292/2295/7997 2323/2350/7998
f 2323/2350/7999 2292/2295/8000 2293/2297/8001 2324/2351/8002
f 2324/2351/8003 2293/2297/8004 2294/2299/8005 2325/2352/8006
f 2325/2352/8007 2294/2299/8008 2295/2301/8009 2326/2353/8010
f 2326/2353/8011 2295/2301/8012 2296/2303/8013 2327/2354/8014
f 2327/2354/8015 2296/2303/8016 2297/2305/8017 2328/2355/8018
f 2328/2355/8019 2297/2305/8020 2298/2307/8021 2329/2356/8022
f 2329/2356/8023 2298/2307/8024 2299/2309/8025 2330/2357/8026
f 2330/2357/8027 2299/2309/8028 2300/2311/8029 2331/2358/8030
f 2331/2358/8031 2300/2311/8032 2301/2313/8033 2332/2359/8034
f 2332/2359/8035 2301/2313/8036 2302/2315/8037 2333/2360/8038
f 2333/2360/8039 2302/2315/8040 2303/2317/8041 2334/2361/8042
f 2334/2361/8043 2303/2317/8044 2304/2319/8045 2335/2362/8046
f 2335/2362/8047 2304/2319/8048 2305/2321/8049 2336/2363/8050
f 2336/2363/8051 2305/2321/8052 2306/2323/8053 2337/2364/8054
f 2337/2364/8055 2306/2323/8056 2307/2325/8057 2338/2365/8058
f 2338/2365/8059 2307/2325/8060 2308/2327/8061 2339/2366/8062
f 2339/2366/8063 2308/2327/8064 2309/2329/8065 2340/2367/8066
f 2340/2367/8067 2309/2329/8068 2310/2331/8069 2341/2368/8070
f 2341/2368/8071 2310/2331/8072 2311/2333/8073 2342/2369/8074
f 2342/2369/8075 2311/2333/8076 2312/2335/8077 2343/2370/8078
f 2343/2370/8079 2312/2335/8080 2313/2337/8081 2344/2371/8082
f 2344/2371/8083 2313/2337/8084 2314/2339/8085 2345/2372/8086
f 2345/2372/8087 2314/2339/8088 2315/2341/8089 2346/2373/8090
f 2346/2373/8091 2315/2341/8092 2316/2343/8093 2347/2374/8094
f 2348/2375/8095 2317/2344/8096 2318/2345/8097 2349/2376/8098
f 2349/2376/8099 2318/2345/8100 2319/2346/8101 2350/2377/8102
f 2350/2377/8103 2319/2346/8104 2320/2347/8105 2351/2378/8106
f 2351/2378/8107 2320/2347/8108 2321/2348/8109 2352/2379/8110
f 2352/2379/8111 2321/2348/8112 2322/2349/8113 2353/2380/8114
f 2353/2380/8115 2322/2349/8116 2323/2350/8117 2354/2381/8118
f 2354/2381/8119 2323/2350/8120 2324/2351/8121 2355/2382/8122
f 2355/2382/8123 2324/2351/8124 2325/2352/8125 2356/2383/8126
f 2356/2383/8127 2325/2352/8128 2326/2353/8129 2357/2384/8130
f 2357/2384/8131 2326/2353/8132 2327/2354/8133 2358/2385/8134
f 2358/2385/8135 2327/2354/8136 2328/2355/8137 2359/2386/8138
f 2359/2386/8139 2328/2355/8140 2329/2356/8141 2360/2387/8142
f 2360/2387/8143 2329/2356/8144 2330/2357/8145 2361/2388/8146
f 2361/2388/8147 2330/2357/8148 2331/2358/8149 2362/2389/8150
f 2362/2389/8151 2331/2358/8152 2332/2359/8153 2363/2390/8154
f 2363/2390/8155 2332/2359/8156 2333/2360/8157 2364/2391/8158
f 2364/2391/8159 2333/2360/8160 2334/2361/8161 2365/2392/8162
f 2365/2392/8163 2334/2361/8164 2335/2362/8165 2366/2393/8166
f 2366/2393/8167 2335/2362/8168 2336/2363/8169 2367/2394/8170
f 2367/2394/8171 2336/2363/8172 2337/2364/8173 2368/2395/8174
f 2368/2395/8175 2337/2364/8176 2338/2365/8177 2369/2396/8178
f 2369/2396/8179 2338/2365/8180 2339/2366/8181 2370/2397/8182
f 2370/2397/8183 2339/2366/8184 2340/2367/8185 2371/2398/8186
f 2371/2398/8187 2340/2367/8188 2341/2368/8189 2372/2399/8190
f 2372/2399/8191 2341/2368/8192 2342/2369/8193 2373/2400/8194
f 2373/2400/8195 2342/2369/8196 2343/2370/8197 2374/2401/8198
f 2374/2401/8199 2343/2370/8200 2344/2371/8201 2375/2402/8202
f 2375/2402/8203 2344/2371/8204 2345/2372/8205 2376/2403/8206
f 2376/2403/8207 2345/2372/8208 2346/2373/8209 2377/2404/8210
f 2377/2404/8211 2346/2373/8212 2347/2374/8213 2378/2405/8214
f 2379/2406/8215 2348/2375/8216 2349/2376/8217 2380/2407/8218
f 2380/2407/8219 2349/2376/8220 2350/2377/8221 2381/2408/8222
f 2381/2408/8223 2350/2377/8224 2351/2378/8225 2382/2409/8226
f 2382/2409/8227 2351/2378/8228 2352/2379/8229 2383/2410/8230
f 2383/2410/8231 2352/2379/8232 2353/2380/8233 2384/2411/8234
f 2384/2411/8235 2353/2380/8236 2354/2381/8237 2385/2412/8238
f 2385/2412/8239 2354/2381/8240 2355/2382/8241 2386/2413/8242
f 2386/2413/8243 2355/2382/8244 2356/2383/8245 2387/2414/8246
f 2387/2414/8247 2356/2383/8248 2357/2384/8249 2388/2415/8250
f 2388/2415/8251 2357/2384/8252 2358/2385/8253 2389/2416/8254
f 2389/2416/8255 2358/2385/8256 2359/2386/8257 2390/2417/8258
f 2390/2417/8259 2359/2386/8260 2360/2387/8261 2391/2418/8262
f 2391/2418/8263 2360/2387/8264 2361/2388/8265 2392/2419/8266
f 2392/2419/8267 2361/2388/8268 2362/2389/8269 2393/2420/8270
f 2393/2420/8271 2362/2389/8272 2363/2390/8273 2394/2421/8274
f 2394/2421/8275 2363/2390/8276 2364/2391/8277 2395/2422/8278
f 2395/2422/8279 2364/2391/8280 2365/2392/8281 2396/2423/8282
f 2396/2423/8283 2365/2392/8284 2366/2393/8285 2397/2424/8286
f 2397/2424/8287 2366/2393/8288 2367/2394/8289 2398/2425/8290
f 2398/2425/8291 2367/2394/8292 2368/2395/8293 2399/2426/8294
f 2399/2426/8295 2368/2395/8296 2369/2396/8297 2400/2427/8298
f 2400/2427/8299 2369/2396/8300 2370/2397/8301 2401/2428/8302
f 2401/2428/8303 2370/2397/8304 2371/2398/8305 2402/2429/8306
f 2402/2429/8307 2371/2398/8308 2372/2399/8309 2403/2430/8310
f 2403/2430/8311 2372/2399/8312 2373/2400/8313 2404/2431/8314
f 2404/2431/8315 2373/2400/8316 2374/2401/8317 2405/2432/8318
f 2405/2432/8319 2374/2401/8320 2375/2402/8321 2406/2433/8322
f 2406/2433/8323 2375/2402/8324 2376/2403/8325 2407/2434/8326
f 2407/2434/8327 2376/2403/8328 2377/2404/8329 2408/2435/8330
f 2408/2435/8331 2377/2404/8332 2378/2405/8333 2409/2436/8334
f 2410/2437/8335 2379/2406/8336 2380/2407/8337 2411/2438/8338
f 2411/2438/8339 2380/2407/8340 2381/2408/8341 2412/2439/8342
f 2412/2439/8343 2381/2408/8344 2382/2409/8345 2413/2440/8346
f 2413/2440/8347 2382/2409/8348 2383/2410/8349 2414/2441/8350
f 2414/2441/8351 2383/2410/8352 2384/2411/8353 2415/2442/8354
f 2415/2442/8355 2384/2411/8356 2385/2412/8357 2416/2443/8358
f 2416/2443/8359 2385/2412/8360 2386/2413/8361 2417/2444/8362
f 2417/2444/8363 2386/2413/8364 2387/2414/8365 2418/2445/8366
f 2418/2445/8367 2387/2414/8368 2388/2415/8369 2419/2446/8370
f 2419/2446/8371 2388/2415/8372 2389/2416/8373 2420/2447/8374
f 2420/2447/8375 2389/2416/8376 2390/2417/8377 2421/2448/8378
f 2421/2448/8379 2390/2417/8380 2391/2418/8381 2422/2449/8382
f 2422/2449/8383 2391/2418/8384 2392/2419/8385 2423/2450/8386
f 2423/2450/8387 2392/2419/8388 2393/2420/8389 2424/2451/8390
f 2424/2451/8391 2393/2420/8392 2394/2421/8393 2425/2452/8394
f 2425/2452/8395 2394/2421/8396 2395/2422/8397 2426/2453/8398
f 2426/2453/8399 2395/2422/8400 2396/2423/8401 2427/2454/8402
f 2427/2454/8403 2396/2423/8404 2397/2424/8405 2428/2455/8406
f 2428/2455/8407 2397/2424/8408 2398/2425/8409 2429/2456/8410
f 2429/2456/8411 2398/2425/8412 2399/2426/8413 2430/2457/8414
f 2430/2457/8415 2399/2426/8416 2400/2427/8417 2431/2458/8418
f 2431/2458/8419 2400/2427/8420 2401/2428/8421 2432/2459/8422
f 2432/2459/8423 2401/2428/8424 2402/2429/8425 2433/2460/8426
f 2433/2460/8427 2402/2429/8428 2403/2430/8429 2434/2461/8430
f 2434/2461/8431 2403/2430/8432 2404/2431/8433 2435/2462/8434
f 2435/2462/8435 2404/2431/8436 2405/2432/8437 2436/2463/8438
f 2436/2463/8439 2405/2432/8440 2406/2433/8441 2437/2464/8442
f 2437/2464/8443 2406/2433/8444 2407/2434/8445 2438/2465/8446
f 2438/2465/8447 2407/2434/8448 2408/2435/8449 2439/2466/8450
f 2439/2466/8451 2408/2435/8452 2409/2436/8453 2440/2467/8454
f 2441/2468/8455 2410/2437/8456 2411/2438/8457 2442/2469/8458
f 2442/2469/8459 2411/2438/8460 2412/2439/8461 2443/2470/8462
f 2443/2470/8463 2412/2439/8464 2413/2440/8465 2444/2471/8466
f 2444/2471/8467 2413/2440/8468 2414/2441/8469 2445/2472/8470
f 2445/2472/8471 2414/2441/8472 2415/2442/8473 2446/2473/8474
f 2446/2473/8475 2415/2442/8476 2416/2443/8477 2447/2474/8478
f 2447/2474/8479 2416/2443/8480 2417/2444/8481 2448/2475/8482
f 2448/2475/8483 2417/2444/8484 2418/2445/8485 2449/2476/8486
f 2449/2476/8487 2418/2445/8488 2419/2446/8489 2450/2477/8490
f 2450/2477/8491 2419/2446/8492 2420/2447/8493 2451/2478/8494
f 2451/2478/8495 2420/2447/8496 2421/2448/8497 2452/2479/8498
f 2452/2479/8499 2421/2448/8500 2422/2449/8501 2453/2480/8502
f 2453/2480/8503 2422/2449/8504 2423/2450/8505 2454/2481/8506
f 2454/2481/8507 2423/2450/8508 2424/2451/8509 2455/2482/8510
f 2455/2482/8511 2424/2451/8512 2425/2452/8513 2456/2483/8514
f 2456/2483/8515 2425/2452/8516 2426/2453/8517 2457/2484/8518
f 2457/2484/8519 2426/2453/8520 2427/2454/8521 2458/2485/8522
f 2458/2485/8523 2427/2454/8524 2428/2455/8525 2459/2486/8526
f 2459/2486/8527 2428/2455/8528 2429/2456/8529 2460/2487/8530
f 2460/2487/8531 2429/2456/8532 2430/2457/8533 2461/2488/8534
f 2461/2488/8535 2430/2457/8536 2431/2458/8537 2462/2489/8538
f 2462/2489/8539 2431/2458/8540 2432/2459/8541 2463/2490/8542
f 2463/2490/8543 2432/2459/8544 2433/2460/8545 2464/2491/8546
f 2464/2491/8547 2433/2460/8548 2434/2461/8549 2465/2492/8550
f 2465/2492/8551 2434/2461/8552 2435/2462/8553 2466/2493/8554
f 2466/2493/8555 2435/2462/8556 2436/2463/8557 2467/2494/8558
f 2467/2494/8559 2436/2463/8560 2437/2464/8561 2468/2495/8562
f 2468/2495/8563 2437/2464/8564 2438/2465/8565 2469/2496/8566
f 2469/2496/8567 2438/2465/8568 2439/2466/8569 2470/2497/8570
f 2470/2497/8571 2439/2466/8572 2440/2467/8573 2471/2498/8574
f 2472/2499/8575 2441/2468/8576 2442/2469/8577 2473/2500/8578
f 2473/2500/8579 2442/2469/8580 2443/2470/8581 2474/2501/8582
f 2474/2501/8583 2443/2470/8584 2444/2471/8585 2475/2502/8586
f 2475/2502/8587 2444/2471/8588 2445/2472/8589 2476/2503/8590
f 2476/2503/8591 2445/2472/8592 2446/2473/8593 2477/2504/8594
f 2477/2504/8595 2446/2473/8596 2447/2474/8597 2478/2505/8598
f 2478/2505/8599 2447/2474/8600 2448/2475/8601 2479/2506/8602
f 2479/2506/8603 2448/2475/8604 2449/2476/8605 2480/2507/8606
f 2480/2507/8607 2449/2476/8608 2450/2477/8609 2481/2508/8610
f 2481/2508/8611 2450/2477/8612 2451/2478/8613 2482/2509/8614
f 2482/2509/8615 2451/2478/8616 2452/2479/8617 2483/2510/8618
f 2483/2510/8619 2452/2479/8620 2453/2480/8621 2484/2511/8622
f 2484/2511/8623 2453/2480/8624 2454/2481/8625 2485/2512/8626
f 2485/2512/8627 2454/2481/8628 2455/2482/8629 2486/2513/8630
f 2486/2513/8631 2455/2482/8632 2456/2483/8633 2487/2514/8634
f 2487/2514/8635 2456/2483/8636 2457/2484/8637 2488/2515/8638
f 2488/2515/8639 2457/2484/8640 2458/2485/8641 2489/2516/8642
f 2489/2516/8643 2458/2485/8644 2459/2486/8645 2490/2517/8646
f 2490/2517/8647 2459/2486/8648 2460/2487/8649 2491/2518/8650
f 2491/2518/8651 2460/2487/8652 2461/2488/8653 2492/2519/8654
f 2492/2519/8655 2461/2488/8656 2462/2489/8657 2493/2520/8658
f 2493/2520/8659 2462/2489/8660 2463/2490/8661 2494/2521/8662
f 2494/2521/8663 2463/2490/8664 2464/2491/8665 2495/2522/8666
f 2495/2522/8667 2464/2491/8668 2465/2492/8669 2496/2523/8670
f 2496/2523/8671 2465/2492/8672 2466/2493/8673 2497/2524/8674
f 2497/2524/8675 2466/2493/8676 2467/2494/8677 2498/2525/8678
f 2498/2525/8679 2467/2494/8680 2468/2495/8681 2499/2526/8682
f 2499/2526/8683 2468/2495/8684 2469/2496/8685 2500/2527/8686
f 2500/2527/8687 2469/2496/8688 2470/2497/8689 2501/2528/8690
f 2501/2528/8691 2470/2497/8692 2471/2498/8693 2502/2529/8694
f 2503/2530/8695 2472/2499/8696 2473/2500/8697 2504/2531/8698
f 2504/2531/8699 2473/2500/8700 2474/2501/8701 2505/2532/8702
f 2505/2532/8703 2474/2501/8704 2475/2502/8705 2506/2533/8706
f 2506/2533/8707 2475/2502/8708 2476/2503/8709 2507/2534/8710
f 2507/2534/8711 2476/2503/8712 2477/2504/8713 2508/2535/8714
f 2508/2535/8715 2477/2504/8716 2478/2505/8717 2509/2536/8718
f 2509/2536/8719 2478/2505/8720 2479/2506/8721 2510/2537/8722
f 2510/2537/8723 2479/2506/8724 2480/2507/8725 2511/2538/8726
f 2511/2538/8727 2480/2507/8728 2481/2508/8729 2512/2539/8730
f 2512/2539/8731 2481/2508/8732 2482/2509/8733 2513/2540/8734
f 2513/2540/8735 2482/2509/8736 2483/2510/8737 2514/2541/8738
f 2514/2541/8739 2483/2510/8740 2484/2511/8741 2515/2542/8742
f 2515/2542/8743 2484/2511/8744 2485/2512/8745 2516/2543/8746
f 2516/2543/8747 2485/2512/8748 2486/2513/8749 2517/2544/8750
f 2517/2544/8751 2486/2513/8752 2487/2514/8753 2518/2545/8754
f 2518/2545/8755 2487/2514/8756 2488/2515/8757 2519/2546/8758
f 2519/2546/8759 2488/2515/8760 2489/2516/8761 2520/2547/8762
f 2520/2547/8763 2489/2516/8764 2490/2517/8765 2521/2548/8766
f 2521/2548/8767 2490/2517/8768 2491/2518/8769 2522/2549/8770
f 2522/2549/8771 2491/2518/8772 2492/2519/8773 2523/2550/8774
f 2523/2550/8775 2492/2519/8776 2493/2520/8777 2524/2551/8778
f 2524/2551/8779 2493/2520/8780 2494/2521/8781 2525/2552/8782
f 2525/2552/8783 2494/2521/8784 2495/2522/8785 2526/2553/8786
f 2526/2553/8787 2495/2522/8788 2496/2523/8789 2527/2554/8790
f 2527/2554/8791 2496/2523/8792 2497/2524/8793 2528/2555/8794
f 2528/2555/8795 2497/2524/8796 2498/2525/8797 2529/2556/8798
f 2529/2556/8799 2498/2525/8800 2499/2526/8801 2530/2557/8802
f 2530/2557/8803 2499/2526/8804 2500/2527/8805 2531/2558/8806
f 2531/2558/8807 2500/2527/8808 2501/2528/8809 2532/2559/8810
f 2532/2559/8811 2501/2528/8812 2502/2529/8813 2533/2560/8814
f 2534/2561/8815 2503/2530/8816 2504/2531/8817 2535/2562/8818
f 2535/2562/8819 2504/2531/8820 2505/2532/8821 2536/2563/8822
f 2536/2563/8823 2505/2532/8824 2506/2533/8825 2537/2564/8826
f 2537/2564/8827 2506/2533/8828 2507/2534/8829 2538/2565/8830
f 2538/2565/8831 2507/2534/8832 2508/2535/8833 2539/2566/8834
f 2539/2566/8835 2508/2535/8836 2509/2536/8837 2540/2567/8838
f 2540/2567/8839 2509/2536/8840 2510/2537/8841 2541/2568/8842
f 2541/2568/8843 2510/2537/8844 2511/2538/8845 2542/2569/8846
f 2542/2569/8847 2511/2538/8848 2512/2539/8849 2543/2570/8850
f 2543/2570/8851 2512/2539/8852 2513/2540/8853 2544/2571/8854
f 2544/2571/8855 2513/2540/8856 2514/2541/8857 2545/2572/8858
f 2545/2572/8859 2514/2541/8860 2515/2542/8861 2546/2573/8862
f 2546/2573/8863 2515/2542/8864 2516/2543/8865 2547/2574/8866
f 2547/2574/8867 2516/2543/8868 2517/2544/8869 2548/2575/8870
f 2548/2575/8871 2517/2544/8872 2518/2545/8873 2549/2576/8874
f 2549/2576/8875 2518/2545/8876 2519/2546/8877 2550/2577/8878
f 2550/2577/8879 2519/2546/8880 2520/2547/8881 2551/2578/8882
f 2551/2578/8883 2520/2547/8884 2521/2548/8885 2552/2579/8886
f 2552/2579/8887 2521/2548/8888 2522/2549/8889 2553/2580/8890
f 2553/2580/8891 2522/2549/8892 2523/2550/8893 2554/2581/8894
f 2554/2581/8895 2523/2550/8896 2524/2551/8897 2555/2582/8898
f 2555/2582/8899 2524/2551/8900 2525/2552/8901 2556/2583/8902
f 2556/2583/8903 2525/2552/8904 2526/2553/8905 2557/2584/8906
f 2557/2584/8907 2526/2553/8908 2527/2554/8909 2558/2585/8910
f 2558/2585/8911 2527/2554/8912 2528/2555/8913 2559/2586/8914
f 2559/2586/8915 2528/2555/8916 2529/2556/8917 2560/2587/8918
f 2560/2587/8919 2529/2556/8920 2530/2557/8921 2561/2588/8922
f 2561/2588/8923 2530/2557/8924 2531/2558/8925 2562/2589/8926
f 2562/2589/8927 2531/2558/8928 2532/2559/8929 2563/2590/8930
f 2563/2590/8931 2532/2559/8932 2533/2560/8933 2564/2591/8934
f 2565/2592/8935 2534/2561/8936 2535/2562/8937 2566/2593/8938
f 2566/2593/8939 2535/2562/8940 2536/2563/8941 2567/2594/8942
f 2567/2594/8943 2536/2563/8944 2537/2564/8945 2568/2595/8946
f 2568/2595/8947 2537/2564/8948 2538/2565/8949 2569/2596/8950
f 2569/2596/8951 2538/2565/8952 2539/2566/8953 2570/2597/8954
f 2570/2597/8955 2539/2566/8956 2540/2567/8957 2571/2598/8958
f 2571/2598/8959 2540/2567/8960 2541/2568/8961 2572/2599/8962
f 2572/2599/8963 2541/2568/8964 2542/2569/8965 2573/2600/8966
f 2573/2600/8967 2542/2569/8968 2543/2570/8969 2574/2601/8970
f 2574/2601/8971 2543/2570/8972 2544/2571/8973 2575/2602/8974
f 2575/2602/8975 2544/2571/8976 2545/2572/8977 2576/2603/8978
f 2576/2603/8979 2545/2572/8980 2546/2573/8981 2577/2604/8982
f 2577/2604/8983 2546/2573/8984 2547/2574/8985 2578/2605/8986
f 2578/2605/8987 2547/2574/8988 2548/2575/8989 2579/2606/8990
f 2579/2606/8991 2548/2575/8992 2549/2576/8993 2580/2607/8994
f 2580/2607/8995 2549/2576/8996 2550/2577/8997 2581/2608/8998
f 2581/2608/8999 2550/2577/9000 2551/2578/9001 2582/2609/9002
f 2582/2609/9003 2551/2578/9004 2552/2579/9005 2583/2610/9006
f 2583/2610/9007 2552/2579/9008 2553/2580/9009 2584/2611/9010
f 2584/2611/9011 2553/2580/9012 2554/2581/9013 2585/2612/9014
f 2585/2612/9015 2554/2581/9016 2555/2582/9017 2586/2613/9018
f 2586/2613/9019 2555/2582/9020 2556/2583/9021 2587/2614/9022
f 2587/2614/9023 2556/2583/9024 2557/2584/9025 2588/2615/9026
f 2588/2615/9027 2557/2584/9028 2558/2585/9029 2589/2616/9030
f 2589/2616/9031 2558/2585/9032 2559/2586/9033 2590/2617/9034
f 2590/2617/9035 2559/2586/9036 2560/2587/9037 2591/2618/9038
f 2591/2618/9039 2560/2587/9040 2561/2588/9041 2592/2619/9042
f 2592/2619/9043 2561/2588/9044 2562/2589/9045 2593/2620/9046
f 2593/2620/9047 2562/2589/9048 2563/2590/9049 2594/2621/9050
f 2594/2621/9051 2563/2590/9052 2564/2591/9053 2595/2622/9054
f 2596/2623/9055 2565/2592/9056 2566/2593/9057 2597/2624/9058
f 2597/2624/9059 2566/2593/9060 2567/2594/9061 2598/2625/9062
f 2598/2625/9063 2567/2594/9064 2568/2595/9065 2599/2626/9066
f 2599/2626/9067 2568/2595/9068 2569/2596/9069 2600/2627/9070
f 2600/2627/9071 2569/2596/9072 2570/2597/9073 2601/2628/9074
f 2601/2628/9075 2570/2597/9076 2571/2598/9077 2602/2629/9078
f 2602/2629/9079 2571/2598/9080 2572/2599/9081 2603/2630/9082
f 2603/2630/9083 2572/2599/9084 2573/2600/9085 2604/2631/9086
f 2604/2631/9087 2573/2600/9088 2574/2601/9089 2605/2632/9090
f 2605/2632/9091 2574/2601/9092 2575/2602/9093 2606/2633/9094
f 2606/2633/9095 2575/2602/9096 2576/2603/9097 2607/2634/9098
f 2607/2634/9099 2576/2603/9100 2577/2604/9101 2608/2635/9102
f 2608/2635/9103 2577/2604/9104 2578/2605/9105 2609/2636/9106
f 2609/2636/9107 2578/2605/9108 2579/2606/9109 2610/2637/9110
f 2610/2637/9111 2579/2606/9112 2580/2607/9113 2611/2638/9114
f 2611/2638/9115 2580/2607/9116 2581/2608/9117 2612/2639/9118
f 2612/2639/9119 2581/2608/9120 2582/2609/9121 2613/2640/9122
f 2613/2640/9123 2582/2609/9124 2583/2610/9125 2614/2641/9126
f 2614/2641/9127 2583/2610/9128 2584/2611/9129 2615/2642/9130
f 2615/2642/9131 2584/2611/9132 2585/2612/9133 2616/2643/9134
f 2616/2643/9135 2585/2612/9136 2586/2613/9137 2617/2644/9138
f 2617/2644/9139 2586/2613/9140 2587/2614/9141 2618/2645/9142
f 2618/2645/9143 2587/2614/9144 2588/2615/9145 2619/2646/9146
f 2619/2646/9147 2588/2615/9148 2589/2616/9149 2620/2647/9150
f 2620/2647/9151 2589/2616/9152 2590/2617/9153 2621/2648/9154
f 2621/2648/9155 2590/2617/9156 2591/2618/9157 2622/2649/9158
f 2622/2649/9159 2591/2618/9160 2592/2619/9161 2623/2650/9162
f 2623/2650/9163 2592/2619/9164 2593/2620/9165 2624/2651/9166
f 2624/2651/9167 2593/2620/9168 2594/2621/9169 2625/2652/9170
f 2625/2652/9171 2594/2621/9172 2595/2622/9173 2626/2653/9174
f 2627/2654/9175 2596/2623/9176 2597/2624/9177 2628/2655/9178
f 2628/2655/9179 2597/2624/9180 2598/2625/9181 2629/2656/9182
f 2629/2656/9183 2598/2625/9184 2599/2626/9185 2630/2657/9186
f 2630/2657/9187 2599/2626/9188 2600/2627/9189 2631/2658/9190
f 2631/2658/9191 2600/2627/9192 2601/2628/9193 2632/2659/9194
f 2632/2659/9195 2601/2628/9196 2602/2629/9197 2633/2660/9198
f 2633/2660/9199 2602/2629/9200 2603/2630/9201 2634/2661/9202
f 2634/2661/9203 2603/2630/9204 2604/2631/9205 2635/2662/9206
f 2635/2662/9207 2604/2631/9208 2605/2632/9209 2636/2663/9210
f 2636/2663/9211 2605/2632/9212 2606/2633/9213 2637/2664/9214
f 2637/2664/9215 2606/2633/9216 2607/2634/9217 2638/2665/9218
f 2638/2665/9219 2607/2634/9220 2608/2635/9221 2639/2666/9222
f 2639/2666/9223 2608/2635/9224 2609/2636/9225 2640/2667/9226
f 2640/2667/9227 2609/2636/9228 2610/2637/9229 2641/2668/9230
f 2641/2668/9231 2610/2637/9232 2611/2638/9233 2642/2669/9234
f 2642/2669/9235 2611/2638/9236 2612/2639/9237 2643/2670/9238
f 2643/2670/9239 2612/2639/9240 2613/2640/9241 2644/2671/9242
f 2644/2671/9243 2613/2640/9244 2614/2641/9245 2645/2672/9246
f 2645/2672/9247 2614/2641/9248 2615/2642/9249 2646/2673/9250
f 2646/2673/9251 2615/2642/9252 2616/2643/9253 2647/2674/9254
f 2647/2674/9255 2616/2643/9256 2617/2644/9257 2648/2675/9258
f 2648/2675/9259 2617/2644/9260 2618/2645/9261 2649/2676/9262
f 2649/2676/9263 2618/2645/9264 2619/2646/9265 2650/2677/9266
f 2650/2677/9267 2619/2646/9268 2620/2647/9269 2651/2678/9270
f 2651/2678/9271 2620/2647/9272 2621/2648/9273 2652/2679/9274
f 2652/2679/9275 2621/2648/9276 2622/2649/9277 2653/2680/9278
f 2653/2680/9279 2622/2649/9280 2623/2650/9281 2654/2681/9282
f 2654/2681/9283 2623/2650/9284 2624/2651/9285 2655/2682/9286
f 2655/2682/9287 2624/2651/9288 2625/2652/9289 2656/2683/9290
f 2656/2683/9291 2625/2652/9292 2626/2653/9293 2657/2684/9294
f 2658/2685/9295 2627/2654/9296 2628/2655/9297 2659/2686/9298
f 2659/2686/9299 2628/2655/9300 2629/2656/9301 2660/2687/9302
f 2660/2687/9303 2629/2656/9304 2630/2657/9305 2661/2688/9306
f 2661/2688/9307 2630/2657/9308 2631/2658/9309 2662/2689/9310
f 2662/2689/9311 2631/2658/9312 2632/2659/9313 2663/2690/9314
f 2663/2690/9315 2632/2659/9316 2633/2660/9317 2664/2691/9318
f 2664/2691/9319 2633/2660/9320 2634/2661/9321 2665/2692/9322
f 2665/2692/9323 2634/2661/9324 2635/2662/9325 2666/2693/9326
f 2666/2693/9327 2635/2662/9328 2636/2663/9329 2667/2694/9330
f 2667/2694/9331 2636/2663/9332 2637/2664/9333 2668/2695/9334
f 2668/2695/9335 2637/2664/9336 2638/2665/9337 2669/2696/9338
f 2669/2696/9339 2638/2665/9340 2639/2666/9341 2670/2697/9342
f 2670/2697/9343 2639/2666/9344 2640/2667/9345 2671/2698/9346
f 2671/2698/9347 2640/2667/9348 2641/2668/9349 2672/2699/9350
f 2672/2699/9351 2641/2668/9352 2642/2669/9353 2673/2700/9354
f 2673/2700/9355 2642/2669/9356 2643/2670/9357 2674/2701/9358
f 2674/2701/9359 2643/2670/9360 2644/2671/9361 2675/2702/9362
f 2675/2702/9363 2644/2671/9364 2645/2672/9365 2676/2703/9366
f 2676/2703/9367 2645/2672/9368 2646/2673/9369 2677/2704/9370
f 2677/2704/9371 2646/2673/9372 2647/2674/9373 2678/2705/9374
f 2678/2705/9375 2647/2674/9376 2648/2675/9377 2679/2706/9378
f 2679/2706/9379 2648/2675/9380 2649/2676/9381 2680/2707/9382
f 2680/2707/9383 2649/2676/9384 2650/2677/9385 2681/2708/9386
f 2681/2708/9387 2650/2677/9388 2651/2678/9389 2682/2709/9390
f 2682/2709/9391 2651/2678/9392 2652/2679/9393 2683/2710/9394
f 2683/2710/9395 2652/2679/9396 2653/2680/9397 2684/2711/9398
f 2684/2711/9399 2653/2680/9400 2654/2681/9401 2685/2712/9402
f 2685/2712/9403 2654/2681/9404 2655/2682/9405 2686/2713/9406
f 2686/2713/9407 2655/2682/9408 2656/2683/9409 2687/2714/9410
f 2687/2714/9411 2656/2683/9412 2657/2684/9413 2688/2715/9414
f 2689/2716/9415 2658/2685/9416 2659/2686/9417 2690/2717/9418
f 2690/2717/9419 2659/2686/9420 2660/2687/9421 2691/2718/9422
f 2691/2718/9423 2660/2687/9424 2661/2688/9425 2692/2719/9426
f 2692/2719/9427 2661/2688/9428 2662/2689/9429 2693/2720/9430
f 2693/2720/9431 2662/2689/9432 2663/2690/9433 2694/2721/9434
f 2694/2721/9435 2663/2690/9436 2664/2691/9437 2695/2722/9438
f 2695/2722/9439 2664/2691/9440 2665/2692/9441 2696/2723/9442
f 2696/2723/9443 2665/2692/9444 2666/2693/9445 2697/2724/9446
f 2697/2724/9447 2666/2693/9448 2667/2694/9449 2698/2725/9450
f 2698/2725/9451 2667/2694/9452 2668/2695/9453 2699/2726/9454
f 2699/2726/9455 2668/2695/9456 2669/2696/9457 2700/2727/9458
f 2700/2727/9459 2669/2696/9460 2670/2697/9461 2701/2728/9462
f 2701/2728/9463 2670/2697/9464 2671/2698/9465 2702/2729/9466
f 2702/2729/9467 2671/2698/9468 2672/2699/9469 2703/2730/9470
f 2703/2730/9471 2672/2699/9472 2673/2700/9473 2704/2731/9474
f 2704/2731/9475 2673/2700/9476 2674/2701/9477 2705/2732/9478
f 2705/2732/9479 2674/2701/9480 2675/2702/9481 2706/2733/9482
f 2706/2733/9483 2675/2702/9484 2676/2703/9485 2707/2734/9486
f 2707/2734/9487 2676/2703/9488 2677/2704/9489 2708/2735/9490
f 2708/2735/9491 2677/2704/9492 2678/2705/9493 2709/2736/9494
f 2709/2736/9495 2678/2705/9496 2679/2706/9497 2710/2737/9498
f 2710/2737/9499 2679/2706/9500 2680/2707/9501 2711/2738/9502
f 2711/2738/9503 2680/2707/9504 2681/2708/9505 2712/2739/9506
f 2712/2739/9507 2681/2708/9508 2682/2709/9509 2713/2740/9510
f 2713/2740/9511 2682/2709/9512 2683/2710/9513 2714/2741/9514
f 2714/2741/9515 2683/2710/9516 2684/2711/9517 2715/2742/9518
f 2715/2742/9519 2684/2711/9520 2685/2712/9521 2716/2743/9522
f 2716/2743/9523 2685/2712/9524 2686/2713/9525 2717/2744/9526
f 2717/2744/9527 2686/2713/9528 2687/2714/9529 2718/2745/9530
f 2718/2745/9531 2687/2714/9532 2688/2715/9533 2719/2746/9534
f 2720/2747/9535 2689/2716/9536 2690/2717/9537 2721/2748/9538
f 2721/2748/9539 2690/2717/9540 2691/2718/9541 2722/2749/9542
f 2722/2749/9543 2691/2718/9544 2692/2719/9545 2723/2750/9546
f 2723/2750/9547 2692/2719/9548 2693/2720/9549 2724/2751/9550
f 2724/2751/9551 2693/2720/9552 2694/2721/9553 2725/2752/9554
f 2725/2752/9555 2694/2721/9556 2695/2722/9557 2726/2753/9558
f 2726/2753/9559 2695/2722/9560 2696/2723/9561 2727/2754/9562
f 2727/2754/9563 2696/2723/9564 2697/2724/9565 2728/2755/9566
f 2728/2755/9567 2697/2724/9568 2698/2725/9569 2729/2756/9570
f 2729/2756/9571 2698/2725/9572 2699/2726/9573 2730/2757/9574
f 2730/2757/9575 2699/2726/9576 2700/2727/9577 2731/2758/9578
f 2731/2758/9579 2700/2727/9580 2701/2728/9581 2732/2759/9582
f 2732/2759/9583 2701/2728/9584 2702/2729/9585 2733/2760/9586
f 2733/2760/9587 2702/2729/9588 2703/2730/9589 2734/2761/9590
f 2734/2761/9591 2703/2730/9592 2704/2731/9593 2735/2762/9594
f 2735/2762/9595 2704/2731/9596 2705/2732/9597 2736/2763/9598
f 2736/2763/9599 2705/2732/9600 2706/2733/9601 2737/2764/9602
f 2737/2764/9603 2706/2733/9604 2707/2734/9605 2738/2765/9606
f 2738/2765/9607 2707/2734/9608 2708/2735/9609 2739/2766/9610
f 2739/2766/9611 2708/2735/9612 2709/2736/9613 2740/2767/9614
f 2740/2767/9615 2709/2736/9616 2710/2737/9617 2741/2768/9618
f 2741/2768/9619 2710/2737/9620 2711/2738/9621 2742/2769/9622
f 2742/2769/9623 2711/2738/9624 2712/2739/9625 2743/2770/9626
f 2743/2770/9627 2712/2739/9628 2713/2740/9629 2744/2771/9630
f 2744/2771/9631 2713/2740/9632 2714/2741/9633 2745/2772/9634
f 2745/2772/9635 2714/2741/9636 2715/2742/9637 2746/2773/9638
f 2746/2773/9639 2715/2742/9640 2716/2743/9641 2747/2774/9642
f 2747/2774/9643 2716/2743/9644 2717/2744/9645 2748/2775/9646
f 2748/2775/9647 2717/2744/9648 2718/2745/9649 2749/2776/9650
f 2749/2776/9651 2718/2745/9652 2719/2746/9653 2750/2777/9654
f 2751/2778/9655 2720/2747/9656 2721/2748/9657 2752/2779/9658
f 2752/2779/9659 2721/2748/9660 2722/2749/9661 2753/2780/9662
f 2753/2780/9663 2722/2749/9664 2723/2750/9665 2754/2781/9666
f 2754/2781/9667 2723/2750/9668 2724/2751/9669 2755/2782/9670
f 2755/2782/9671 2724/2751/9672 2725/2752/9673 2756/2783/9674
f 2756/2783/9675 2725/2752/9676 2726/2753/9677 2757/2784/9678
f 2757/2784/9679 2726/2753/9680 2727/2754/9681 2758/2785/9682
f 2758/2785/9683 2727/2754/9684 2728/2755/9685 2759/2786/9686
f 2759/2786/9687 2728/2755/9688 2729/2756/9689 2760/2787/9690
f 2760/2787/9691 2729/2756/9692 2730/2757/9693 2761/2788/9694
f 2761/2788/9695 2730/2757/9696 2731/2758/9697 2762/2789/9698
f 2762/2789/9699 2731/2758/9700 2732/2759/9701 2763/2790/9702
f 2763/2790/9703 2732/2759/9704 2733/2760/9705 2764/2791/9706
f 2764/2791/9707 2733/2760/9708 2734/2761/9709 2765/2792/9710
f 2765/2792/9711 2734/2761/9712 2735/2762/9713 2766/2793/9714
f 2766/2793/9715 2735/2762/9716 2736/2763/9717 2767/2794/9718
f 2767/2794/9719 2736/2763/9720 2737/2764/9721 2768/2795/9722
f 2768/2795/9723 2737/2764/9724 2738/2765/9725 2769/2796/9726
f 2769/2796/9727 2738/2765/9728 2739/2766/9729 2770/2797/9730
f 2770/2797/9731 2739/2766/9732 2740/2767/9733 2771/2798/9734
f 2771/2798/9735 2740/2767/9736 2741/2768/9737 2772/2799/9738
f 2772/2799/9739 2741/2768/9740 2742/2769/9741 2773/2800/9742
f 2773/2800/9743 2742/2769/9744 2743/2770/9745 2774/2801/9746
f 2774/2801/9747 2743/2770/9748 2744/2771/9749 2775/2802/9750
f 2775/2802/9751 2744/2771/9752 2745/2772/9753 2776/2803/9754
f 2776/2803/9755 2745/2772/9756 2746/2773/9757 2777/2804/9758
f 2777/2804/9759 2746/2773/9760 2747/2774/9761 2778/2805/9762
f 2778/2805/9763 2747/2774/9764 2748/2775/9765 2779/2806/9766
f 2779/2806/9767 2748/2775/9768 2749/2776/9769 2780/2807/9770
f 2780/2807/9771 2749/2776/9772 2750/2777/9773 2781/2808/9774
f 2782/2809/9775 2751/2778/9776 2752/2779/9777 2783/2810/9778
f 2783/2810/9779 2752/2779/9780 2753/2780/9781 2784/2811/9782
f 2784/2811/9783 2753/2780/9784 2754/2781/9785 2785/2812/9786
f 2785/2812/9787 2754/2781/9788 2755/2782/9789 2786/2813/9790
f 2786/2813/9791 2755/2782/9792 2756/2783/9793 2787/2814/9794
f 2787/2814/9795 2756/2783/9796 2757/2784/9797 2788/2815/9798
f 2788/2815/9799 2757/2784/9800 2758/2785/9801 2789/2816/9802
f 2789/2816/9803 2758/2785/9804 2759/2786/9805 2790/2817/9806
f 2790/2817/9807 2759/2786/9808 2760/2787/9809 2791/2818/9810
f 2791/2818/9811 2760/2787/9812 2761/2788/9813 2792/2819/9814
f 2792/2819/9815 2761/2788/9816 2762/2789/9817 2793/2820/9818
f 2793/2820/9819 2762/2789/9820 2763/2790/9821 2794/2821/9822
f 2794/2821/9823 2763/2790/9824 2764/2791/9825 2795/2822/9826
f 2795/2822/9827 2764/2791/9828 2765/2792/9829 2796/2823/9830
f 2796/2823/9831 2765/2792/9832 2766/2793/9833 2797/2824/9834
f 2797/2824/9835 2766/2793/9836 2767/2794/9837 2798/2825/9838
f 2798/2825/9839 2767/2794/9840 2768/2795/9841 2799/2826/9842
f 2799/2826/9843 2768/2795/9844 2769/2796/9845 2800/2827/9846
f 2800/2827/9847 2769/2796/9848 2770/2797/9849 2801/2828/9850
f 2801/2828/9851 2770/2797/9852 2771/2798/9853 2802/2829/9854
f 2802/2829/9855 2771/2798/9856 2772/2799/9857 2803/2830/9858
f 2803/2830/9859 2772/2799/9860 2773/2800/9861 2804/2831/9862
f 2804/2831/9863 2773/2800/9864 2774/2801/9865 2805/2832/9866
f 2805/2832/9867 2774/2801/9868 2775/2802/9869 2806/2833/9870
f 2806/2833/9871 2775/2802/9872 2776/2803/9873 2807/2834/9874
f 2807/2834/9875 2776/2803/9876 2777/2804/9877 2808/2835/9878
f 2808/2835/9879 2777/2804/9880 2778/2805/9881 2809/2836/9882
f 2809/2836/9883 2778/2805/9884 2779/2806/9885 2810/2837/9886
f 2810/2837/9887 2779/2806/9888 2780/2807/9889 2811/2838/9890
f 2811/2838/9891 2780/2807/9892 2781/2808/9893 2812/2839/9894
f 2813/2840/9895 2782/2809/9896 2783/2810/9897 2814/2841/9898
f 2814/2841/9899 2783/2810/9900 2784/2811/9901 2815/2842/9902
f 2815/2842/9903 2784/2811/9904 2785/2812/9905 2816/2843/9906
f 2816/2843/9907 2785/2812/9908 2786/2813/9909 2817/2844/9910
f 2817/2844/9911 2786/2813/9912 2787/2814/9913 2818/2845/9914
f 2818/2845/9915 2787/2814/9916 2788/2815/9917 2819/2846/9918
f 2819/2846/9919 2788/2815/9920 2789/2816/9921 2820/2847/9922
f 2820/2847/9923 2789/2816/9924 2790/2817/9925 2821/2848/9926
f 2821/2848/9927 2790/2817/9928 2791/2818/9929 2822/2849/9930
f 2822/2849/9931 2791/2818/9932 2792/2819/9933 2823/2850/9934
f 2823/2850/9935 2792/2819/9936 2793/2820/9937 2824/2851/9938
f 2824/2851/9939 2793/2820/9940 2794/2821/9941 2825/2852/9942
f 2825/2852/9943 2794/2821/9944 2795/2822/9945 2826/2853/9946
f 2826/2853/9947 2795/2822/9948 2796/2823/9949 2827/2854/9950
f 2827/2854/9951 2796/2823/9952 2797/2824/9953 2828/2855/9954
f 2828/2855/9955 2797/2824/9956 2798/2825/9957 2829/2856/9958
f 2829/2856/9959 2798/2825/9960 2799/2826/9961 2830/2857/9962
f 2830/2857/9963 2799/2826/9964 2800/2827/9965 2831/2858/9966
f 2831/2858/9967 2800/2827/9968 2801/2828/9969 2832/2859/9970
f 2832/2859/9971 2801/2828/9972 2802/2829/9973 2833/2860/9974
f 2833/2860/9975 2802/2829/9976 2803/2830/9977 2834/2861/9978
f 2834/2861/9979 2803/2830/9980 2804/2831/9981 2835/2862/9982
f 2835/2862/9983 2804/2831/9984 2805/2832/9985 2836/2863/9986
f 2836/2863/9987 2805/2832/9988 2806/2833/9989 2837/2864/9990
f 2837/2864/9991 2806/2833/9992 2807/2834/9993 2838/2865/9994
f 2838/2865/9995 2807/2834/9996 2808/2835/9997 2839/2866/9998
f 2839/2866/9999 2808/2835/10000 2809/2836/10001 2840/2867/10002
f 2840/2867/10003 2809/2836/10004 2810/2837/10005 2841/2868/10006
f 2841/2868/10007 2810/2837/10008 2811/2838/10009 2842/2869/10010
f 2842/2869/10011 2811/2838/10012 2812/2839/10013 2843/2870/10014
f 2844/2871/10015 2813/2840/10016 2814/2841/10017 2845/2872/10018
f 2845/2872/10019 2814/2841/10020 2815/2842/10021 2846/2873/10022
f 2846/2873/10023 2815/2842/10024 2816/2843/10025 2847/2874/10026
f 2847/2874/10027 2816/2843/10028 2817/2844/10029 2848/2875/10030
f 2848/2875/10031 2817/2844/10032 2818/2845/10033 2849/2876/10034
f 2849/2876/10035 2818/2845/10036 2819/2846/10037 2850/2877/10038
f 2850/2877/10039 2819/2846/10040 2820/2847/10041 2851/2878/10042
f 2851/2878/10043 2820/2847/10044 2821/2848/10045 2852/2879/10046
f 2852/2879/10047 2821/2848/10048 2822/2849/10049 2853/2880/10050
f 2853/2880/10051 2822/2849/10052 2823/2850/10053 2854/2881/10054
f 2854/2881/10055 2823/2850/10056 2824/2851/10057 2855/2882/10058
f 2855/2882/10059 2824/2851/10060 2825/2852/10061 2856/2883/10062
f 2856/2883/10063 2825/2852/10064 2826/2853/10065 2857/2884/10066
f 2857/2884/10067 2826/2853/10068 2827/2854/10069 2858/2885/10070
f 2858/2885/10071 2827/2854/10072 2828/2855/10073 2859/2886/10074
f 2859/2886/10075 2828/2855/10076 2829/2856/10077 2860/2887/10078
f 2860/2887/10079 2829/2856/10080 2830/2857/10081 2861/2888/10082
f 2861/2888/10083 2830/2857/10084 2831/2858/10085 2862/2889/10086
f 2862/2889/10087 2831/2858/10088 2832/2859/10089 2863/2890/10090
f 2863/2890/10091 2832/2859/10092 2833/2860/10093 2864/2891/10094
f 2864/2891/10095 2833/2860/10096 2834/2861/10097 2865/2892/10098
f 2865/2892/10099 2834/2861/10100 2835/2862/10101 2866/2893/10102
f 2866/2893/10103 2835/2862/10104 2836/2863/10105 2867/2894/10106
f 2867/2894/10107 2836/2863/10108 2837/2864/10109 2868/2895/10110
f 2868/2895/10111 2837/2864/10112 2838/2865/10113 2869/2896/10114
f 2869/2896/10115 2838/2865/10116 2839/2866/10117 2870/2897/10118
f 2870/2897/10119 2839/2866/10120 2840/2867/10121 2871/2898/10122
f 2871/2898/10123 2840/2867/10124 2841/2868/10125 2872/2899/10126
f 2872/2899/10127 2841/2868/10128 2842/2869/10129 2873/2900/10130
f 2873/2900/10131 2842/2869/10132 2843/2870/10133 2874/2901/10134
f 2875/2902/10135 2844/2871/10136 2845/2872/10137 2876/2903/10138
f 2876/2903/10139 2845/2872/10140 2846/2873/10141 2877/2904/10142
f 2877/2904/10143 2846/2873/10144 2847/2874/10145 2878/2905/10146
f 2878/2905/10147 2847/2874/10148 2848/2875/10149 2879/2906/10150
f 2879/2906/10151 2848/2875/10152 2849/2876/10153 2880/2907/10154
f 2880/2907/10155 2849/2876/10156 2850/2877/10157 2881/2908/10158
f 2881/2908/10159 2850/2877/10160 2851/2878/10161 2882/2909/10162
f 2882/2909/10163 2851/2878/10164 2852/2879/10165 2883/2910/10166
f 2883/2910/10167 2852/2879/10168 2853/2880/10169 2884/2911/10170
f 2884/2911/10171 2853/2880/10172 2854/2881/10173 2885/2912/10174
f 2885/2912/10175 2854/2881/10176 2855/2882/10177 2886/2913/10178
f 2886/2913/10179 2855/2882/10180 2856/2883/10181 2887/2914/10182
f 2887/2914/10183 2856/2883/10184 2857/2884/10185 2888/2915/10186
f 2888/2915/10187 2857/2884/10188 2858/2885/10189 2889/2916/10190
f 2889/2916/10191 2858/2885/10192 2859/2886/10193 2890/2917/10194
f 2890/2917/10195 2859/2886/10196 2860/2887/10197 2891/2918/10198
f 2891/2918/10199 2860/2887/10200 2861/2888/10201 2892/2919/10202
f 2892/2919/10203 2861/2888/10204 2862/2889/10205 2893/2920/10206
f 2893/2920/10207 2862/2889/10208 2863/2890/10209 2894/2921/10210
f 2894/2921/10211 2863/2890/10212 2864/2891/10213 2895/2922/10214
f 2895/2922/10215 2864/2891/10216 2865/2892/10217 2896/2923/10218
f 2896/2923/10219 2865/2892/10220 2866/2893/10221 2897/2924/10222
f 2897/2924/10223 2866/2893/10224 2867/2894/10225 2898/2925/10226
f 2898/2925/10227 2867/2894/10228 2868/2895/10229 2899/2926/10230
f 2899/2926/10231 2868/2895/10232 2869/2896/10233 2900/2927/10234
f 2900/2927/10235 2869/2896/10236 2870/2897/10237 2901/2928/10238
f 2901/2928/10239 2870/2897/10240 2871/2898/10241 2902/2929/10242
f 2902/2929/10243 2871/2898/10244 2872/2899/10245 2903/2930/10246
f 2903/2930/10247 2872/2899/10248 2873/2900/10249 2904/2931/10250
f 2904/2931/10251 2873/2900/10252 2874/2901/10253 2905/2932/10254
g entrance_connect
usemtl /obj/server/texel_density19/uvquickshade1/shop_definition/texture_material
f 2927/2940/10277 2928/2941/10278 2916/2942/10279 2917/2943/10280
f 2928/2941/10281 2929/2944/10282 2915/2945/10283 2916/2942/10284
f 2929/2944/10285 2930/2946/10286 2913/2947/10287 2915/2945/10288
f 2930/2946/10289 2931/2948/10290 2914/2949/10291 2913/2947/10292
f 2931/2948/10293 2932/2950/10294 2921/2951/10295 2914/2949/10296
f 2932/2950/10297 2933/2952/10298 2923/2953/10299 2921/2951/10300
f 2933/2952/10301 2934/2954/10302 2918/2955/10303 2923/2953/10304
f 2934/2954/10305 2935/2956/10306 2924/2957/10307 2918/2955/10308
f 2935/2956/10309 2936/2958/10310 2925/2959/10311 2924/2957/10312
f 2936/2958/10313 2937/2960/10314 2926/2961/10315 2925/2959/10316
f 2937/2960/10317 2938/2962/10318 2919/2963/10319 2926/2961/10320
f 2938/2962/10321 2939/2964/10322 2922/2965/10323 2919/2963/10324
f 2939/2964/10325 2940/2966/10326 2920/2967/10327 2922/2965/10328
f 2940/2966/10329 2927/2968/10330 2917/2969/10331 2920/2967/10332
g main_connect
usemtl /obj/server/texel_density20/uvquickshade1/shop_definition/texture_material
f 2963/2970/10333 2941/2971/10334 2942/2972/10335 2964/2973/10336
f 2964/2973/10337 2942/2972/10338 2943/2974/10339 2965/2975/10340
f 2965/2975/10341 2943/2974/10342 2944/2976/10343 2966/2977/10344
f 2966/2977/10345 2944/2976/10346 2945/2978/10347 2967/2979/10348
f 2967/2979/10349 2945/2978/10350 2946/2980/10351 2968/2981/10352
f 2968/2981/10353 2946/2980/10354 2947/2982/10355 2969/2983/10356
f 2969/2983/10357 2947/2982/10358 2948/2984/10359 2970/2985/10360
f 2970/2985/10361 2948/2984/10362 2949/2986/10363 2971/2987/10364
f 2971/2987/10365 2949/2986/10366 2950/2988/10367 2972/2989/10368
f 2972/2989/10369 2950/2988/10370 2951/2990/10371 2973/2991/10372
f 2973/2991/10373 2951/2990/10374 2952/2992/10375 2974/2993/10376
f 2974/2993/10377 2952/2992/10378 2953/2994/10379 2975/2995/10380
f 2975/2995/10381 2953/2994/10382 2954/2996/10383 2976/2997/10384
f 2976/2997/10385 2954/2996/10386 2955/2998/10387 2977/2999/10388
f 2977/2999/10389 2955/2998/10390 2956/3000/10391 2978/3001/10392
f 2978/3001/10393 2956/3000/10394 2957/3002/10395 2979/3003/10396
f 2979/3003/10397 2957/3002/10398 2958/3004/10399 2980/3005/10400
f 2980/3005/10401 2958/3004/10402 2959/3006/10403 2981/3007/10404
f 2981/3007/10405 2959/3006/10406 2960/3008/10407 2982/3009/10408
f 2982/3009/10409 2960/3008/10410 2961/3010/10411 2983/3011/10412
f 2983/3011/10413 2961/3010/10414 2962/3012/10415 2984/3013/10416
f 2962/3012/10417 2985/3014/10418 2986/3015/10419 2984/3013/10420
f 2963/3016/10421 2987/3017/10422 2988/3018/10423 2941/3019/10424
f 2985/3014/10425 2989/3020/10426 2990/3021/10427 2986/3015/10428
f 2987/3017/10429 2991/3022/10430 2992/3023/10431 2988/3018/10432
f 2989/3020/10433 2993/3024/10434 2994/3025/10435 2990/3021/10436
f 2991/3022/10437 2995/3026/10438 2996/3027/10439 2992/3023/10440
f 2993/3024/10441 2997/3028/10442 2998/3029/10443 2994/3025/10444
f 2995/3026/10445 2999/3030/10446 3000/3031/10447 2996/3027/10448
f 2997/3028/10449 3001/3032/10450 3002/3033/10451 2998/3029/10452
f 2999/3030/10453 3003/3034/10454 3004/3035/10455 3000/3031/10456
f 3001/3032/10457 3005/3036/10458 3006/3037/10459 3002/3033/10460
f 3005/3036/10461 3007/3038/10462 3008/3039/10463 3006/3037/10464
f 3007/3038/10465 3009/3040/10466 3010/3041/10467 3008/3039/10468
f 3009/3040/10469 3011/3042/10470 3012/3043/10471 3010/3041/10472
f 3011/3042/10473 3013/3044/10474 3014/3045/10475 3012/3043/10476
f 3013/3044/10477 3015/3046/10478 3016/3047/10479 3014/3045/10480
f 3015/3046/10481 3017/3048/10482 3018/3049/10483 3016/3047/10484
f 3017/3048/10485 3019/3050/10486 3020/3051/10487 3018/3049/10488
f 3019/3050/10489 3021/3052/10490 3022/3053/10491 3020/3051/10492
f 3021/3052/10493 3023/3054/10494 3024/3055/10495 3022/3053/10496
f 3023/3054/10497 3025/3056/10498 3026/3057/10499 3024/3055/10500
f 3025/3056/10501 3027/3058/10502 3028/3059/10503 3026/3057/10504
f 3027/3058/10505 3029/3060/10506 3030/3061/10507 3028/3059/10508
f 3029/3060/10509 3031/3062/10510 3032/3063/10511 3030/3061/10512
f 3031/3062/10513 3033/3064/10514 3034/3065/10515 3032/3063/10516
f 3033/3064/10517 3035/3066/10518 3036/3067/10519 3034/3065/10520
f 3035/3066/10521 3037/3068/10522 3038/3069/10523 3036/3067/10524
f 3037/3068/10525 3039/3070/10526 3040/3071/10527 3038/3069/10528
f 3039/3070/10529 3041/3072/10530 3042/3073/10531 3040/3071/10532
f 3041/3072/10533 3043/3074/10534 3044/3075/10535 3042/3073/10536
f 3043/3074/10537 3004/3035/10538 3003/3034/10539 3044/3075/10540
g mainA_ceiling
usemtl /obj/server/texel_density21/uvquickshade1/shop_definition/texture_material
f 3045/3076/10541 3046/3077/10542 3047/3078/10543 3048/3079/10544
f 3046/3077/10545 3049/3080/10546 3050/3081/10547 3047/3078/10548
f 3049/3080/10549 3051/3082/10550 3052/3083/10551 3050/3081/10552
f 3051/3082/10553 3053/3084/10554 3054/3085/10555 3052/3083/10556
f 3053/3084/10557 3055/3086/10558 3056/3087/10559 3054/3085/10560
f 3055/3086/10561 3057/3088/10562 3058/3089/10563 3056/3087/10564
f 3057/3088/10565 3059/3090/10566 3060/3091/10567 3058/3089/10568
f 3059/3090/10569 3061/3092/10570 3062/3093/10571 3060/3091/10572
f 3061/3092/10573 3063/3094/10574 3064/3095/10575 3062/3093/10576
f 3063/3094/10577 3065/3096/10578 3066/3097/10579 3064/3095/10580
f 3065/3096/10581 3067/3098/10582 3068/3099/10583 3066/3097/10584
f 3067/3098/10585 3069/3100/10586 3070/3101/10587 3068/3099/10588
f 3069/3100/10589 3071/3102/10590 3072/3103/10591 3070/3101/10592
f 3071/3102/10593 3073/3104/10594 3074/3105/10595 3072/3103/10596
f 3073/3104/10597 3075/3106/10598 3076/3107/10599 3074/3105/10600
f 3075/3106/10601 3077/3108/10602 3078/3109/10603 3076/3107/10604
f 3077/3108/10605 3079/3110/10606 3080/3111/10607 3078/3109/10608
f 3079/3110/10609 3081/3112/10610 3082/3113/10611 3080/3111/10612
f 3081/3112/10613 3083/3114/10614 3084/3115/10615 3082/3113/10616
f 3083/3114/10617 3085/3116/10618 3086/3117/10619 3084/3115/10620
f 3085/3116/10621 3087/3118/10622 3088/3119/10623 3086/3117/10624
f 3087/3118/10625 3089/3120/10626 3090/3121/10627 3088/3119/10628
f 3089/3120/10629 3091/3122/10630 3092/3123/10631 3090/3121/10632
f 3091/3122/10633 3093/3124/10634 3094/3125/10635 3092/3123/10636
f 3093/3124/10637 3095/3126/10638 3096/3127/10639 3094/3125/10640
f 3095/3126/10641 3097/3128/10642 3098/3129/10643 3096/3127/10644
f 3097/3128/10645 3099/3130/10646 3100/3131/10647 3098/3129/10648
f 3099/3130/10649 3101/3132/10650 3102/3133/10651 3100/3131/10652
f 3101/3132/10653 3103/3134/10654 3104/3135/10655 3102/3133/10656
f 3103/3134/10657 3105/3136/10658 3106/3137/10659 3104/3135/10660
f 3107/3138/10661 3108/3139/10662 3046/3077/10663 3045/3076/10664
f 3108/3139/10665 3109/3140/10666 3049/3080/10667 3046/3077/10668
f 3109/3140/10669 3110/3141/10670 3051/3082/10671 3049/3080/10672
f 3110/3141/10673 3111/3142/10674 3053/3084/10675 3051/3082/10676
f 3111/3142/10677 3112/3143/10678 3055/3086/10679 3053/3084/10680
f 3112/3143/10681 3113/3144/10682 3057/3088/10683 3055/3086/10684
f 3113/3144/10685 3114/3145/10686 3059/3090/10687 3057/3088/10688
f 3114/3145/10689 3115/3146/10690 3061/3092/10691 3059/3090/10692
f 3115/3146/10693 3116/3147/10694 3063/3094/10695 3061/3092/10696
f 3116/3147/10697 3117/3148/10698 3065/3096/10699 3063/3094/10700
f 3117/3148/10701 3118/3149/10702 3067/3098/10703 3065/3096/10704
f 3118/3149/10705 3119/3150/10706 3069/3100/10707 3067/3098/10708
f 3119/3150/10709 3120/3151/10710 3071/3102/10711 3069/3100/10712
f 3120/3151/10713 3121/3152/10714 3073/3104/10715 3071/3102/10716
f 3121/3152/10717 3122/3153/10718 3075/3106/10719 3073/3104/10720
f 3122/3153/10721 3123/3154/10722 3077/3108/10723 3075/3106/10724
f 3123/3154/10725 3124/3155/10726 3079/3110/10727 3077/3108/10728
f 3124/3155/10729 3125/3156/10730 3081/3112/10731 3079/3110/10732
f 3125/3156/10733 3126/3157/10734 3083/3114/10735 3081/3112/10736
f 3126/3157/10737 3127/3158/10738 3085/3116/10739 3083/3114/10740
f 3127/3158/10741 3128/3159/10742 3087/3118/10743 3085/3116/10744
f 3128/3159/10745 3129/3160/10746 3089/3120/10747 3087/3118/10748
f 3129/3160/10749 3130/3161/10750 3091/3122/10751 3089/3120/10752
f 3130/3161/10753 3131/3162/10754 3093/3124/10755 3091/3122/10756
f 3131/3162/10757 3132/3163/10758 3095/3126/10759 3093/3124/10760
f 3132/3163/10761 3133/3164/10762 3097/3128/10763 3095/3126/10764
f 3133/3164/10765 3134/3165/10766 3099/3130/10767 3097/3128/10768
f 3134/3165/10769 3135/3166/10770 3101/3132/10771 3099/3130/10772
f 3135/3166/10773 3136/3167/10774 3103/3134/10775 3101/3132/10776
f 3136/3167/10777 3137/3168/10778 3105/3136/10779 3103/3134/10780
f 3138/3169/10781 3139/3170/10782 3108/3139/10783 3107/3138/10784
f 3139/3170/10785 3140/3171/10786 3109/3140/10787 3108/3139/10788
f 3140/3171/10789 3141/3172/10790 3110/3141/10791 3109/3140/10792
f 3141/3172/10793 3142/3173/10794 3111/3142/10795 3110/3141/10796
f 3142/3173/10797 3143/3174/10798 3112/3143/10799 3111/3142/10800
f 3143/3174/10801 3144/3175/10802 3113/3144/10803 3112/3143/10804
f 3144/3175/10805 3145/3176/10806 3114/3145/10807 3113/3144/10808
f 3145/3176/10809 3146/3177/10810 3115/3146/10811 3114/3145/10812
f 3146/3177/10813 3147/3178/10814 3116/3147/10815 3115/3146/10816
f 3147/3178/10817 3148/3179/10818 3117/3148/10819 3116/3147/10820
f 3148/3179/10821 3149/3180/10822 3118/3149/10823 3117/3148/10824
f 3149/3180/10825 3150/3181/10826 3119/3150/10827 3118/3149/10828
f 3150/3181/10829 3151/3182/10830 3120/3151/10831 3119/3150/10832
f 3151/3182/10833 3152/3183/10834 3121/3152/10835 3120/3151/10836
f 3152/3183/10837 3153/3184/10838 3122/3153/10839 3121/3152/10840
f 3153/3184/10841 3154/3185/10842 3123/3154/10843 3122/3153/10844
f 3154/3185/10845 3155/3186/10846 3124/3155/10847 3123/3154/10848
f 3155/3186/10849 3156/3187/10850 3125/3156/10851 3124/3155/10852
f 3156/3187/10853 3157/3188/10854 3126/3157/10855 3125/3156/10856
f 3157/3188/10857 3158/3189/10858 3127/3158/10859 3126/3157/10860
f 3158/3189/10861 3159/3190/10862 3128/3159/10863 3127/3158/10864
f 3159/3190/10865 3160/3191/10866 3129/3160/10867 3128/3159/10868
f 3160/3191/10869 3161/3192/10870 3130/3161/10871 3129/3160/10872
f 3161/3192/10873 3162/3193/10874 3131/3162/10875 3130/3161/10876
f 3162/3193/10877 3163/3194/10878 3132/3163/10879 3131/3162/10880
f 3163/3194/10881 3164/3195/10882 3133/3164/10883 3132/3163/10884
f 3164/3195/10885 3165/3196/10886 3134/3165/10887 3133/3164/10888
f 3165/3196/10889 3166/3197/10890 3135/3166/10891 3134/3165/10892
f 3166/3197/10893 3167/3198/10894 3136/3167/10895 3135/3166/10896
f 3167/3198/10897 3168/3199/10898 3137/3168/10899 3136/3167/10900
f 3169/3200/10901 3170/3201/10902 3139/3170/10903 3138/3169/10904
f 3170/3201/10905 3171/3202/10906 3140/3171/10907 3139/3170/10908
f 3171/3202/10909 3172/3203/10910 3141/3172/10911 3140/3171/10912
f 3172/3203/10913 3173/3204/10914 3142/3173/10915 3141/3172/10916
f 3173/3204/10917 3174/3205/10918 3143/3174/10919 3142/3173/10920
f 3174/3205/10921 3175/3206/10922 3144/3175/10923 3143/3174/10924
f 3175/3206/10925 3176/3207/10926 3145/3176/10927 3144/3175/10928
f 3176/3207/10929 3177/3208/10930 3146/3177/10931 3145/3176/10932
f 3177/3208/10933 3178/3209/10934 3147/3178/10935 3146/3177/10936
f 3178/3209/10937 3179/3210/10938 3148/3179/10939 3147/3178/10940
f 3179/3210/10941 3180/3211/10942 3149/3180/10943 3148/3179/10944
f 3180/3211/10945 3181/3212/10946 3150/3181/10947 3149/3180/10948
f 3181/3212/10949 3182/3213/10950 3151/3182/10951 3150/3181/10952
f 3182/3213/10953 3183/3214/10954 3152/3183/10955 3151/3182/10956
f 3183/3214/10957 3184/3215/10958 3153/3184/10959 3152/3183/10960
f 3184/3215/10961 3185/3216/10962 3154/3185/10963 3153/3184/10964
f 3185/3216/10965 3186/3217/10966 3155/3186/10967 3154/3185/10968
f 3186/3217/10969 3187/3218/10970 3156/3187/10971 3155/3186/10972
f 3187/3218/10973 3188/3219/10974 3157/3188/10975 3156/3187/10976
f 3188/3219/10977 3189/3220/10978 3158/3189/10979 3157/3188/10980
f 3189/3220/10981 3190/3221/10982 3159/3190/10983 3158/3189/10984
f 3190/3221/10985 3191/3222/10986 3160/3191/10987 3159/3190/10988
f 3191/3222/10989 3192/3223/10990 3161/3192/10991 3160/3191/10992
f 3192/3223/10993 3193/3224/10994 3162/3193/10995 3161/3192/10996
f 3193/3224/10997 3194/3225/10998 3163/3194/10999 3162/3193/11000
f 3194/3225/11001 3195/3226/11002 3164/3195/11003 3163/3194/11004
f 3195/3226/11005 3196/3227/11006 3165/3196/11007 3164/3195/11008
f 3196/3227/11009 3197/3228/11010 3166/3197/11011 3165/3196/11012
f 3197/3228/11013 3198/3229/11014 3167/3198/11015 3166/3197/11016
f 3198/3229/11017 3199/3230/11018 3168/3199/11019 3167/3198/11020
f 3200/3231/11021 3201/3232/11022 3170/3201/11023 3169/3200/11024
f 3201/3232/11025 3202/3233/11026 3171/3202/11027 3170/3201/11028
f 3202/3233/11029 3203/3234/11030 3172/3203/11031 3171/3202/11032
f 3203/3234/11033 3204/3235/11034 3173/3204/11035 3172/3203/11036
f 3204/3235/11037 3205/3236/11038 3174/3205/11039 3173/3204/11040
f 3205/3236/11041 3206/3237/11042 3175/3206/11043 3174/3205/11044
f 3206/3237/11045 3207/3238/11046 3176/3207/11047 3175/3206/11048
f 3207/3238/11049 3208/3239/11050 3177/3208/11051 3176/3207/11052
f 3208/3239/11053 3209/3240/11054 3178/3209/11055 3177/3208/11056
f 3209/3240/11057 3210/3241/11058 3179/3210/11059 3178/3209/11060
f 3210/3241/11061 3211/3242/11062 3180/3211/11063 3179/3210/11064
f 3211/3242/11065 3212/3243/11066 3181/3212/11067 3180/3211/11068
f 3212/3243/11069 3213/3244/11070 3182/3213/11071 3181/3212/11072
f 3213/3244/11073 3214/3245/11074 3183/3214/11075 3182/3213/11076
f 3214/3245/11077 3215/3246/11078 3184/3215/11079 3183/3214/11080
f 3215/3246/11081 3216/3247/11082 3185/3216/11083 3184/3215/11084
f 3216/3247/11085 3217/3248/11086 3186/3217/11087 3185/3216/11088
f 3217/3248/11089 3218/3249/11090 3187/3218/11091 3186/3217/11092
f 3218/3249/11093 3219/3250/11094 3188/3219/11095 3187/3218/11096
f 3219/3250/11097 3220/3251/11098 3189/3220/11099 3188/3219/11100
f 3220/3251/11101 3221/3252/11102 3190/3221/11103 3189/3220/11104
f 3221/3252/11105 3222/3253/11106 3191/3222/11107 3190/3221/11108
f 3222/3253/11109 3223/3254/11110 3192/3223/11111 3191/3222/11112
f 3223/3254/11113 3224/3255/11114 3193/3224/11115 3192/3223/11116
f 3224/3255/11117 3225/3256/11118 3194/3225/11119 3193/3224/11120
f 3225/3256/11121 3226/3257/11122 3195/3226/11123 3194/3225/11124
f 3226/3257/11125 3227/3258/11126 3196/3227/11127 3195/3226/11128
f 3227/3258/11129 3228/3259/11130 3197/3228/11131 3196/3227/11132
f 3228/3259/11133 3229/3260/11134 3198/3229/11135 3197/3228/11136
f 3229/3260/11137 3230/3261/11138 3199/3230/11139 3198/3229/11140
f 3231/3262/11141 3232/3263/11142 3201/3232/11143 3200/3231/11144
f 3232/3263/11145 3233/3264/11146 3202/3233/11147 3201/3232/11148
f 3233/3264/11149 3234/3265/11150 3203/3234/11151 3202/3233/11152
f 3234/3265/11153 3235/3266/11154 3204/3235/11155 3203/3234/11156
f 3235/3266/11157 3236/3267/11158 3205/3236/11159 3204/3235/11160
f 3236/3267/11161 3237/3268/11162 3206/3237/11163 3205/3236/11164
f 3237/3268/11165 3238/3269/11166 3207/3238/11167 3206/3237/11168
f 3238/3269/11169 3239/3270/11170 3208/3239/11171 3207/3238/11172
f 3239/3270/11173 3240/3271/11174 3209/3240/11175 3208/3239/11176
f 3240/3271/11177 3241/3272/11178 3210/3241/11179 3209/3240/11180
f 3241/3272/11181 3242/3273/11182 3211/3242/11183 3210/3241/11184
f 3242/3273/11185 3243/3274/11186 3212/3243/11187 3211/3242/11188
f 3243/3274/11189 3244/3275/11190 3213/3244/11191 3212/3243/11192
f 3244/3275/11193 3245/3276/11194 3214/3245/11195 3213/3244/11196
f 3245/3276/11197 3246/3277/11198 3215/3246/11199 3214/3245/11200
f 3246/3277/11201 3247/3278/11202 3216/3247/11203 3215/3246/11204
f 3247/3278/11205 3248/3279/11206 3217/3248/11207 3216/3247/11208
f 3248/3279/11209 3249/3280/11210 3218/3249/11211 3217/3248/11212
f 3249/3280/11213 3250/3281/11214 3219/3250/11215 3218/3249/11216
f 3250/3281/11217 3251/3282/11218 3220/3251/11219 3219/3250/11220
f 3251/3282/11221 3252/3283/11222 3221/3252/11223 3220/3251/11224
f 3252/3283/11225 3253/3284/11226 3222/3253/11227 3221/3252/11228
f 3253/3284/11229 3254/3285/11230 3223/3254/11231 3222/3253/11232
f 3254/3285/11233 3255/3286/11234 3224/3255/11235 3223/3254/11236
f 3255/3286/11237 3256/3287/11238 3225/3256/11239 3224/3255/11240
f 3256/3287/11241 3257/3288/11242 3226/3257/11243 3225/3256/11244
f 3257/3288/11245 3258/3289/11246 3227/3258/11247 3226/3257/11248
f 3258/3289/11249 3259/3290/11250 3228/3259/11251 3227/3258/11252
f 3259/3290/11253 3260/3291/11254 3229/3260/11255 3228/3259/11256
f 3260/3291/11257 3261/3292/11258 3230/3261/11259 3229/3260/11260
f 3262/3293/11261 3263/3294/11262 3232/3263/11263 3231/3262/11264
f 3263/3294/11265 3264/3295/11266 3233/3264/11267 3232/3263/11268
f 3264/3295/11269 3265/3296/11270 3234/3265/11271 3233/3264/11272
f 3265/3296/11273 3266/3297/11274 3235/3266/11275 3234/3265/11276
f 3266/3297/11277 3267/3298/11278 3236/3267/11279 3235/3266/11280
f 3267/3298/11281 3268/3299/11282 3237/3268/11283 3236/3267/11284
f 3268/3299/11285 3269/3300/11286 3238/3269/11287 3237/3268/11288
f 3269/3300/11289 3270/3301/11290 3239/3270/11291 3238/3269/11292
f 3270/3301/11293 3271/3302/11294 3240/3271/11295 3239/3270/11296
f 3271/3302/11297 3272/3303/11298 3241/3272/11299 3240/3271/11300
f 3272/3303/11301 3273/3304/11302 3242/3273/11303 3241/3272/11304
f 3273/3304/11305 3274/3305/11306 3243/3274/11307 3242/3273/11308
f 3274/3305/11309 3275/3306/11310 3244/3275/11311 3243/3274/11312
f 3275/3306/11313 3276/3307/11314 3245/3276/11315 3244/3275/11316
f 3276/3307/11317 3277/3308/11318 3246/3277/11319 3245/3276/11320
f 3277/3308/11321 3278/3309/11322 3247/3278/11323 3246/3277/11324
f 3278/3309/11325 3279/3310/11326 3248/3279/11327 3247/3278/11328
f 3279/3310/11329 3280/3311/11330 3249/3280/11331 3248/3279/11332
f 3280/3311/11333 3281/3312/11334 3250/3281/11335 3249/3280/11336
f 3281/3312/11337 3282/3313/11338 3251/3282/11339 3250/3281/11340
f 3282/3313/11341 3283/3314/11342 3252/3283/11343 3251/3282/11344
f 3283/3314/11345 3284/3315/11346 3253/3284/11347 3252/3283/11348
f 3284/3315/11349 3285/3316/11350 3254/3285/11351 3253/3284/11352
f 3285/3316/11353 3286/3317/11354 3255/3286/11355 3254/3285/11356
f 3286/3317/11357 3287/3318/11358 3256/3287/11359 3255/3286/11360
f 3287/3318/11361 3288/3319/11362 3257/3288/11363 3256/3287/11364
f 3288/3319/11365 3289/3320/11366 3258/3289/11367 3257/3288/11368
f 3289/3320/11369 3290/3321/11370 3259/3290/11371 3258/3289/11372
f 3290/3321/11373 3291/3322/11374 3260/3291/11375 3259/3290/11376
f 3291/3322/11377 3292/3323/11378 3261/3292/11379 3260/3291/11380
f 3293/3324/11381 3294/3325/11382 3263/3294/11383 3262/3293/11384
f 3294/3325/11385 3295/3326/11386 3264/3295/11387 3263/3294/11388
f 3295/3326/11389 3296/3327/11390 3265/3296/11391 3264/3295/11392
f 3296/3327/11393 3297/3328/11394 3266/3297/11395 3265/3296/11396
f 3297/3328/11397 3298/3329/11398 3267/3298/11399 3266/3297/11400
f 3298/3329/11401 3299/3330/11402 3268/3299/11403 3267/3298/11404
f 3299/3330/11405 3300/3331/11406 3269/3300/11407 3268/3299/11408
f 3300/3331/11409 3301/3332/11410 3270/3301/11411 3269/3300/11412
f 3301/3332/11413 3302/3333/11414 3271/3302/11415 3270/3301/11416
f 3302/3333/11417 3303/3334/11418 3272/3303/11419 3271/3302/11420
f 3303/3334/11421 3304/3335/11422 3273/3304/11423 3272/3303/11424
f 3304/3335/11425 3305/3336/11426 3274/3305/11427 3273/3304/11428
f 3305/3336/11429 3306/3337/11430 3275/3306/11431 3274/3305/11432
f 3306/3337/11433 3307/3338/11434 3276/3307/11435 3275/3306/11436
f 3307/3338/11437 3308/3339/11438 3277/3308/11439 3276/3307/11440
f 3308/3339/11441 3309/3340/11442 3278/3309/11443 3277/3308/11444
f 3309/3340/11445 3310/3341/11446 3279/3310/11447 3278/3309/11448
f 3310/3341/11449 3311/3342/11450 3280/3311/11451 3279/3310/11452
f 3311/3342/11453 3312/3343/11454 3281/3312/11455 3280/3311/11456
f 3312/3343/11457 3313/3344/11458 3282/3313/11459 3281/3312/11460
f 3313/3344/11461 3314/3345/11462 3283/3314/11463 3282/3313/11464
f 3314/3345/11465 3315/3346/11466 3284/3315/11467 3283/3314/11468
f 3315/3346/11469 3316/3347/11470 3285/3316/11471 3284/3315/11472
f 3316/3347/11473 3317/3348/11474 3286/3317/11475 3285/3316/11476
f 3317/3348/11477 3318/3349/11478 3287/3318/11479 3286/3317/11480
f 3318/3349/11481 3319/3350/11482 3288/3319/11483 3287/3318/11484
f 3319/3350/11485 3320/3351/11486 3289/3320/11487 3288/3319/11488
f 3320/3351/11489 3321/3352/11490 3290/3321/11491 3289/3320/11492
f 3321/3352/11493 3322/3353/11494 3291/3322/11495 3290/3321/11496
f 3322/3353/11497 3323/3354/11498 3292/3323/11499 3291/3322/11500
g mainB_ceiling_pipe
usemtl /obj/server/texel_density21/uvquickshade1/shop_definition/texture_material
f 3355/3355/11501 3356/3356/11502 3325/3357/11503 3324/3358/11504
f 3356/3356/11505 3357/3359/11506 3326/3360/11507 3325/3357/11508
f 3357/3359/11509 3358/3361/11510 3327/3362/11511 3326/3360/11512
f 3358/3361/11513 3359/3363/11514 3328/3364/11515 3327/3362/11516
f 3359/3363/11517 3360/3365/11518 3329/3366/11519 3328/3364/11520
f 3360/3365/11521 3361/3367/11522 3330/3368/11523 3329/3366/11524
f 3361/3367/11525 3362/3369/11526 3331/3370/11527 3330/3368/11528
f 3362/3369/11529 3363/3371/11530 3332/3372/11531 3331/3370/11532
f 3363/3371/11533 3364/3373/11534 3333/3374/11535 3332/3372/11536
f 3364/3373/11537 3365/3375/11538 3334/3376/11539 3333/3374/11540
f 3365/3375/11541 3366/3377/11542 3335/3378/11543 3334/3376/11544
f 3366/3377/11545 3367/3379/11546 3336/3380/11547 3335/3378/11548
f 3367/3379/11549 3368/3381/11550 3337/3382/11551 3336/3380/11552
f 3368/3381/11553 3369/3383/11554 3338/3384/11555 3337/3382/11556
f 3369/3383/11557 3370/3385/11558 3339/3386/11559 3338/3384/11560
f 3370/3385/11561 3371/3387/11562 3340/3388/11563 3339/3386/11564
f 3371/3387/11565 3372/3389/11566 3341/3390/11567 3340/3388/11568
f 3372/3389/11569 3373/3391/11570 3342/3392/11571 3341/3390/11572
f 3373/3391/11573 3374/3393/11574 3343/3394/11575 3342/3392/11576
f 3374/3393/11577 3375/3395/11578 3344/3396/11579 3343/3394/11580
f 3375/3395/11581 3376/3397/11582 3345/3398/11583 3344/3396/11584
f 3376/3397/11585 3377/3399/11586 3346/3400/11587 3345/3398/11588
f 3377/3399/11589 3378/3401/11590 3347/3402/11591 3346/3400/11592
f 3378/3401/11593 3379/3403/11594 3348/3404/11595 3347/3402/11596
f 3379/3403/11597 3380/3405/11598 3349/3406/11599 3348/3404/11600
f 3380/3405/11601 3381/3407/11602 3350/3408/11603 3349/3406/11604
f 3381/3407/11605 3382/3409/11606 3351/3410/11607 3350/3408/11608
f 3382/3409/11609 3383/3411/11610 3352/3412/11611 3351/3410/11612
f 3383/3411/11613 3384/3413/11614 3353/3414/11615 3352/3412/11616
f 3384/3413/11617 3385/3415/11618 3354/3416/11619 3353/3414/11620
f 3386/3417/11621 3387/3418/11622 3356/3356/11623 3355/3355/11624
f 3387/3418/11625 3388/3419/11626 3357/3359/11627 3356/3356/11628
f 3388/3419/11629 3389/3420/11630 3358/3361/11631 3357/3359/11632
f 3389/3420/11633 3390/3421/11634 3359/3363/11635 3358/3361/11636
f 3390/3421/11637 3391/3422/11638 3360/3365/11639 3359/3363/11640
f 3391/3422/11641 3392/3423/11642 3361/3367/11643 3360/3365/11644
f 3392/3423/11645 3393/3424/11646 3362/3369/11647 3361/3367/11648
f 3393/3424/11649 3394/3425/11650 3363/3371/11651 3362/3369/11652
f 3394/3425/11653 3395/3426/11654 3364/3373/11655 3363/3371/11656
f 3395/3426/11657 3396/3427/11658 3365/3375/11659 3364/3373/11660
f 3396/3427/11661 3397/3428/11662 3366/3377/11663 3365/3375/11664
f 3397/3428/11665 3398/3429/11666 3367/3379/11667 3366/3377/11668
f 3398/3429/11669 3399/3430/11670 3368/3381/11671 3367/3379/11672
f 3399/3430/11673 3400/3431/11674 3369/3383/11675 3368/3381/11676
f 3400/3431/11677 3401/3432/11678 3370/3385/11679 3369/3383/11680
f 3401/3432/11681 3402/3433/11682 3371/3387/11683 3370/3385/11684
f 3402/3433/11685 3403/3434/11686 3372/3389/11687 3371/3387/11688
f 3403/3434/11689 3404/3435/11690 3373/3391/11691 3372/3389/11692
f 3404/3435/11693 3405/3436/11694 3374/3393/11695 3373/3391/11696
f 3405/3436/11697 3406/3437/11698 3375/3395/11699 3374/3393/11700
f 3406/3437/11701 3407/3438/11702 3376/3397/11703 3375/3395/11704
f 3407/3438/11705 3408/3439/11706 3377/3399/11707 3376/3397/11708
f 3408/3439/11709 3409/3440/11710 3378/3401/11711 3377/3399/11712
f 3409/3440/11713 3410/3441/11714 3379/3403/11715 3378/3401/11716
f 3410/3441/11717 3411/3442/11718 3380/3405/11719 3379/3403/11720
f 3411/3442/11721 3412/3443/11722 3381/3407/11723 3380/3405/11724
f 3412/3443/11725 3413/3444/11726 3382/3409/11727 3381/3407/11728
f 3413/3444/11729 3414/3445/11730 3383/3411/11731 3382/3409/11732
f 3414/3445/11733 3415/3446/11734 3384/3413/11735 3383/3411/11736
f 3415/3446/11737 3416/3447/11738 3385/3415/11739 3384/3413/11740
f 3417/3448/11741 3418/3449/11742 3387/3418/11743 3386/3417/11744
f 3418/3449/11745 3419/3450/11746 3388/3419/11747 3387/3418/11748
f 3430/3461/11793 3431/3462/11794 3400/3431/11795 3399/3430/11796
f 3431/3462/11797 3432/3463/11798 3401/3432/11799 3400/3431/11800
f 3445/3476/11853 3446/3477/11854 3415/3446/11855 3414/3445/11856
f 3446/3477/11857 3447/3478/11858 3416/3447/11859 3415/3446/11860
f 3448/3479/11861 3449/3480/11862 3418/3449/11863 3417/3448/11864
f 3449/3480/11865 3450/3481/11866 3419/3450/11867 3418/3449/11868
f 3461/3492/11913 3462/3493/11914 3431/3462/11915 3430/3461/11916
f 3462/3493/11917 3463/3494/11918 3432/3463/11919 3431/3462/11920
f 3476/3507/11973 3477/3508/11974 3446/3477/11975 3445/3476/11976
f 3477/3508/11977 3478/3509/11978 3447/3478/11979 3446/3477/11980
f 3479/3510/11981 3480/3511/11982 3449/3480/11983 3448/3479/11984
f 3480/3511/11985 3481/3512/11986 3450/3481/11987 3449/3480/11988
f 3492/3523/12033 3493/3524/12034 3462/3493/12035 3461/3492/12036
f 3493/3524/12037 3494/3525/12038 3463/3494/12039 3462/3493/12040
f 3507/3538/12093 3508/3539/12094 3477/3508/12095 3476/3507/12096
f 3508/3539/12097 3509/3540/12098 3478/3509/12099 3477/3508/12100
f 3510/3541/12101 3511/3542/12102 3480/3511/12103 3479/3510/12104
f 3511/3542/12105 3512/3543/12106 3481/3512/12107 3480/3511/12108
f 3523/3554/12153 3524/3555/12154 3493/3524/12155 3492/3523/12156
f 3524/3555/12157 3525/3556/12158 3494/3525/12159 3493/3524/12160
f 3538/3569/12213 3539/3570/12214 3508/3539/12215 3507/3538/12216
f 3539/3570/12217 3540/3571/12218 3509/3540/12219 3508/3539/12220
f 3541/3572/12221 3542/3573/12222 3511/3542/12223 3510/3541/12224
f 3542/3573/12225 3543/3574/12226 3512/3543/12227 3511/3542/12228
f 3554/3585/12273 3555/3586/12274 3524/3555/12275 3523/3554/12276
f 3555/3586/12277 3556/3587/12278 3525/3556/12279 3524/3555/12280
f 3569/3600/12333 3570/3601/12334 3539/3570/12335 3538/3569/12336
f 3570/3601/12337 3571/3602/12338 3540/3571/12339 3539/3570/12340
f 3572/3603/12341 3573/3604/12342 3542/3573/12343 3541/3572/12344
f 3573/3604/12345 3574/3605/12346 3543/3574/12347 3542/3573/12348
f 3585/3616/12393 3586/3617/12394 3555/3586/12395 3554/3585/12396
f 3586/3617/12397 3587/3618/12398 3556/3587/12399 3555/3586/12400
f 3600/3631/12453 3601/3632/12454 3570/3601/12455 3569/3600/12456
f 3601/3632/12457 3602/3633/12458 3571/3602/12459 3570/3601/12460
f 3603/3634/12461 3604/3635/12462 3573/3604/12463 3572/3603/12464
f 3604/3635/12465 3605/3636/12466 3574/3605/12467 3573/3604/12468
f 3616/3647/12513 3617/3648/12514 3586/3617/12515 3585/3616/12516
f 3617/3648/12517 3618/3649/12518 3587/3618/12519 3586/3617/12520
f 3631/3662/12573 3632/3663/12574 3601/3632/12575 3600/3631/12576
f 3632/3663/12577 3633/3664/12578 3602/3633/12579 3601/3632/12580
f 3634/3665/12581 3635/3666/12582 3604/3635/12583 3603/3634/12584
f 3635/3666/12585 3636/3667/12586 3605/3636/12587 3604/3635/12588
f 3647/3678/12633 3648/3679/12634 3617/3648/12635 3616/3647/12636
f 3648/3679/12637 3649/3680/12638 3618/3649/12639 3617/3648/12640
f 3662/3693/12693 3663/3694/12694 3632/3663/12695 3631/3662/12696
f 3663/3694/12697 3664/3695/12698 3633/3664/12699 3632/3663/12700
f 3665/3696/12701 3666/3697/12702 3635/3666/12703 3634/3665/12704
f 3666/3697/12705 3667/3698/12706 3636/3667/12707 3635/3666/12708
f 3678/3709/12753 3679/3710/12754 3648/3679/12755 3647/3678/12756
f 3679/3710/12757 3680/3711/12758 3649/3680/12759 3648/3679/12760
f 3693/3724/12813 3694/3725/12814 3663/3694/12815 3662/3693/12816
f 3694/3725/12817 3695/3726/12818 3664/3695/12819 3663/3694/12820
f 3696/3727/12821 3697/3728/12822 3666/3697/12823 3665/3696/12824
f 3697/3728/12825 3698/3729/12826 3667/3698/12827 3666/3697/12828
f 3709/3740/12873 3710/3741/12874 3679/3710/12875 3678/3709/12876
f 3710/3741/12877 3711/3742/12878 3680/3711/12879 3679/3710/12880
f 3724/3755/12933 3725/3756/12934 3694/3725/12935 3693/3724/12936
f 3725/3756/12937 3726/3757/12938 3695/3726/12939 3694/3725/12940
f 3727/3758/12941 3728/3759/12942 3697/3728/12943 3696/3727/12944
f 3728/3759/12945 3729/3760/12946 3698/3729/12947 3697/3728/12948
f 3740/3771/12993 3741/3772/12994 3710/3741/12995 3709/3740/12996
f 3741/3772/12997 3742/3773/12998 3711/3742/12999 3710/3741/13000
f 3755/3786/13053 3756/3787/13054 3725/3756/13055 3724/3755/13056
f 3756/3787/13057 3757/3788/13058 3726/3757/13059 3725/3756/13060
f 3758/3789/13061 3759/3790/13062 3728/3759/13063 3727/3758/13064
f 3759/3790/13065 3760/3791/13066 3729/3760/13067 3728/3759/13068
f 3771/3802/13113 3772/3803/13114 3741/3772/13115 3740/3771/13116
f 3772/3803/13117 3773/3804/13118 3742/3773/13119 3741/3772/13120
f 3786/3817/13173 3787/3818/13174 3756/3787/13175 3755/3786/13176
f 3787/3818/13177 3788/3819/13178 3757/3788/13179 3756/3787/13180
f 3789/3820/13181 3790/3821/13182 3759/3790/13183 3758/3789/13184
f 3790/3821/13185 3791/3822/13186 3760/3791/13187 3759/3790/13188
f 3802/3833/13233 3803/3834/13234 3772/3803/13235 3771/3802/13236
f 3803/3834/13237 3804/3835/13238 3773/3804/13239 3772/3803/13240
f 3817/3848/13293 3818/3849/13294 3787/3818/13295 3786/3817/13296
f 3818/3849/13297 3819/3850/13298 3788/3819/13299 3787/3818/13300
g 
usemtl /obj/server/texel_density21/uvquickshade1/shop_definition/texture_material
f 3419/3450/11749 3420/3451/11750 3389/3420/11751 3388/3419/11752
f 3420/3451/11753 3421/3452/11754 3390/3421/11755 3389/3420/11756
f 3421/3452/11757 3422/3453/11758 3391/3422/11759 3390/3421/11760
f 3422/3453/11761 3423/3454/11762 3392/3423/11763 3391/3422/11764
f 3423/3454/11765 3424/3455/11766 3393/3424/11767 3392/3423/11768
f 3424/3455/11769 3425/3456/11770 3394/3425/11771 3393/3424/11772
f 3425/3456/11773 3426/3457/11774 3395/3426/11775 3394/3425/11776
f 3426/3457/11777 3427/3458/11778 3396/3427/11779 3395/3426/11780
f 3427/3458/11781 3428/3459/11782 3397/3428/11783 3396/3427/11784
f 3428/3459/11785 3429/3460/11786 3398/3429/11787 3397/3428/11788
f 3429/3460/11789 3430/3461/11790 3399/3430/11791 3398/3429/11792
f 3432/3463/11801 3433/3464/11802 3402/3433/11803 3401/3432/11804
f 3433/3464/11805 3434/3465/11806 3403/3434/11807 3402/3433/11808
f 3434/3465/11809 3435/3466/11810 3404/3435/11811 3403/3434/11812
f 3435/3466/11813 3436/3467/11814 3405/3436/11815 3404/3435/11816
f 3436/3467/11817 3437/3468/11818 3406/3437/11819 3405/3436/11820
f 3437/3468/11821 3438/3469/11822 3407/3438/11823 3406/3437/11824
f 3438/3469/11825 3439/3470/11826 3408/3439/11827 3407/3438/11828
f 3439/3470/11829 3440/3471/11830 3409/3440/11831 3408/3439/11832
f 3440/3471/11833 3441/3472/11834 3410/3441/11835 3409/3440/11836
f 3441/3472/11837 3442/3473/11838 3411/3442/11839 3410/3441/11840
f 3442/3473/11841 3443/3474/11842 3412/3443/11843 3411/3442/11844
f 3443/3474/11845 3444/3475/11846 3413/3444/11847 3412/3443/11848
f 3444/3475/11849 3445/3476/11850 3414/3445/11851 3413/3444/11852
f 3450/3481/11869 3451/3482/11870 3420/3451/11871 3419/3450/11872
f 3451/3482/11873 3452/3483/11874 3421/3452/11875 3420/3451/11876
f 3452/3483/11877 3453/3484/11878 3422/3453/11879 3421/3452/11880
f 3453/3484/11881 3454/3485/11882 3423/3454/11883 3422/3453/11884
f 3454/3485/11885 3455/3486/11886 3424/3455/11887 3423/3454/11888
f 3455/3486/11889 3456/3487/11890 3425/3456/11891 3424/3455/11892
f 3456/3487/11893 3457/3488/11894 3426/3457/11895 3425/3456/11896
f 3457/3488/11897 3458/3489/11898 3427/3458/11899 3426/3457/11900
f 3458/3489/11901 3459/3490/11902 3428/3459/11903 3427/3458/11904
f 3459/3490/11905 3460/3491/11906 3429/3460/11907 3428/3459/11908
f 3460/3491/11909 3461/3492/11910 3430/3461/11911 3429/3460/11912
f 3463/3494/11921 3464/3495/11922 3433/3464/11923 3432/3463/11924
f 3464/3495/11925 3465/3496/11926 3434/3465/11927 3433/3464/11928
f 3465/3496/11929 3466/3497/11930 3435/3466/11931 3434/3465/11932
f 3466/3497/11933 3467/3498/11934 3436/3467/11935 3435/3466/11936
f 3467/3498/11937 3468/3499/11938 3437/3468/11939 3436/3467/11940
f 3468/3499/11941 3469/3500/11942 3438/3469/11943 3437/3468/11944
f 3469/3500/11945 3470/3501/11946 3439/3470/11947 3438/3469/11948
f 3470/3501/11949 3471/3502/11950 3440/3471/11951 3439/3470/11952
f 3471/3502/11953 3472/3503/11954 3441/3472/11955 3440/3471/11956
f 3472/3503/11957 3473/3504/11958 3442/3473/11959 3441/3472/11960
f 3473/3504/11961 3474/3505/11962 3443/3474/11963 3442/3473/11964
f 3474/3505/11965 3475/3506/11966 3444/3475/11967 3443/3474/11968
f 3475/3506/11969 3476/3507/11970 3445/3476/11971 3444/3475/11972
f 3481/3512/11989 3482/3513/11990 3451/3482/11991 3450/3481/11992
f 3482/3513/11993 3483/3514/11994 3452/3483/11995 3451/3482/11996
f 3483/3514/11997 3484/3515/11998 3453/3484/11999 3452/3483/12000
f 3484/3515/12001 3485/3516/12002 3454/3485/12003 3453/3484/12004
f 3485/3516/12005 3486/3517/12006 3455/3486/12007 3454/3485/12008
f 3486/3517/12009 3487/3518/12010 3456/3487/12011 3455/3486/12012
f 3487/3518/12013 3488/3519/12014 3457/3488/12015 3456/3487/12016
f 3488/3519/12017 3489/3520/12018 3458/3489/12019 3457/3488/12020
f 3489/3520/12021 3490/3521/12022 3459/3490/12023 3458/3489/12024
f 3490/3521/12025 3491/3522/12026 3460/3491/12027 3459/3490/12028
f 3491/3522/12029 3492/3523/12030 3461/3492/12031 3460/3491/12032
f 3494/3525/12041 3495/3526/12042 3464/3495/12043 3463/3494/12044
f 3495/3526/12045 3496/3527/12046 3465/3496/12047 3464/3495/12048
f 3496/3527/12049 3497/3528/12050 3466/3497/12051 3465/3496/12052
f 3497/3528/12053 3498/3529/12054 3467/3498/12055 3466/3497/12056
f 3498/3529/12057 3499/3530/12058 3468/3499/12059 3467/3498/12060
f 3499/3530/12061 3500/3531/12062 3469/3500/12063 3468/3499/12064
f 3500/3531/12065 3501/3532/12066 3470/3501/12067 3469/3500/12068
f 3501/3532/12069 3502/3533/12070 3471/3502/12071 3470/3501/12072
f 3502/3533/12073 3503/3534/12074 3472/3503/12075 3471/3502/12076
f 3503/3534/12077 3504/3535/12078 3473/3504/12079 3472/3503/12080
f 3504/3535/12081 3505/3536/12082 3474/3505/12083 3473/3504/12084
f 3505/3536/12085 3506/3537/12086 3475/3506/12087 3474/3505/12088
f 3506/3537/12089 3507/3538/12090 3476/3507/12091 3475/3506/12092
f 3512/3543/12109 3513/3544/12110 3482/3513/12111 3481/3512/12112
f 3513/3544/12113 3514/3545/12114 3483/3514/12115 3482/3513/12116
f 3514/3545/12117 3515/3546/12118 3484/3515/12119 3483/3514/12120
f 3515/3546/12121 3516/3547/12122 3485/3516/12123 3484/3515/12124
f 3516/3547/12125 3517/3548/12126 3486/3517/12127 3485/3516/12128
f 3517/3548/12129 3518/3549/12130 3487/3518/12131 3486/3517/12132
f 3518/3549/12133 3519/3550/12134 3488/3519/12135 3487/3518/12136
f 3519/3550/12137 3520/3551/12138 3489/3520/12139 3488/3519/12140
f 3520/3551/12141 3521/3552/12142 3490/3521/12143 3489/3520/12144
f 3521/3552/12145 3522/3553/12146 3491/3522/12147 3490/3521/12148
f 3522/3553/12149 3523/3554/12150 3492/3523/12151 3491/3522/12152
f 3525/3556/12161 3526/3557/12162 3495/3526/12163 3494/3525/12164
f 3526/3557/12165 3527/3558/12166 3496/3527/12167 3495/3526/12168
f 3527/3558/12169 3528/3559/12170 3497/3528/12171 3496/3527/12172
f 3528/3559/12173 3529/3560/12174 3498/3529/12175 3497/3528/12176
f 3529/3560/12177 3530/3561/12178 3499/3530/12179 3498/3529/12180
f 3530/3561/12181 3531/3562/12182 3500/3531/12183 3499/3530/12184
f 3531/3562/12185 3532/3563/12186 3501/3532/12187 3500/3531/12188
f 3532/3563/12189 3533/3564/12190 3502/3533/12191 3501/3532/12192
f 3533/3564/12193 3534/3565/12194 3503/3534/12195 3502/3533/12196
f 3534/3565/12197 3535/3566/12198 3504/3535/12199 3503/3534/12200
f 3535/3566/12201 3536/3567/12202 3505/3536/12203 3504/3535/12204
f 3536/3567/12205 3537/3568/12206 3506/3537/12207 3505/3536/12208
f 3537/3568/12209 3538/3569/12210 3507/3538/12211 3506/3537/12212
f 3543/3574/12229 3544/3575/12230 3513/3544/12231 3512/3543/12232
f 3544/3575/12233 3545/3576/12234 3514/3545/12235 3513/3544/12236
f 3545/3576/12237 3546/3577/12238 3515/3546/12239 3514/3545/12240
f 3546/3577/12241 3547/3578/12242 3516/3547/12243 3515/3546/12244
f 3547/3578/12245 3548/3579/12246 3517/3548/12247 3516/3547/12248
f 3548/3579/12249 3549/3580/12250 3518/3549/12251 3517/3548/12252
f 3549/3580/12253 3550/3581/12254 3519/3550/12255 3518/3549/12256
f 3550/3581/12257 3551/3582/12258 3520/3551/12259 3519/3550/12260
f 3551/3582/12261 3552/3583/12262 3521/3552/12263 3520/3551/12264
f 3552/3583/12265 3553/3584/12266 3522/3553/12267 3521/3552/12268
f 3553/3584/12269 3554/3585/12270 3523/3554/12271 3522/3553/12272
f 3556/3587/12281 3557/3588/12282 3526/3557/12283 3525/3556/12284
f 3557/3588/12285 3558/3589/12286 3527/3558/12287 3526/3557/12288
f 3558/3589/12289 3559/3590/12290 3528/3559/12291 3527/3558/12292
f 3559/3590/12293 3560/3591/12294 3529/3560/12295 3528/3559/12296
f 3560/3591/12297 3561/3592/12298 3530/3561/12299 3529/3560/12300
f 3561/3592/12301 3562/3593/12302 3531/3562/12303 3530/3561/12304
f 3562/3593/12305 3563/3594/12306 3532/3563/12307 3531/3562/12308
f 3563/3594/12309 3564/3595/12310 3533/3564/12311 3532/3563/12312
f 3564/3595/12313 3565/3596/12314 3534/3565/12315 3533/3564/12316
f 3565/3596/12317 3566/3597/12318 3535/3566/12319 3534/3565/12320
f 3566/3597/12321 3567/3598/12322 3536/3567/12323 3535/3566/12324
f 3567/3598/12325 3568/3599/12326 3537/3568/12327 3536/3567/12328
f 3568/3599/12329 3569/3600/12330 3538/3569/12331 3537/3568/12332
f 3574/3605/12349 3575/3606/12350 3544/3575/12351 3543/3574/12352
f 3575/3606/12353 3576/3607/12354 3545/3576/12355 3544/3575/12356
f 3576/3607/12357 3577/3608/12358 3546/3577/12359 3545/3576/12360
f 3577/3608/12361 3578/3609/12362 3547/3578/12363 3546/3577/12364
f 3578/3609/12365 3579/3610/12366 3548/3579/12367 3547/3578/12368
f 3579/3610/12369 3580/3611/12370 3549/3580/12371 3548/3579/12372
f 3580/3611/12373 3581/3612/12374 3550/3581/12375 3549/3580/12376
f 3581/3612/12377 3582/3613/12378 3551/3582/12379 3550/3581/12380
f 3582/3613/12381 3583/3614/12382 3552/3583/12383 3551/3582/12384
f 3583/3614/12385 3584/3615/12386 3553/3584/12387 3552/3583/12388
f 3584/3615/12389 3585/3616/12390 3554/3585/12391 3553/3584/12392
f 3587/3618/12401 3588/3619/12402 3557/3588/12403 3556/3587/12404
f 3588/3619/12405 3589/3620/12406 3558/3589/12407 3557/3588/12408
f 3589/3620/12409 3590/3621/12410 3559/3590/12411 3558/3589/12412
f 3590/3621/12413 3591/3622/12414 3560/3591/12415 3559/3590/12416
f 3591/3622/12417 3592/3623/12418 3561/3592/12419 3560/3591/12420
f 3592/3623/12421 3593/3624/12422 3562/3593/12423 3561/3592/12424
f 3593/3624/12425 3594/3625/12426 3563/3594/12427 3562/3593/12428
f 3594/3625/12429 3595/3626/12430 3564/3595/12431 3563/3594/12432
f 3595/3626/12433 3596/3627/12434 3565/3596/12435 3564/3595/12436
f 3596/3627/12437 3597/3628/12438 3566/3597/12439 3565/3596/12440
f 3597/3628/12441 3598/3629/12442 3567/3598/12443 3566/3597/12444
f 3598/3629/12445 3599/3630/12446 3568/3599/12447 3567/3598/12448
f 3599/3630/12449 3600/3631/12450 3569/3600/12451 3568/3599/12452
f 3605/3636/12469 3606/3637/12470 3575/3606/12471 3574/3605/12472
f 3606/3637/12473 3607/3638/12474 3576/3607/12475 3575/3606/12476
f 3607/3638/12477 3608/3639/12478 3577/3608/12479 3576/3607/12480
f 3608/3639/12481 3609/3640/12482 3578/3609/12483 3577/3608/12484
f 3609/3640/12485 3610/3641/12486 3579/3610/12487 3578/3609/12488
f 3610/3641/12489 3611/3642/12490 3580/3611/12491 3579/3610/12492
f 3611/3642/12493 3612/3643/12494 3581/3612/12495 3580/3611/12496
f 3612/3643/12497 3613/3644/12498 3582/3613/12499 3581/3612/12500
f 3613/3644/12501 3614/3645/12502 3583/3614/12503 3582/3613/12504
f 3614/3645/12505 3615/3646/12506 3584/3615/12507 3583/3614/12508
f 3615/3646/12509 3616/3647/12510 3585/3616/12511 3584/3615/12512
f 3618/3649/12521 3619/3650/12522 3588/3619/12523 3587/3618/12524
f 3619/3650/12525 3620/3651/12526 3589/3620/12527 3588/3619/12528
f 3620/3651/12529 3621/3652/12530 3590/3621/12531 3589/3620/12532
f 3621/3652/12533 3622/3653/12534 3591/3622/12535 3590/3621/12536
f 3622/3653/12537 3623/3654/12538 3592/3623/12539 3591/3622/12540
f 3623/3654/12541 3624/3655/12542 3593/3624/12543 3592/3623/12544
f 3624/3655/12545 3625/3656/12546 3594/3625/12547 3593/3624/12548
f 3625/3656/12549 3626/3657/12550 3595/3626/12551 3594/3625/12552
f 3626/3657/12553 3627/3658/12554 3596/3627/12555 3595/3626/12556
f 3627/3658/12557 3628/3659/12558 3597/3628/12559 3596/3627/12560
f 3628/3659/12561 3629/3660/12562 3598/3629/12563 3597/3628/12564
f 3629/3660/12565 3630/3661/12566 3599/3630/12567 3598/3629/12568
f 3630/3661/12569 3631/3662/12570 3600/3631/12571 3599/3630/12572
f 3636/3667/12589 3637/3668/12590 3606/3637/12591 3605/3636/12592
f 3637/3668/12593 3638/3669/12594 3607/3638/12595 3606/3637/12596
f 3638/3669/12597 3639/3670/12598 3608/3639/12599 3607/3638/12600
f 3639/3670/12601 3640/3671/12602 3609/3640/12603 3608/3639/12604
f 3640/3671/12605 3641/3672/12606 3610/3641/12607 3609/3640/12608
f 3641/3672/12609 3642/3673/12610 3611/3642/12611 3610/3641/12612
f 3642/3673/12613 3643/3674/12614 3612/3643/12615 3611/3642/12616
f 3643/3674/12617 3644/3675/12618 3613/3644/12619 3612/3643/12620
f 3644/3675/12621 3645/3676/12622 3614/3645/12623 3613/3644/12624
f 3645/3676/12625 3646/3677/12626 3615/3646/12627 3614/3645/12628
f 3646/3677/12629 3647/3678/12630 3616/3647/12631 3615/3646/12632
f 3649/3680/12641 3650/3681/12642 3619/3650/12643 3618/3649/12644
f 3650/3681/12645 3651/3682/12646 3620/3651/12647 3619/3650/12648
f 3651/3682/12649 3652/3683/12650 3621/3652/12651 3620/3651/12652
f 3652/3683/12653 3653/3684/12654 3622/3653/12655 3621/3652/12656
f 3653/3684/12657 3654/3685/12658 3623/3654/12659 3622/3653/12660
f 3654/3685/12661 3655/3686/12662 3624/3655/12663 3623/3654/12664
f 3655/3686/12665 3656/3687/12666 3625/3656/12667 3624/3655/12668
f 3656/3687/12669 3657/3688/12670 3626/3657/12671 3625/3656/12672
f 3657/3688/12673 3658/3689/12674 3627/3658/12675 3626/3657/12676
f 3658/3689/12677 3659/3690/12678 3628/3659/12679 3627/3658/12680
f 3659/3690/12681 3660/3691/12682 3629/3660/12683 3628/3659/12684
f 3660/3691/12685 3661/3692/12686 3630/3661/12687 3629/3660/12688
f 3661/3692/12689 3662/3693/12690 3631/3662/12691 3630/3661/12692
f 3667/3698/12709 3668/3699/12710 3637/3668/12711 3636/3667/12712
f 3668/3699/12713 3669/3700/12714 3638/3669/12715 3637/3668/12716
f 3669/3700/12717 3670/3701/12718 3639/3670/12719 3638/3669/12720
f 3670/3701/12721 3671/3702/12722 3640/3671/12723 3639/3670/12724
f 3671/3702/12725 3672/3703/12726 3641/3672/12727 3640/3671/12728
f 3672/3703/12729 3673/3704/12730 3642/3673/12731 3641/3672/12732
f 3673/3704/12733 3674/3705/12734 3643/3674/12735 3642/3673/12736
f 3674/3705/12737 3675/3706/12738 3644/3675/12739 3643/3674/12740
f 3675/3706/12741 3676/3707/12742 3645/3676/12743 3644/3675/12744
f 3676/3707/12745 3677/3708/12746 3646/3677/12747 3645/3676/12748
f 3677/3708/12749 3678/3709/12750 3647/3678/12751 3646/3677/12752
f 3680/3711/12761 3681/3712/12762 3650/3681/12763 3649/3680/12764
f 3681/3712/12765 3682/3713/12766 3651/3682/12767 3650/3681/12768
f 3682/3713/12769 3683/3714/12770 3652/3683/12771 3651/3682/12772
f 3683/3714/12773 3684/3715/12774 3653/3684/12775 3652/3683/12776
f 3684/3715/12777 3685/3716/12778 3654/3685/12779 3653/3684/12780
f 3685/3716/12781 3686/3717/12782 3655/3686/12783 3654/3685/12784
f 3686/3717/12785 3687/3718/12786 3656/3687/12787 3655/3686/12788
f 3687/3718/12789 3688/3719/12790 3657/3688/12791 3656/3687/12792
f 3688/3719/12793 3689/3720/12794 3658/3689/12795 3657/3688/12796
f 3689/3720/12797 3690/3721/12798 3659/3690/12799 3658/3689/12800
f 3690/3721/12801 3691/3722/12802 3660/3691/12803 3659/3690/12804
f 3691/3722/12805 3692/3723/12806 3661/3692/12807 3660/3691/12808
f 3692/3723/12809 3693/3724/12810 3662/3693/12811 3661/3692/12812
f 3698/3729/12829 3699/3730/12830 3668/3699/12831 3667/3698/12832
f 3699/3730/12833 3700/3731/12834 3669/3700/12835 3668/3699/12836
f 3700/3731/12837 3701/3732/12838 3670/3701/12839 3669/3700/12840
f 3701/3732/12841 3702/3733/12842 3671/3702/12843 3670/3701/12844
f 3702/3733/12845 3703/3734/12846 3672/3703/12847 3671/3702/12848
f 3703/3734/12849 3704/3735/12850 3673/3704/12851 3672/3703/12852
f 3704/3735/12853 3705/3736/12854 3674/3705/12855 3673/3704/12856
f 3705/3736/12857 3706/3737/12858 3675/3706/12859 3674/3705/12860
f 3706/3737/12861 3707/3738/12862 3676/3707/12863 3675/3706/12864
f 3707/3738/12865 3708/3739/12866 3677/3708/12867 3676/3707/12868
f 3708/3739/12869 3709/3740/12870 3678/3709/12871 3677/3708/12872
f 3711/3742/12881 3712/3743/12882 3681/3712/12883 3680/3711/12884
f 3712/3743/12885 3713/3744/12886 3682/3713/12887 3681/3712/12888
f 3713/3744/12889 3714/3745/12890 3683/3714/12891 3682/3713/12892
f 3714/3745/12893 3715/3746/12894 3684/3715/12895 3683/3714/12896
f 3715/3746/12897 3716/3747/12898 3685/3716/12899 3684/3715/12900
f 3716/3747/12901 3717/3748/12902 3686/3717/12903 3685/3716/12904
f 3717/3748/12905 3718/3749/12906 3687/3718/12907 3686/3717/12908
f 3718/3749/12909 3719/3750/12910 3688/3719/12911 3687/3718/12912
f 3719/3750/12913 3720/3751/12914 3689/3720/12915 3688/3719/12916
f 3720/3751/12917 3721/3752/12918 3690/3721/12919 3689/3720/12920
f 3721/3752/12921 3722/3753/12922 3691/3722/12923 3690/3721/12924
f 3722/3753/12925 3723/3754/12926 3692/3723/12927 3691/3722/12928
f 3723/3754/12929 3724/3755/12930 3693/3724/12931 3692/3723/12932
f 3729/3760/12949 3730/3761/12950 3699/3730/12951 3698/3729/12952
f 3730/3761/12953 3731/3762/12954 3700/3731/12955 3699/3730/12956
f 3731/3762/12957 3732/3763/12958 3701/3732/12959 3700/3731/12960
f 3732/3763/12961 3733/3764/12962 3702/3733/12963 3701/3732/12964
f 3733/3764/12965 3734/3765/12966 3703/3734/12967 3702/3733/12968
f 3734/3765/12969 3735/3766/12970 3704/3735/12971 3703/3734/12972
f 3735/3766/12973 3736/3767/12974 3705/3736/12975 3704/3735/12976
f 3736/3767/12977 3737/3768/12978 3706/3737/12979 3705/3736/12980
f 3737/3768/12981 3738/3769/12982 3707/3738/12983 3706/3737/12984
f 3738/3769/12985 3739/3770/12986 3708/3739/12987 3707/3738/12988
f 3739/3770/12989 3740/3771/12990 3709/3740/12991 3708/3739/12992
f 3742/3773/13001 3743/3774/13002 3712/3743/13003 3711/3742/13004
f 3743/3774/13005 3744/3775/13006 3713/3744/13007 3712/3743/13008
f 3744/3775/13009 3745/3776/13010 3714/3745/13011 3713/3744/13012
f 3745/3776/13013 3746/3777/13014 3715/3746/13015 3714/3745/13016
f 3746/3777/13017 3747/3778/13018 3716/3747/13019 3715/3746/13020
f 3747/3778/13021 3748/3779/13022 3717/3748/13023 3716/3747/13024
f 3748/3779/13025 3749/3780/13026 3718/3749/13027 3717/3748/13028
f 3749/3780/13029 3750/3781/13030 3719/3750/13031 3718/3749/13032
f 3750/3781/13033 3751/3782/13034 3720/3751/13035 3719/3750/13036
f 3751/3782/13037 3752/3783/13038 3721/3752/13039 3720/3751/13040
f 3752/3783/13041 3753/3784/13042 3722/3753/13043 3721/3752/13044
f 3753/3784/13045 3754/3785/13046 3723/3754/13047 3722/3753/13048
f 3754/3785/13049 3755/3786/13050 3724/3755/13051 3723/3754/13052
f 3760/3791/13069 3761/3792/13070 3730/3761/13071 3729/3760/13072
f 3761/3792/13073 3762/3793/13074 3731/3762/13075 3730/3761/13076
f 3762/3793/13077 3763/3794/13078 3732/3763/13079 3731/3762/13080
f 3763/3794/13081 3764/3795/13082 3733/3764/13083 3732/3763/13084
f 3764/3795/13085 3765/3796/13086 3734/3765/13087 3733/3764/13088
f 3765/3796/13089 3766/3797/13090 3735/3766/13091 3734/3765/13092
f 3766/3797/13093 3767/3798/13094 3736/3767/13095 3735/3766/13096
f 3767/3798/13097 3768/3799/13098 3737/3768/13099 3736/3767/13100
f 3768/3799/13101 3769/3800/13102 3738/3769/13103 3737/3768/13104
f 3769/3800/13105 3770/3801/13106 3739/3770/13107 3738/3769/13108
f 3770/3801/13109 3771/3802/13110 3740/3771/13111 3739/3770/13112
f 3773/3804/13121 3774/3805/13122 3743/3774/13123 3742/3773/13124
f 3774/3805/13125 3775/3806/13126 3744/3775/13127 3743/3774/13128
f 3775/3806/13129 3776/3807/13130 3745/3776/13131 3744/3775/13132
f 3776/3807/13133 3777/3808/13134 3746/3777/13135 3745/3776/13136
f 3777/3808/13137 3778/3809/13138 3747/3778/13139 3746/3777/13140
f 3778/3809/13141 3779/3810/13142 3748/3779/13143 3747/3778/13144
f 3779/3810/13145 3780/3811/13146 3749/3780/13147 3748/3779/13148
f 3780/3811/13149 3781/3812/13150 3750/3781/13151 3749/3780/13152
f 3781/3812/13153 3782/3813/13154 3751/3782/13155 3750/3781/13156
f 3782/3813/13157 3783/3814/13158 3752/3783/13159 3751/3782/13160
f 3783/3814/13161 3784/3815/13162 3753/3784/13163 3752/3783/13164
f 3784/3815/13165 3785/3816/13166 3754/3785/13167 3753/3784/13168
f 3785/3816/13169 3786/3817/13170 3755/3786/13171 3754/3785/13172
f 3791/3822/13189 3792/3823/13190 3761/3792/13191 3760/3791/13192
f 3792/3823/13193 3793/3824/13194 3762/3793/13195 3761/3792/13196
f 3793/3824/13197 3794/3825/13198 3763/3794/13199 3762/3793/13200
f 3794/3825/13201 3795/3826/13202 3764/3795/13203 3763/3794/13204
f 3795/3826/13205 3796/3827/13206 3765/3796/13207 3764/3795/13208
f 3796/3827/13209 3797/3828/13210 3766/3797/13211 3765/3796/13212
f 3797/3828/13213 3798/3829/13214 3767/3798/13215 3766/3797/13216
f 3798/3829/13217 3799/3830/13218 3768/3799/13219 3767/3798/13220
f 3799/3830/13221 3800/3831/13222 3769/3800/13223 3768/3799/13224
f 3800/3831/13225 3801/3832/13226 3770/3801/13227 3769/3800/13228
f 3801/3832/13229 3802/3833/13230 3771/3802/13231 3770/3801/13232
f 3804/3835/13241 3805/3836/13242 3774/3805/13243 3773/3804/13244
f 3805/3836/13245 3806/3837/13246 3775/3806/13247 3774/3805/13248
f 3806/3837/13249 3807/3838/13250 3776/3807/13251 3775/3806/13252
f 3807/3838/13253 3808/3839/13254 3777/3808/13255 3776/3807/13256
f 3808/3839/13257 3809/3840/13258 3778/3809/13259 3777/3808/13260
f 3809/3840/13261 3810/3841/13262 3779/3810/13263 3778/3809/13264
f 3810/3841/13265 3811/3842/13266 3780/3811/13267 3779/3810/13268
f 3811/3842/13269 3812/3843/13270 3781/3812/13271 3780/3811/13272
f 3812/3843/13273 3813/3844/13274 3782/3813/13275 3781/3812/13276
f 3813/3844/13277 3814/3845/13278 3783/3814/13279 3782/3813/13280
f 3814/3845/13281 3815/3846/13282 3784/3815/13283 3783/3814/13284
f 3815/3846/13285 3816/3847/13286 3785/3816/13287 3784/3815/13288
f 3816/3847/13289 3817/3848/13290 3786/3817/13291 3785/3816/13292
f 3820/3851/13301 3821/3852/13302 3790/3821/13303 3789/3820/13304
f 3821/3852/13305 3822/3853/13306 3791/3822/13307 3790/3821/13308
f 3822/3853/13309 3823/3854/13310 3792/3823/13311 3791/3822/13312
f 3823/3854/13313 3824/3855/13314 3793/3824/13315 3792/3823/13316
f 3824/3855/13317 3825/3856/13318 3794/3825/13319 3793/3824/13320
f 3825/3856/13321 3826/3857/13322 3795/3826/13323 3794/3825/13324
f 3826/3857/13325 3827/3858/13326 3796/3827/13327 3795/3826/13328
f 3827/3858/13329 3828/3859/13330 3797/3828/13331 3796/3827/13332
f 3828/3859/13333 3829/3860/13334 3798/3829/13335 3797/3828/13336
f 3829/3860/13337 3830/3861/13338 3799/3830/13339 3798/3829/13340
f 3830/3861/13341 3831/3862/13342 3800/3831/13343 3799/3830/13344
f 3831/3862/13345 3832/3863/13346 3801/3832/13347 3800/3831/13348
f 3832/3863/13349 3833/3864/13350 3802/3833/13351 3801/3832/13352
f 3833/3864/13353 3834/3865/13354 3803/3834/13355 3802/3833/13356
f 3834/3865/13357 3835/3866/13358 3804/3835/13359 3803/3834/13360
f 3835/3866/13361 3836/3867/13362 3805/3836/13363 3804/3835/13364
f 3836/3867/13365 3837/3868/13366 3806/3837/13367 3805/3836/13368
f 3837/3868/13369 3838/3869/13370 3807/3838/13371 3806/3837/13372
f 3838/3869/13373 3839/3870/13374 3808/3839/13375 3807/3838/13376
f 3839/3870/13377 3840/3871/13378 3809/3840/13379 3808/3839/13380
f 3840/3871/13381 3841/3872/13382 3810/3841/13383 3809/3840/13384
f 3841/3872/13385 3842/3873/13386 3811/3842/13387 3810/3841/13388
f 3842/3873/13389 3843/3874/13390 3812/3843/13391 3811/3842/13392
f 3843/3874/13393 3844/3875/13394 3813/3844/13395 3812/3843/13396
f 3844/3875/13397 3845/3876/13398 3814/3845/13399 3813/3844/13400
f 3845/3876/13401 3846/3877/13402 3815/3846/13403 3814/3845/13404
f 3846/3877/13405 3847/3878/13406 3816/3847/13407 3815/3846/13408
f 3847/3878/13409 3848/3879/13410 3817/3848/13411 3816/3847/13412
f 3848/3879/13413 3849/3880/13414 3818/3849/13415 3817/3848/13416
f 3849/3880/13417 3850/3881/13418 3819/3850/13419 3818/3849/13420
f 3851/3882/13421 3852/3883/13422 3821/3852/13423 3820/3851/13424
f 3852/3883/13425 3853/3884/13426 3822/3853/13427 3821/3852/13428
f 3853/3884/13429 3854/3885/13430 3823/3854/13431 3822/3853/13432
f 3854/3885/13433 3855/3886/13434 3824/3855/13435 3823/3854/13436
f 3855/3886/13437 3856/3887/13438 3825/3856/13439 3824/3855/13440
f 3856/3887/13441 3857/3888/13442 3826/3857/13443 3825/3856/13444
f 3857/3888/13445 3858/3889/13446 3827/3858/13447 3826/3857/13448
f 3858/3889/13449 3859/3890/13450 3828/3859/13451 3827/3858/13452
f 3859/3890/13453 3860/3891/13454 3829/3860/13455 3828/3859/13456
f 3860/3891/13457 3861/3892/13458 3830/3861/13459 3829/3860/13460
f 3861/3892/13461 3862/3893/13462 3831/3862/13463 3830/3861/13464
f 3862/3893/13465 3863/3894/13466 3832/3863/13467 3831/3862/13468
f 3863/3894/13469 3864/3895/13470 3833/3864/13471 3832/3863/13472
f 3864/3895/13473 3865/3896/13474 3834/3865/13475 3833/3864/13476
f 3865/3896/13477 3866/3897/13478 3835/3866/13479 3834/3865/13480
f 3866/3897/13481 3867/3898/13482 3836/3867/13483 3835/3866/13484
f 3867/3898/13485 3868/3899/13486 3837/3868/13487 3836/3867/13488
f 3868/3899/13489 3869/3900/13490 3838/3869/13491 3837/3868/13492
f 3869/3900/13493 3870/3901/13494 3839/3870/13495 3838/3869/13496
f 3870/3901/13497 3871/3902/13498 3840/3871/13499 3839/3870/13500
f 3871/3902/13501 3872/3903/13502 3841/3872/13503 3840/3871/13504
f 3872/3903/13505 3873/3904/13506 3842/3873/13507 3841/3872/13508
f 3873/3904/13509 3874/3905/13510 3843/3874/13511 3842/3873/13512
f 3874/3905/13513 3875/3906/13514 3844/3875/13515 3843/3874/13516
f 3875/3906/13517 3876/3907/13518 3845/3876/13519 3844/3875/13520
f 3876/3907/13521 3877/3908/13522 3846/3877/13523 3845/3876/13524
f 3877/3908/13525 3878/3909/13526 3847/3878/13527 3846/3877/13528
f 3878/3909/13529 3879/3910/13530 3848/3879/13531 3847/3878/13532
f 3879/3910/13533 3880/3911/13534 3849/3880/13535 3848/3879/13536
f 3880/3911/13537 3881/3912/13538 3850/3881/13539 3849/3880/13540
f 3882/3913/13541 3883/3914/13542 3852/3883/13543 3851/3882/13544
f 3883/3914/13545 3884/3915/13546 3853/3884/13547 3852/3883/13548
f 3884/3915/13549 3885/3916/13550 3854/3885/13551 3853/3884/13552
f 3885/3916/13553 3886/3917/13554 3855/3886/13555 3854/3885/13556
f 3886/3917/13557 3887/3918/13558 3856/3887/13559 3855/3886/13560
f 3887/3918/13561 3888/3919/13562 3857/3888/13563 3856/3887/13564
f 3888/3919/13565 3889/3920/13566 3858/3889/13567 3857/3888/13568
f 3889/3920/13569 3890/3921/13570 3859/3890/13571 3858/3889/13572
f 3890/3921/13573 3891/3922/13574 3860/3891/13575 3859/3890/13576
f 3891/3922/13577 3892/3923/13578 3861/3892/13579 3860/3891/13580
f 3892/3923/13581 3893/3924/13582 3862/3893/13583 3861/3892/13584
f 3893/3924/13585 3894/3925/13586 3863/3894/13587 3862/3893/13588
f 3894/3925/13589 3895/3926/13590 3864/3895/13591 3863/3894/13592
f 3895/3926/13593 3896/3927/13594 3865/3896/13595 3864/3895/13596
f 3896/3927/13597 3897/3928/13598 3866/3897/13599 3865/3896/13600
f 3897/3928/13601 3898/3929/13602 3867/3898/13603 3866/3897/13604
f 3898/3929/13605 3899/3930/13606 3868/3899/13607 3867/3898/13608
f 3899/3930/13609 3900/3931/13610 3869/3900/13611 3868/3899/13612
f 3900/3931/13613 3901/3932/13614 3870/3901/13615 3869/3900/13616
f 3901/3932/13617 3902/3933/13618 3871/3902/13619 3870/3901/13620
f 3902/3933/13621 3903/3934/13622 3872/3903/13623 3871/3902/13624
f 3903/3934/13625 3904/3935/13626 3873/3904/13627 3872/3903/13628
f 3904/3935/13629 3905/3936/13630 3874/3905/13631 3873/3904/13632
f 3905/3936/13633 3906/3937/13634 3875/3906/13635 3874/3905/13636
f 3906/3937/13637 3907/3938/13638 3876/3907/13639 3875/3906/13640
f 3907/3938/13641 3908/3939/13642 3877/3908/13643 3876/3907/13644
f 3908/3939/13645 3909/3940/13646 3878/3909/13647 3877/3908/13648
f 3909/3940/13649 3910/3941/13650 3879/3910/13651 3878/3909/13652
f 3910/3941/13653 3911/3942/13654 3880/3911/13655 3879/3910/13656
f 3911/3942/13657 3912/3943/13658 3881/3912/13659 3880/3911/13660
f 3913/3944/13661 3914/3945/13662 3883/3914/13663 3882/3913/13664
f 3914/3945/13665 3915/3946/13666 3884/3915/13667 3883/3914/13668
f 3915/3946/13669 3916/3947/13670 3885/3916/13671 3884/3915/13672
f 3916/3947/13673 3917/3948/13674 3886/3917/13675 3885/3916/13676
f 3917/3948/13677 3918/3949/13678 3887/3918/13679 3886/3917/13680
f 3918/3949/13681 3919/3950/13682 3888/3919/13683 3887/3918/13684
f 3919/3950/13685 3920/3951/13686 3889/3920/13687 3888/3919/13688
f 3920/3951/13689 3921/3952/13690 3890/3921/13691 3889/3920/13692
f 3921/3952/13693 3922/3953/13694 3891/3922/13695 3890/3921/13696
f 3922/3953/13697 3923/3954/13698 3892/3923/13699 3891/3922/13700
f 3923/3954/13701 3924/3955/13702 3893/3924/13703 3892/3923/13704
f 3924/3955/13705 3925/3956/13706 3894/3925/13707 3893/3924/13708
f 3925/3956/13709 3926/3957/13710 3895/3926/13711 3894/3925/13712
f 3926/3957/13713 3927/3958/13714 3896/3927/13715 3895/3926/13716
f 3927/3958/13717 3928/3959/13718 3897/3928/13719 3896/3927/13720
f 3928/3959/13721 3929/3960/13722 3898/3929/13723 3897/3928/13724
f 3929/3960/13725 3930/3961/13726 3899/3930/13727 3898/3929/13728
f 3930/3961/13729 3931/3962/13730 3900/3931/13731 3899/3930/13732
f 3931/3962/13733 3932/3963/13734 3901/3932/13735 3900/3931/13736
f 3932/3963/13737 3933/3964/13738 3902/3933/13739 3901/3932/13740
f 3933/3964/13741 3934/3965/13742 3903/3934/13743 3902/3933/13744
f 3934/3965/13745 3935/3966/13746 3904/3935/13747 3903/3934/13748
f 3935/3966/13749 3936/3967/13750 3905/3936/13751 3904/3935/13752
f 3936/3967/13753 3937/3968/13754 3906/3937/13755 3905/3936/13756
f 3937/3968/13757 3938/3969/13758 3907/3938/13759 3906/3937/13760
f 3938/3969/13761 3939/3970/13762 3908/3939/13763 3907/3938/13764
f 3939/3970/13765 3940/3971/13766 3909/3940/13767 3908/3939/13768
f 3940/3971/13769 3941/3972/13770 3910/3941/13771 3909/3940/13772
f 3941/3972/13773 3942/3973/13774 3911/3942/13775 3910/3941/13776
f 3942/3973/13777 3943/3974/13778 3912/3943/13779 3911/3942/13780
f 3944/3975/13781 3945/3976/13782 3914/3945/13783 3913/3944/13784
f 3945/3976/13785 3946/3977/13786 3915/3946/13787 3914/3945/13788
f 3946/3977/13789 3947/3978/13790 3916/3947/13791 3915/3946/13792
f 3947/3978/13793 3948/3979/13794 3917/3948/13795 3916/3947/13796
f 3948/3979/13797 3949/3980/13798 3918/3949/13799 3917/3948/13800
f 3949/3980/13801 3950/3981/13802 3919/3950/13803 3918/3949/13804
f 3950/3981/13805 3951/3982/13806 3920/3951/13807 3919/3950/13808
f 3951/3982/13809 3952/3983/13810 3921/3952/13811 3920/3951/13812
f 3952/3983/13813 3953/3984/13814 3922/3953/13815 3921/3952/13816
f 3953/3984/13817 3954/3985/13818 3923/3954/13819 3922/3953/13820
f 3954/3985/13821 3955/3986/13822 3924/3955/13823 3923/3954/13824
f 3955/3986/13825 3956/3987/13826 3925/3956/13827 3924/3955/13828
f 3956/3987/13829 3957/3988/13830 3926/3957/13831 3925/3956/13832
f 3957/3988/13833 3958/3989/13834 3927/3958/13835 3926/3957/13836
f 3958/3989/13837 3959/3990/13838 3928/3959/13839 3927/3958/13840
f 3959/3990/13841 3960/3991/13842 3929/3960/13843 3928/3959/13844
f 3960/3991/13845 3961/3992/13846 3930/3961/13847 3929/3960/13848
f 3961/3992/13849 3962/3993/13850 3931/3962/13851 3930/3961/13852
f 3962/3993/13853 3963/3994/13854 3932/3963/13855 3931/3962/13856
f 3963/3994/13857 3964/3995/13858 3933/3964/13859 3932/3963/13860
f 3964/3995/13861 3965/3996/13862 3934/3965/13863 3933/3964/13864
f 3965/3996/13865 3966/3997/13866 3935/3966/13867 3934/3965/13868
f 3966/3997/13869 3967/3998/13870 3936/3967/13871 3935/3966/13872
f 3967/3998/13873 3968/3999/13874 3937/3968/13875 3936/3967/13876
f 3968/3999/13877 3969/4000/13878 3938/3969/13879 3937/3968/13880
f 3969/4000/13881 3970/4001/13882 3939/3970/13883 3938/3969/13884
f 3970/4001/13885 3971/4002/13886 3940/3971/13887 3939/3970/13888
f 3971/4002/13889 3972/4003/13890 3941/3972/13891 3940/3971/13892
f 3972/4003/13893 3973/4004/13894 3942/3973/13895 3941/3972/13896
f 3973/4004/13897 3974/4005/13898 3943/3974/13899 3942/3973/13900
