# File exported by Houdini 20.5.584 (www.sidefx.com)
# 1727 points
# 6276 vertices
# 1569 primitives
# Bounds: [0, 0, -29] to [30, 10, 0]
g 
v 0 0 -1
v 0 0 0
v 1 0 0
v 2 0 0
v 3 0 0
v 4 0 0
v 5 0 0
v 6 0 0
v 7 0 0
v 8 0 0
v 9 0 0
v 10 0 0
v 11 0 0
v 12 0 0
v 13 0 0
v 14 0 0
v 15 0 0
v 16 0 0
v 17 0 0
v 18 0 0
v 19 0 0
v 20 0 0
v 21 0 0
v 22 0 0
v 23 0 0
v 24 0 0
v 25 0 0
v 26 0 0
v 27 0 0
v 28 0 0
v 29 0 0
v 30 0 -1
v 30 0 0
v 0 0 -2
v 30 0 -2
v 30 0 -3
v 30 0 -4
v 30 0 -5
v 0 0 -6
v 30 0 -6
v 0 0 -7
v 30 0 -7
v 0 0 -8
v 1 0 -8
v 2 0 -8
v 3 0 -8
v 24 0 -8
v 25 0 -8
v 26 0 -8
v 27 0 -8
v 28 0 -8
v 29 0 -8
v 30 0 -8
v 0 0 -9
v 1 0 -9
v 2 0 -9
v 3 0 -9
v 24 0 -9
v 25 0 -9
v 26 0 -9
v 27 0 -9
v 28 0 -9
v 29 0 -9
v 30 0 -9
v 0 0 -10
v 30 0 -10
v 0 0 -11
v 30 0 -11
v 0 0 -12
v 30 0 -12
v 0 0 -13
v 30 0 -13
v 0 0 -14
v 30 0 -14
v 0 0 -15
v 30 0 -15
v 0 0 -16
v 30 0 -16
v 0 0 -17
v 30 0 -17
v 0 0 -18
v 30 0 -18
v 0 0 -19
v 30 0 -19
v 0 0 -20
v 30 0 -20
v 0 0 -21
v 30 0 -21
v 0 0 -22
v 30 0 -22
v 0 0 -23
v 30 0 -23
v 0 0 -24
v 30 0 -24
v 0 0 -25
v 30 0 -25
v 0 0 -26
v 30 0 -26
v 0 0 -27
v 30 0 -27
v 0 0 -28
v 30 0 -28
v 0 0 -29
v 1 0 -29
v 2 0 -29
v 3 0 -29
v 4 0 -29
v 5 0 -29
v 6 0 -29
v 7 0 -29
v 8 0 -29
v 9 0 -29
v 10 0 -29
v 11 0 -29
v 12 0 -29
v 13 0 -29
v 14 0 -29
v 15 0 -29
v 16 0 -29
v 17 0 -29
v 18 0 -29
v 19 0 -29
v 20 0 -29
v 21 0 -29
v 22 0 -29
v 23 0 -29
v 24 0 -29
v 25 0 -29
v 26 0 -29
v 27 0 -29
v 28 0 -29
v 29 0 -29
v 30 0 -29
v 0 10 -1
v 0 10 0
v 1 10 0
v 2 10 0
v 3 10 0
v 4 10 0
v 5 10 0
v 6 10 0
v 7 10 0
v 8 10 0
v 9 10 0
v 10 10 0
v 11 10 0
v 12 10 0
v 13 10 0
v 14 10 0
v 15 10 0
v 16 10 0
v 17 10 0
v 18 10 0
v 19 10 0
v 20 10 0
v 21 10 0
v 22 10 0
v 23 10 0
v 24 10 0
v 25 10 0
v 26 10 0
v 27 10 0
v 28 10 0
v 29 10 0
v 30 10 0
v 30 10 -1
v 30 10 -2
v 30 10 -3
v 30 10 -4
v 30 10 -5
v 30 10 -6
v 30 10 -7
v 30 10 -8
v 29 10 -8
v 28 10 -8
v 27 10 -8
v 26 10 -8
v 25 10 -8
v 24 10 -8
v 24 10 -9
v 25 10 -9
v 26 10 -9
v 27 10 -9
v 28 10 -9
v 29 10 -9
v 30 10 -9
v 30 10 -10
v 30 10 -11
v 30 10 -12
v 30 10 -13
v 30 10 -14
v 30 10 -15
v 30 10 -16
v 30 10 -17
v 30 10 -18
v 30 10 -19
v 30 10 -20
v 30 10 -21
v 30 10 -22
v 30 10 -23
v 30 10 -24
v 30 10 -25
v 30 10 -26
v 30 10 -27
v 30 10 -28
v 30 10 -29
v 29 10 -29
v 28 10 -29
v 27 10 -29
v 26 10 -29
v 25 10 -29
v 24 10 -29
v 23 10 -29
v 22 10 -29
v 21 10 -29
v 20 10 -29
v 19 10 -29
v 18 10 -29
v 17 10 -29
v 16 10 -29
v 15 10 -29
v 14 10 -29
v 13 10 -29
v 12 10 -29
v 11 10 -29
v 10 10 -29
v 9 10 -29
v 8 10 -29
v 7 10 -29
v 6 10 -29
v 5 10 -29
v 4 10 -29
v 3 10 -29
v 2 10 -29
v 1 10 -29
v 0 10 -29
v 0 10 -28
v 0 10 -27
v 0 10 -26
v 0 10 -25
v 0 10 -24
v 0 10 -23
v 0 10 -22
v 0 10 -21
v 0 10 -20
v 0 10 -19
v 0 10 -18
v 0 10 -17
v 0 10 -16
v 0 10 -15
v 0 10 -14
v 0 10 -13
v 0 10 -12
v 0 10 -11
v 0 10 -10
v 0 10 -9
v 1 10 -9
v 2 10 -9
v 3 10 -9
v 3 10 -8
v 2 10 -8
v 1 10 -8
v 0 10 -8
v 0 10 -7
v 0 10 -6
v 0 10 -5
v 0 10 -4
v 0 10 -3
v 0 10 -2
v 0 1 -1
v 0 1 0
v 1 1 0
v 1.99999905 1 0
v 3 1 0
v 4 1 0
v 5 1 0
v 6 1 0
v 7 1 0
v 8 1 0
v 9 1 0
v 10 1 0
v 11 1 0
v 12 1 0
v 13 1 0
v 14 1 0
v 15 1 0
v 16 1 0
v 17 1 0
v 18 1 0
v 19 1 0
v 20 1 0
v 21 1 0
v 22 1 0
v 23 1 0
v 24 1 0
v 25 1 0
v 26 1 0
v 27 1 0
v 28 1 0
v 29 1 0
v 30 1 0
v 30 1 -1
v 30 1 -2
v 30 1 -3
v 30 1 -3.99999905
v 30 1 -5
v 30 1 -6
v 30 1 -7
v 30 1 -8
v 29 1 -8
v 28 1 -8
v 27 1 -8
v 26 1 -8
v 25 1 -8
v 24 1 -8
v 24 1 -9
v 25 1 -9
v 26 1 -9
v 27 1 -9
v 28 1 -9
v 29 1 -9
v 30 1 -9
v 30 1 -10
v 30 1 -11
v 30 1 -12
v 30 1 -13
v 30 1 -14
v 30 1 -15
v 30 1 -16
v 30 1 -17
v 30 1 -18
v 30 1 -19
v 30 1 -20
v 30 1 -21
v 30 1 -22
v 30 1 -23
v 30 1 -24
v 30 1 -25
v 30 1 -26
v 30 1 -27
v 30 1 -28
v 30 1 -29
v 29 1 -29
v 28 1 -29
v 27 1 -29
v 26 1 -29
v 25 1 -29
v 24 1 -29
v 23 1 -29
v 22 1 -29
v 21 1 -29
v 20 1 -29
v 19 1 -29
v 18 1 -29
v 17 1 -29
v 16 1 -29
v 15 1 -29
v 14 1 -29
v 13 1 -29
v 12 1 -29
v 11 1 -29
v 10 1 -29
v 9 1 -29
v 8 1 -29
v 7 1 -29
v 6 1 -29
v 5 1 -29
v 4 1 -29
v 3 1 -29
v 1.99999905 1 -29
v 1 1 -29
v 0 1 -29
v 0 1 -28
v 0 1 -27
v 0 1 -26
v 0 1 -25
v 0 1 -24
v 0 1 -23
v 0 1 -22
v 0 1 -21
v 0 1 -20
v 0 1 -19
v 0 1 -18
v 0 1 -17
v 0 1 -16
v 0 1 -15
v 0 1 -14
v 0 1 -13
v 0 1 -12
v 0 1 -11
v 0 1 -10
v 0 1 -9
v 1 1 -9
v 1.99999905 1 -9
v 3 1 -9
v 3 1 -8
v 1.99999905 1 -8
v 1 1 -8
v 0 1 -8
v 0 1 -7
v 0 1 -6
v 0 1 -2
v 0 2 -1.00000095
v 0 2 0
v 1.00000095 2 0
v 2.00000095 2 0
v 3.00000095 2 0
v 4.00000191 2 0
v 5 2 0
v 6.00000095 2 0
v 7.00000095 2 0
v 8.00000095 2 0
v 9.00000095 2 0
v 10.000001 2 0
v 11.000001 2 0
v 12.000001 2 0
v 13.000001 2 0
v 14.000001 2 0
v 15.000001 2 0
v 16 2 0
v 17 2 0
v 18 2 0
v 19 2 0
v 20 2 0
v 21 2 0
v 22 2 0
v 23 2 0
v 24 2 0
v 25 2 0
v 26 2 0
v 27 2 0
v 28 2 0
v 29.0000019 2 0
v 30 2 0
v 30 2 -1.00000095
v 30 2 -1.99999905
v 30 2 -3
v 30 2 -4
v 30 2 -5
v 30 2 -6
v 30 2 -7
v 30 2 -8
v 29.0000019 2 -8
v 28 2 -8
v 27 2 -8
v 26 2 -8
v 25 2 -8
v 24 2 -8
v 24 2 -9
v 25 2 -9
v 26 2 -9
v 27 2 -9
v 28 2 -9
v 29.0000019 2 -9
v 30 2 -9
v 30 2 -10
v 30 2 -11
v 30 2 -12
v 30 2 -13
v 30 2 -14
v 30 2 -15
v 30 2 -16
v 30 2 -17
v 30 2 -18
v 30 2 -19
v 30 2 -20
v 30 2 -21
v 30 2 -22
v 30 2 -23
v 30 2 -24
v 30 2 -25
v 30 2 -26
v 30 2 -27
v 30 2 -28
v 30 2 -29
v 29.0000019 2 -29
v 28 2 -29
v 27 2 -29
v 26 2 -29
v 25 2 -29
v 24 2 -29
v 23 2 -29
v 22 2 -29
v 21 2 -29
v 20 2 -29
v 19 2 -29
v 18 2 -29
v 17 2 -29
v 16 2 -29
v 15.000001 2 -29
v 14.000001 2 -29
v 13.000001 2 -29
v 12.000001 2 -29
v 11.000001 2 -29
v 10.000001 2 -29
v 9.00000095 2 -29
v 8.00000095 2 -29
v 7.00000095 2 -29
v 6.00000095 2 -29
v 5 2 -29
v 4.00000191 2 -29
v 3.00000095 2 -29
v 2.00000095 2 -29
v 1.00000095 2 -29
v 0 2 -29
v 0 2 -28
v 0 2 -27
v 0 2 -26
v 0 2 -25
v 0 2 -24
v 0 2 -23
v 0 2 -22
v 0 2 -21
v 0 2 -20
v 0 2 -19
v 0 2 -18
v 0 2 -17
v 0 2 -16
v 0 2 -15
v 0 2 -14
v 0 2 -13
v 0 2 -12
v 0 2 -11
v 0 2 -10
v 0 2 -9
v 1.00000095 2 -9
v 2.00000095 2 -9
v 3.00000095 2 -9
v 3.00000095 2 -8
v 2.00000095 2 -8
v 1.00000095 2 -8
v 0 2 -8
v 0 2 -7
v 0 2 -6
v 0 2 -1.99999905
v 0 3 -0.999999046
v 0 3 0
v 0.999999046 3 0
v 2.00000095 3 0
v 3 3 0
v 4 3 0
v 5 3 0
v 6 3 0
v 7 3 0
v 8 3 0
v 9 3 0
v 10 3 0
v 11 3 0
v 12 3 0
v 13 3 0
v 14 3 0
v 15 3 0
v 16 3 0
v 17 3 0
v 18 3 0
v 19 3 0
v 20 3 0
v 21 3 0
v 22 3 0
v 23 3 0
v 24 3 0
v 25 3 0
v 26 3 0
v 27 3 0
v 28 3 0
v 29 3 0
v 30 3 0
v 30 3 -0.999999046
v 30 3 -1.99999905
v 30 3 -2.99999905
v 30 3 -3.99999905
v 30 3 -4.99999905
v 30 3 -5.99999905
v 30 3 -6.99999905
v 30 3 -7.99999905
v 29 3 -7.99999905
v 28 3 -7.99999905
v 27 3 -7.99999905
v 26 3 -7.99999905
v 25 3 -7.99999905
v 24 3 -7.99999905
v 24 3 -8.99999905
v 25 3 -8.99999905
v 26 3 -8.99999905
v 27 3 -8.99999905
v 28 3 -8.99999905
v 29 3 -8.99999905
v 30 3 -8.99999905
v 30 3 -9.99999905
v 30 3 -10.999999
v 30 3 -11.999999
v 30 3 -12.999999
v 30 3 -13.999999
v 30 3 -14.999999
v 30 3 -15.999999
v 30 3 -17
v 30 3 -18
v 30 3 -19
v 30 3 -20
v 30 3 -21
v 30 3 -22
v 30 3 -23
v 30 3 -24
v 30 3 -25
v 30 3 -26
v 30 3 -27
v 30 3 -27.9999981
v 30 3 -29
v 29 3 -29
v 28 3 -29
v 27 3 -29
v 26 3 -29
v 25 3 -29
v 24 3 -29
v 23 3 -29
v 22 3 -29
v 21 3 -29
v 20 3 -29
v 19 3 -29
v 18 3 -29
v 17 3 -29
v 16 3 -29
v 15 3 -29
v 14 3 -29
v 13 3 -29
v 12 3 -29
v 11 3 -29
v 10 3 -29
v 9 3 -29
v 8 3 -29
v 7 3 -29
v 6 3 -29
v 5 3 -29
v 4 3 -29
v 3 3 -29
v 2.00000095 3 -29
v 0.999999046 3 -29
v 0 3 -29
v 0 3 -27.9999981
v 0 3 -27
v 0 3 -26
v 0 3 -25
v 0 3 -24
v 0 3 -23
v 0 3 -22
v 0 3 -21
v 0 3 -20
v 0 3 -19
v 0 3 -18
v 0 3 -17
v 0 3 -15.999999
v 0 3 -14.999999
v 0 3 -13.999999
v 0 3 -12.999999
v 0 3 -11.999999
v 0 3 -10.999999
v 0 3 -9.99999905
v 0 3 -8.99999905
v 0.999999046 3 -8.99999905
v 2.00000095 3 -8.99999905
v 3 3 -8.99999905
v 3 3 -7.99999905
v 2.00000095 3 -7.99999905
v 0.999999046 3 -7.99999905
v 0 3 -7.99999905
v 0 3 -6.99999905
v 0 3 -5.99999905
v 0 3 -4.99999905
v 0 3 -3.99999905
v 0 3 -2.99999905
v 0 3 -1.99999905
v 0 4 -0.999999046
v 0 4 0
v 0.999999046 4 0
v 2 4 0
v 3 4 0
v 4 4 0
v 5 4 0
v 6 4 0
v 7 4 0
v 8 4 0
v 9 4 0
v 10 4 0
v 11 4 0
v 12 4 0
v 13 4 0
v 14 4 0
v 15 4 0
v 16 4 0
v 17 4 0
v 18 4 0
v 19 4 0
v 20 4 0
v 21 4 0
v 22 4 0
v 23 4 0
v 24 4 0
v 25 4 0
v 26 4 0
v 27 4 0
v 28 4 0
v 29 4 0
v 30 4 0
v 30 4 -0.999999046
v 30 4 -1.99999905
v 30 4 -2.99999905
v 30 4 -3.99999905
v 30 4 -4.99999905
v 30 4 -5.99999905
v 30 4 -6.99999905
v 30 4 -7.99999905
v 29 4 -7.99999905
v 28 4 -7.99999905
v 27 4 -7.99999905
v 26 4 -7.99999905
v 25 4 -7.99999905
v 24 4 -7.99999905
v 24 4 -8.99999905
v 25 4 -8.99999905
v 26 4 -8.99999905
v 27 4 -8.99999905
v 28 4 -8.99999905
v 29 4 -8.99999905
v 30 4 -8.99999905
v 30 4 -9.99999905
v 30 4 -10.999999
v 30 4 -11.999999
v 30 4 -12.999999
v 30 4 -13.999999
v 30 4 -14.999999
v 30 4 -15.999999
v 30 4 -17
v 30 4 -18
v 30 4 -19
v 30 4 -20
v 30 4 -21
v 30 4 -22
v 30 4 -23
v 30 4 -24
v 30 4 -25
v 30 4 -26
v 30 4 -27
v 30 4 -27.9999981
v 30 4 -29
v 29 4 -29
v 28 4 -29
v 27 4 -29
v 26 4 -29
v 25 4 -29
v 24 4 -29
v 23 4 -29
v 22 4 -29
v 21 4 -29
v 20 4 -29
v 19 4 -29
v 18 4 -29
v 17 4 -29
v 16 4 -29
v 15 4 -29
v 14 4 -29
v 13 4 -29
v 12 4 -29
v 11 4 -29
v 10 4 -29
v 9 4 -29
v 8 4 -29
v 7 4 -29
v 6 4 -29
v 5 4 -29
v 4 4 -29
v 3 4 -29
v 2 4 -29
v 0.999999046 4 -29
v 0 4 -29
v 0 4 -27.9999981
v 0 4 -27
v 0 4 -26
v 0 4 -25
v 0 4 -24
v 0 4 -23
v 0 4 -22
v 0 4 -21
v 0 4 -20
v 0 4 -19
v 0 4 -18
v 0 4 -17
v 0 4 -15.999999
v 0 4 -14.999999
v 0 4 -13.999999
v 0 4 -12.999999
v 0 4 -11.999999
v 0 4 -10.999999
v 0 4 -9.99999905
v 0 4 -8.99999905
v 0.999999046 4 -8.99999905
v 2 4 -8.99999905
v 3 4 -8.99999905
v 3 4 -7.99999905
v 2 4 -7.99999905
v 0.999999046 4 -7.99999905
v 0 4 -7.99999905
v 0 4 -6.99999905
v 0 4 -5.99999905
v 0 4 -4.99999905
v 0 4 -3.99999905
v 0 4 -2.99999905
v 0 4 -1.99999905
v 0 5 -1
v 0 5 0
v 1 5 0
v 2 5 0
v 3 5 0
v 4 5 0
v 5 5 0
v 6 5 0
v 7 5 0
v 8 5 0
v 9 5 0
v 10 5 0
v 11 5 0
v 12 5 0
v 13 5 0
v 14 5 0
v 15 5 0
v 16 5 0
v 17 5 0
v 18 5 0
v 19 5 0
v 20 5 0
v 21 5 0
v 22 5 0
v 23 5 0
v 24 5 0
v 25 5 0
v 26 5 0
v 27 5 0
v 28 5 0
v 29 5 0
v 30 5 0
v 30 5 -1
v 30 5 -2
v 30 5 -3
v 30 5 -4
v 30 5 -5
v 30 5 -6
v 30 5 -7
v 30 5 -8
v 29 5 -8
v 28 5 -8
v 27 5 -8
v 26 5 -8
v 25 5 -8
v 24 5 -8
v 24 5 -9
v 25 5 -9
v 26 5 -9
v 27 5 -9
v 28 5 -9
v 29 5 -9
v 30 5 -9
v 30 5 -10
v 30 5 -11
v 30 5 -12
v 30 5 -13
v 30 5 -14
v 30 5 -15
v 30 5 -16
v 30 5 -17
v 30 5 -18
v 30 5 -19
v 30 5 -20
v 30 5 -21
v 30 5 -22
v 30 5 -23
v 30 5 -24
v 30 5 -25
v 30 5 -26
v 30 5 -27
v 30 5 -28
v 30 5 -29
v 29 5 -29
v 28 5 -29
v 27 5 -29
v 26 5 -29
v 25 5 -29
v 24 5 -29
v 23 5 -29
v 22 5 -29
v 21 5 -29
v 20 5 -29
v 19 5 -29
v 18 5 -29
v 17 5 -29
v 16 5 -29
v 15 5 -29
v 14 5 -29
v 13 5 -29
v 12 5 -29
v 11 5 -29
v 10 5 -29
v 9 5 -29
v 8 5 -29
v 7 5 -29
v 6 5 -29
v 5 5 -29
v 4 5 -29
v 3 5 -29
v 2 5 -29
v 1 5 -29
v 0 5 -29
v 0 5 -28
v 0 5 -27
v 0 5 -26
v 0 5 -25
v 0 5 -24
v 0 5 -23
v 0 5 -22
v 0 5 -21
v 0 5 -20
v 0 5 -19
v 0 5 -18
v 0 5 -17
v 0 5 -16
v 0 5 -15
v 0 5 -14
v 0 5 -13
v 0 5 -12
v 0 5 -11
v 0 5 -10
v 0 5 -9
v 1 5 -9
v 2 5 -9
v 3 5 -9
v 3 5 -8
v 2 5 -8
v 1 5 -8
v 0 5 -8
v 0 5 -7
v 0 5 -6
v 0 5 -5
v 0 5 -4
v 0 5 -3
v 0 5 -2
v 0 6 -0.999999046
v 0 6 0
v 0.999999046 6 0
v 2 6 0
v 3 6 0
v 4 6 0
v 5 6 0
v 6 6 0
v 7 6 0
v 8 6 0
v 9 6 0
v 10 6 0
v 11 6 0
v 12 6 0
v 13 6 0
v 14 6 0
v 15 6 0
v 16 6 0
v 17 6 0
v 18 6 0
v 19 6 0
v 20 6 0
v 21 6 0
v 22 6 0
v 23 6 0
v 24 6 0
v 25 6 0
v 26 6 0
v 27 6 0
v 28 6 0
v 29 6 0
v 30 6 0
v 30 6 -0.999999046
v 30 6 -1.99999905
v 30 6 -2.99999905
v 30 6 -3.99999905
v 30 6 -4.99999905
v 30 6 -5.99999905
v 30 6 -6.99999905
v 30 6 -7.99999905
v 29 6 -7.99999905
v 28 6 -7.99999905
v 27 6 -7.99999905
v 26 6 -7.99999905
v 25 6 -7.99999905
v 24 6 -7.99999905
v 24 6 -8.99999905
v 25 6 -8.99999905
v 26 6 -8.99999905
v 27 6 -8.99999905
v 28 6 -8.99999905
v 29 6 -8.99999905
v 30 6 -8.99999905
v 30 6 -9.99999905
v 30 6 -10.999999
v 30 6 -11.999999
v 30 6 -12.999999
v 30 6 -13.999999
v 30 6 -14.999999
v 30 6 -15.999999
v 30 6 -17
v 30 6 -18
v 30 6 -19
v 30 6 -20
v 30 6 -21
v 30 6 -22
v 30 6 -23
v 30 6 -24
v 30 6 -25
v 30 6 -26
v 30 6 -27
v 30 6 -27.9999981
v 30 6 -29
v 29 6 -29
v 28 6 -29
v 27 6 -29
v 26 6 -29
v 25 6 -29
v 24 6 -29
v 23 6 -29
v 22 6 -29
v 21 6 -29
v 20 6 -29
v 19 6 -29
v 18 6 -29
v 17 6 -29
v 16 6 -29
v 15 6 -29
v 14 6 -29
v 13 6 -29
v 12 6 -29
v 11 6 -29
v 10 6 -29
v 9 6 -29
v 8 6 -29
v 7 6 -29
v 6 6 -29
v 5 6 -29
v 4 6 -29
v 3 6 -29
v 2 6 -29
v 0.999999046 6 -29
v 0 6 -29
v 0 6 -27.9999981
v 0 6 -27
v 0 6 -26
v 0 6 -25
v 0 6 -24
v 0 6 -23
v 0 6 -22
v 0 6 -21
v 0 6 -20
v 0 6 -19
v 0 6 -18
v 0 6 -17
v 0 6 -15.999999
v 0 6 -14.999999
v 0 6 -13.999999
v 0 6 -12.999999
v 0 6 -11.999999
v 0 6 -10.999999
v 0 6 -9.99999905
v 0 6 -8.99999905
v 0.999999046 6 -8.99999905
v 2 6 -8.99999905
v 3 6 -8.99999905
v 3 6 -7.99999905
v 2 6 -7.99999905
v 0.999999046 6 -7.99999905
v 0 6 -7.99999905
v 0 6 -6.99999905
v 0 6 -5.99999905
v 0 6 -4.99999905
v 0 6 -3.99999905
v 0 6 -2.99999905
v 0 6 -1.99999905
v 0 7 -0.999999046
v 0 7 0
v 0.999999046 7 0
v 1.99999905 7 0
v 3 7 0
v 4 7 0
v 5 7 0
v 6 7 0
v 7 7 0
v 8 7 0
v 9 7 0
v 10 7 0
v 11 7 0
v 12 7 0
v 13 7 0
v 14 7 0
v 15 7 0
v 16 7 0
v 17 7 0
v 18 7 0
v 19 7 0
v 20 7 0
v 21 7 0
v 22 7 0
v 23 7 0
v 24 7 0
v 25 7 0
v 26 7 0
v 27 7 0
v 28 7 0
v 29 7 0
v 30 7 0
v 30 7 -0.999999046
v 30 7 -1.99999905
v 30 7 -2.99999905
v 30 7 -3.99999905
v 30 7 -4.99999905
v 30 7 -5.99999905
v 30 7 -6.99999905
v 30 7 -7.99999905
v 29 7 -7.99999905
v 28 7 -7.99999905
v 27 7 -7.99999905
v 26 7 -7.99999905
v 25 7 -7.99999905
v 24 7 -7.99999905
v 24 7 -8.99999905
v 25 7 -8.99999905
v 26 7 -8.99999905
v 27 7 -8.99999905
v 28 7 -8.99999905
v 29 7 -8.99999905
v 30 7 -8.99999905
v 30 7 -9.99999905
v 30 7 -10.999999
v 30 7 -11.999999
v 30 7 -12.999999
v 30 7 -13.999999
v 30 7 -14.999999
v 30 7 -15.999999
v 30 7 -17
v 30 7 -18
v 30 7 -19
v 30 7 -20
v 30 7 -21
v 30 7 -22
v 30 7 -23
v 30 7 -24
v 30 7 -25
v 30 7 -26
v 30 7 -27
v 30 7 -27.9999981
v 30 7 -29
v 29 7 -29
v 28 7 -29
v 27 7 -29
v 26 7 -29
v 25 7 -29
v 24 7 -29
v 23 7 -29
v 22 7 -29
v 21 7 -29
v 20 7 -29
v 19 7 -29
v 18 7 -29
v 17 7 -29
v 16 7 -29
v 15 7 -29
v 14 7 -29
v 13 7 -29
v 12 7 -29
v 11 7 -29
v 10 7 -29
v 9 7 -29
v 8 7 -29
v 7 7 -29
v 6 7 -29
v 5 7 -29
v 4 7 -29
v 3 7 -29
v 1.99999905 7 -29
v 0.999999046 7 -29
v 0 7 -29
v 0 7 -27.9999981
v 0 7 -27
v 0 7 -26
v 0 7 -25
v 0 7 -24
v 0 7 -23
v 0 7 -22
v 0 7 -21
v 0 7 -20
v 0 7 -19
v 0 7 -18
v 0 7 -17
v 0 7 -15.999999
v 0 7 -14.999999
v 0 7 -13.999999
v 0 7 -12.999999
v 0 7 -11.999999
v 0 7 -10.999999
v 0 7 -9.99999905
v 0 7 -8.99999905
v 0.999999046 7 -8.99999905
v 1.99999905 7 -8.99999905
v 3 7 -8.99999905
v 3 7 -7.99999905
v 1.99999905 7 -7.99999905
v 0.999999046 7 -7.99999905
v 0 7 -7.99999905
v 0 7 -6.99999905
v 0 7 -5.99999905
v 0 7 -4.99999905
v 0 7 -3.99999905
v 0 7 -2.99999905
v 0 7 -1.99999905
v 0 8 -1.00000095
v 0 8 0
v 1.00000095 8 0
v 2.00000095 8 0
v 3.00000095 8 0
v 4.00000191 8 0
v 5 8 0
v 6.00000095 8 0
v 7.00000095 8 0
v 8.00000095 8 0
v 9.00000095 8 0
v 10.000001 8 0
v 11.000001 8 0
v 12.000001 8 0
v 13.000001 8 0
v 14.000001 8 0
v 15.000001 8 0
v 16 8 0
v 17 8 0
v 18 8 0
v 19 8 0
v 20 8 0
v 21 8 0
v 22 8 0
v 23 8 0
v 24 8 0
v 25 8 0
v 26 8 0
v 27 8 0
v 28 8 0
v 29.0000019 8 0
v 30 8 0
v 30 8 -1.00000095
v 30 8 -1.99999905
v 30 8 -3
v 30 8 -4
v 30 8 -5
v 30 8 -6
v 30 8 -7
v 30 8 -8
v 29.0000019 8 -8
v 28 8 -8
v 27 8 -8
v 26 8 -8
v 25 8 -8
v 24 8 -8
v 24 8 -9
v 25 8 -9
v 26 8 -9
v 27 8 -9
v 28 8 -9
v 29.0000019 8 -9
v 30 8 -9
v 30 8 -10
v 30 8 -11
v 30 8 -12
v 30 8 -13
v 30 8 -14
v 30 8 -15
v 30 8 -16
v 30 8 -17
v 30 8 -18
v 30 8 -19
v 30 8 -20
v 30 8 -21
v 30 8 -22
v 30 8 -23
v 30 8 -24
v 30 8 -25
v 30 8 -26
v 30 8 -27
v 30 8 -28
v 30 8 -29
v 29.0000019 8 -29
v 28 8 -29
v 27 8 -29
v 26 8 -29
v 25 8 -29
v 24 8 -29
v 23 8 -29
v 22 8 -29
v 21 8 -29
v 20 8 -29
v 19 8 -29
v 18 8 -29
v 17 8 -29
v 16 8 -29
v 15.000001 8 -29
v 14.000001 8 -29
v 13.000001 8 -29
v 12.000001 8 -29
v 11.000001 8 -29
v 10.000001 8 -29
v 9.00000095 8 -29
v 8.00000095 8 -29
v 7.00000095 8 -29
v 6.00000095 8 -29
v 5 8 -29
v 4.00000191 8 -29
v 3.00000095 8 -29
v 2.00000095 8 -29
v 1.00000095 8 -29
v 0 8 -29
v 0 8 -28
v 0 8 -27
v 0 8 -26
v 0 8 -25
v 0 8 -24
v 0 8 -23
v 0 8 -22
v 0 8 -21
v 0 8 -20
v 0 8 -19
v 0 8 -18
v 0 8 -17
v 0 8 -16
v 0 8 -15
v 0 8 -14
v 0 8 -13
v 0 8 -12
v 0 8 -11
v 0 8 -10
v 0 8 -9
v 1.00000095 8 -9
v 2.00000095 8 -9
v 3.00000048 8 -9
v 3.00000048 8 -8
v 2.00000095 8 -8
v 1.00000095 8 -8
v 0 8 -8
v 0 8 -7
v 0 8 -6
v 0 8 -5
v 0 8 -4
v 0 8 -3
v 0 8 -1.99999905
v 0 9 -1
v 0 9 0
v 1 9 0
v 1.99999905 9 0
v 3 9 0
v 4 9 0
v 5 9 0
v 6 9 0
v 7 9 0
v 8 9 0
v 9 9 0
v 10 9 0
v 11 9 0
v 12 9 0
v 13 9 0
v 14 9 0
v 15 9 0
v 16 9 0
v 17 9 0
v 18 9 0
v 19 9 0
v 20 9 0
v 21 9 0
v 22 9 0
v 23 9 0
v 24 9 0
v 25 9 0
v 26 9 0
v 27 9 0
v 28 9 0
v 29 9 0
v 30 9 0
v 30 9 -1
v 30 9 -2
v 30 9 -3
v 30 9 -3.99999905
v 30 9 -5
v 30 9 -6
v 30 9 -7
v 30 9 -8
v 29 9 -8
v 28 9 -8
v 27 9 -8
v 26 9 -8
v 25 9 -8
v 24 9 -8
v 24 9 -9
v 25 9 -9
v 26 9 -9
v 27 9 -9
v 28 9 -9
v 29 9 -9
v 30 9 -9
v 30 9 -10
v 30 9 -11
v 30 9 -12
v 30 9 -13
v 30 9 -14
v 30 9 -15
v 30 9 -16
v 30 9 -17
v 30 9 -18
v 30 9 -19
v 30 9 -20
v 30 9 -21
v 30 9 -22
v 30 9 -23
v 30 9 -24
v 30 9 -25
v 30 9 -26
v 30 9 -27
v 30 9 -28
v 30 9 -29
v 29 9 -29
v 28 9 -29
v 27 9 -29
v 26 9 -29
v 25 9 -29
v 24 9 -29
v 23 9 -29
v 22 9 -29
v 21 9 -29
v 20 9 -29
v 19 9 -29
v 18 9 -29
v 17 9 -29
v 16 9 -29
v 15 9 -29
v 14 9 -29
v 13 9 -29
v 12 9 -29
v 11 9 -29
v 10 9 -29
v 9 9 -29
v 8 9 -29
v 7 9 -29
v 6 9 -29
v 5 9 -29
v 4 9 -29
v 3 9 -29
v 1.99999905 9 -29
v 1 9 -29
v 0 9 -29
v 0 9 -28
v 0 9 -27
v 0 9 -26
v 0 9 -25
v 0 9 -24
v 0 9 -23
v 0 9 -22
v 0 9 -21
v 0 9 -20
v 0 9 -19
v 0 9 -18
v 0 9 -17
v 0 9 -16
v 0 9 -15
v 0 9 -14
v 0 9 -13
v 0 9 -12
v 0 9 -11
v 0 9 -10
v 0 9 -9
v 1 9 -9
v 1.99999905 9 -9
v 3 9 -9
v 3 9 -8
v 1.99999905 9 -8
v 1 9 -8
v 0 9 -8
v 0 9 -7
v 0 9 -6
v 0 9 -5
v 0 9 -3.99999905
v 0 9 -3
v 0 9 -2
v 23 5 -8
v 23 5 -9
v 23 6 -8.99999905
v 23 7 -8.99999905
v 23 8 -9
v 23 9 -9
v 23 10 -9
v 23 10 -8
v 23 9 -8
v 23 8 -8
v 23 7 -7.99999905
v 23 6 -7.99999905
v 22 5 -8.00000095
v 22 5.00000048 -9
v 22 6 -8.99999905
v 22 7 -8.99999905
v 22 8 -9
v 22 9 -9
v 22 10 -8.99999905
v 22 10 -7.99999952
v 22 9 -8
v 22 8 -8
v 22 7 -7.99999905
v 22 6 -7.99999952
v 21 5 -8
v 21 5 -9
v 21 6 -8.99999905
v 21 7 -8.99999905
v 21 8 -9
v 21 9 -9
v 21 10 -9
v 21 10 -8
v 21 9 -8
v 21 8 -8
v 21 7 -7.99999905
v 21 6 -7.99999905
v 20 5 -8.00000095
v 20 5.00000048 -9
v 20 6 -8.99999905
v 20 7 -8.99999905
v 20 8 -9
v 20 9 -9
v 20 10 -8.99999905
v 20 10 -7.99999952
v 20 9 -8
v 20 8 -8
v 20 7 -7.99999905
v 20 6 -7.99999952
v 19 5 -8
v 19 5 -9
v 19 6 -8.99999905
v 19 7 -8.99999905
v 19 8 -9
v 19 9 -9
v 19 10 -9
v 19 10 -8
v 19 9 -8
v 19 8 -8
v 19 7 -7.99999905
v 19 6 -7.99999905
v 18 5 -8
v 18 5 -9
v 18 6 -8.99999905
v 18 7 -8.99999905
v 18 8 -9
v 18 9 -9
v 18 10 -9
v 18 10 -8
v 18 9 -8
v 18 8 -8
v 18 7 -7.99999905
v 18 6 -7.99999905
v 17 5 -8
v 17 5 -9
v 17 6 -8.99999905
v 17 7 -8.99999905
v 17 8 -9
v 17 9 -9
v 17 10 -9
v 17 10 -8
v 17 9 -8
v 17 8 -8
v 17 7 -7.99999905
v 17 6 -7.99999905
v 16 5 -8.00000095
v 16 5.00000048 -9
v 16 6 -8.99999905
v 16 7 -8.99999905
v 16 8 -9
v 16 9 -9
v 16 10 -8.99999905
v 16 10 -7.99999952
v 16 9 -8
v 16 8 -8
v 16 7 -7.99999905
v 16 6 -7.99999952
v 15 5 -7.99999905
v 15 4.99999952 -8.99999905
v 15 5.99999952 -8.99999809
v 15 7 -8.99999905
v 15 8 -9
v 15 9 -9.00000095
v 15 10 -9.00000095
v 15 10 -8.00000095
v 15 9 -8.00000095
v 15 8 -8
v 15 7 -7.99999905
v 15 6 -7.99999857
v 14 5 -8.00000095
v 14 5.00000048 -9
v 14 6 -8.99999905
v 14 7 -8.99999905
v 14 8 -9
v 14 9 -9
v 14 10 -8.99999905
v 14 10 -7.99999952
v 14 9 -8
v 14 8 -8
v 14 7 -7.99999905
v 14 6 -7.99999952
v 13 5 -8
v 13 5 -9
v 13 6 -8.99999905
v 13 7 -8.99999905
v 13 8 -9
v 13 9 -9
v 13 10 -9
v 13 10 -8
v 13 9 -8
v 13 8 -8
v 13 7 -7.99999905
v 13 6 -7.99999905
v 12 5 -8
v 12 5 -9
v 12 6 -8.99999905
v 12 7 -8.99999905
v 12 8 -9
v 12 9 -9
v 12 10 -9
v 12 10 -8
v 12 9 -8
v 12 8 -8
v 12 7 -7.99999905
v 12 6 -7.99999905
v 11 5 -8.00000095
v 11 5.00000048 -9
v 11 6 -8.99999905
v 11 7 -8.99999905
v 11 8 -9
v 11 9 -9
v 11 10 -8.99999905
v 11 10 -7.99999952
v 11 9 -8
v 11 8 -8
v 11 7 -7.99999905
v 11 6 -7.99999952
v 10 5 -8.00000095
v 10 5.00000048 -9
v 10 6 -8.99999905
v 10 7 -8.99999905
v 10 8 -9
v 10 9 -9
v 10 10 -8.99999905
v 10 10 -7.99999952
v 10 9 -8
v 10 8 -8
v 10 7 -7.99999905
v 10 6 -7.99999952
v 9 5 -8
v 9 5 -9
v 9 6 -8.99999905
v 9 7 -8.99999905
v 9 8 -9
v 9 9 -9
v 9 10 -9
v 9 10 -8
v 9 9 -8
v 9 8 -8
v 9 7 -7.99999905
v 9 6 -7.99999905
v 8 5 -8
v 8 5 -9
v 8 6 -8.99999905
v 8 7 -8.99999905
v 8 8 -9
v 8 9 -9
v 8 10 -9
v 8 10 -8
v 8 9 -8
v 8 8 -8
v 8 7 -7.99999905
v 8 6 -7.99999905
v 7 5 -8
v 7 5 -9
v 7 6 -8.99999905
v 7 7 -8.99999905
v 7 8 -9
v 7 9 -9
v 7 10 -9
v 7 10 -8
v 7 9 -8
v 7 8 -8
v 7 7 -7.99999905
v 7 6 -7.99999905
v 6 5 -8.00000095
v 6 5.00000048 -9
v 6 6 -8.99999905
v 6 7 -8.99999905
v 6 8 -9
v 6 9 -9
v 6 10 -8.99999905
v 6 10 -7.99999952
v 6 9 -8
v 6 8 -8
v 6 7 -7.99999905
v 6 6 -7.99999952
v 5 5 -8
v 5 5 -9
v 5 6 -8.99999905
v 5 7 -8.99999905
v 5 8 -9
v 5 9 -9
v 5 10 -9
v 5 10 -8
v 5 9 -8
v 5 8 -8
v 5 7 -7.99999905
v 5 6 -7.99999905
v 4 5 -8
v 4 5 -9
v 4 6 -8.99999905
v 4 7 -8.99999905
v 4 8 -9
v 4 9 -9
v 4 10 -9
v 4 10 -8
v 4 9 -8
v 4 8 -8
v 4 7 -7.99999905
v 4 6 -7.99999905
vt 8.62500191 2.02655792e-06 0
vt 8.62499619 0.125009298 0
vt 8.49999523 0.125005364 0
vt 8.49999142 7.15255737e-06 0
vt 8.37499523 0.125001431 0
vt 8.37500668 6.91413879e-06 0
vt 8.25000095 0.12500453 0
vt 8.24999714 6.43730164e-06 0
vt 8.12499905 0.125006318 0
vt 8.12499714 2.50339508e-06 0
vt 7.99999857 0.12500155 0
vt 7.99999475 4.29153442e-06 0
vt 7.87500429 0.125004768 0
vt 7.87500048 7.51018524e-06 0
vt 7.75000191 0.125011206 0
vt 7.75 3.57627869e-06 0
vt 7.62500191 0.125002503 0
vt 7.62499809 5.36441803e-06 0
vt 7.49999905 0.12500906 0
vt 7.49999762 5.96046448e-07 0
vt 7.37499857 0.125005126 0
vt 7.37499475 7.15255737e-06 0
vt 7.24999619 0.125006914 0
vt 7.25000191 5.48362732e-06 0
vt 7.12500238 0.125010014 0
vt 7.125 6.31809235e-06 0
vt 7.00000143 0.125006199 0
vt 6.99999857 8.10623169e-06 0
vt 6.87500143 0.12500155 0
vt 6.87500429 1.13248825e-05 0
vt 6.74999857 0.125007987 0
vt 6.75000334 7.39097595e-06 0
vt 6.62499714 0.125009656 0
vt 6.62499523 2.14576721e-06 0
vt 6.49999666 0.125005841 0
vt 6.50000095 5.36441803e-06 0
vt 6.37500238 0.125008941 0
vt 6.37499857 1.18017197e-05 0
vt 6.25000143 0.125005126 0
vt 6.24999857 2.14576721e-06 0
vt 6.12499952 0.125006795 0
vt 6.12499619 8.70227814e-06 0
vt 5.99999857 0.12500298 0
vt 5.99999571 4.88758087e-06 0
vt 5.87498999 0.125001431 0
vt 5.87500095 7.9870224e-06 0
vt 5.75000286 0.125007987 0
vt 5.75000048 4.17232513e-06 0
vt 5.62499428 0.125006437 0
vt 5.625 3.57627869e-07 0
vt 5.5 0.125009656 0
vt 5.50000477 9.05990601e-06 0
vt 5.37499905 0.125005722 0
vt 5.37500381 5.12599945e-06 0
vt 5.24999857 0.125001907 0
vt 5.2499938 1.03712082e-05 0
vt 5.12499619 0.125003576 0
vt 5.12500191 2.14576721e-06 0
vt 5.00000238 0.125006795 0
vt 4.99999237 1.54972076e-06 0
vt 4.87500048 0.125008583 0
vt 4.87499809 4.76837158e-06 0
vt 4.75 0.125004768 0
vt 4.74999666 6.55651093e-06 0
vt 4.62499762 0.125011325 0
vt 4.62500238 9.77516174e-06 0
vt 4.49999666 0.125006437 0
vt 4.50000143 5.84125519e-06 0
vt 4.37499619 0.125002503 0
vt 4.375 7.62939453e-06 0
vt 4.25000095 0.125011325 0
vt 4.24999094 7.03334808e-06 0
vt 4.125 0.12500751 0
vt 4.12498999 2.2649765e-06 0
vt 3.99999857 0.125009298 0
vt 4.00000238 1.34706497e-05 0
vt 3.87499762 0.125005364 0
vt 3.87500262 3.93390656e-06 0
vt 3.74999619 0.125006199 0
vt 3.75 1.03712082e-05 0
vt 3.62499452 0.125008106 0
vt 3.62499952 6.55651093e-06 0
vt 3.50000215 0.124999762 0
vt 3.49999881 2.62260437e-06 0
vt 3.37500691 0.125009537 0
vt 3.37499619 9.1791153e-06 0
vt 3.24999809 0.125008106 0
vt 3.24999619 5.96046448e-07 0
vt 3.12499714 0.125004172 0
vt 3.12500858 1.07288361e-05 0
vt 3.0000031 0.125007391 0
vt 3.00000048 5.48362732e-06 0
vt 13.3759766 0.125000119 0
vt 13.2509766 0.125000119 0
vt 13.2509775 2.38418579e-07 0
vt 13.3759766 -4.76837158e-07 0
vt 22.8759766 7.86781311e-06 0
vt 22.8759823 0.125014782 0
vt 22.7509766 0.125014782 0
vt 22.7509727 7.62939453e-06 0
vt 22.6259766 0.125014186 0
vt 22.6259727 7.15255737e-06 0
vt 22.5009727 0.125006557 0
vt 22.5009785 1.3589859e-05 0
vt 22.3759727 0.12500596 0
vt 22.3759747 5.96046448e-06 0
vt 22.2509766 0.125012398 0
vt 22.2509785 1.23977661e-05 0
vt 22.1259727 0.125012279 0
vt 22.1259747 1.22785568e-05 0
vt 22.0009766 0.125011206 0
vt 22.0009747 1.16825104e-05 0
vt 21.8759727 0.125011086 0
vt 21.8759747 1.10864639e-05 0
vt 21.7509727 0.12501049 0
vt 21.7509747 1.04904175e-05 0
vt 21.6259727 0.125009775 0
vt 21.6259804 1.70469284e-05 0
vt 21.5009727 0.125009298 0
vt 21.5009747 9.41753387e-06 0
vt 21.3759785 0.125015736 0
vt 21.3759747 8.82148743e-06 0
vt 21.2509747 0.125008106 0
vt 21.2509766 1.57356262e-05 0
vt 21.1259747 0.12500751 0
vt 21.1259747 7.51018524e-06 0
vt 21.0009747 0.125014424 0
vt 21.0009804 1.40666962e-05 0
vt 20.8759747 0.125013828 0
vt 20.8759766 1.39474869e-05 0
vt 20.7509747 0.125013351 0
vt 20.7509766 1.33514404e-05 0
vt 20.6259747 0.125012755 0
vt 20.6259727 5.60283661e-06 0
vt 20.5009708 0.125012636 0
vt 20.5009727 5.00679016e-06 0
vt 20.3759747 0.125011444 0
vt 20.3759727 1.20401382e-05 0
vt 20.2509747 0.125010848 0
vt 20.2509689 1.1920929e-05 0
vt 20.1259766 0.125017881 0
vt 20.1259766 1.03712082e-05 0
vt 20.000967 0.125010729 0
vt 20.0009766 9.77516174e-06 0
vt 19.875967 0.125002384 0
vt 19.8759785 1.68085098e-05 0
vt 19.7509766 0.125008464 0
vt 19.7509785 1.62124634e-05 0
vt 19.6259689 0.125008821 0
vt 19.6259785 1.56164169e-05 0
vt 19.5009766 0.125007272 0
vt 19.5009785 1.49011612e-05 0
vt 19.3759689 0.125007629 0
vt 19.3759708 7.62939453e-06 0
vt 19.2509689 0.125007033 0
vt 19.2509689 -4.76837158e-07 0
vt 19.1259766 0.125013113 0
vt 19.1259708 6.55651093e-06 0
vt 19.0009689 0.125005841 0
vt 19.0009708 5.96046448e-06 0
vt 18.8759766 0.125011802 0
vt 18.8759708 5.24520874e-06 0
vt 18.7509689 0.125012159 0
vt 18.7509708 4.64916229e-06 0
vt 18.6259689 0.125004053 0
vt 18.6259708 4.17232513e-06 0
vt 18.5009785 0.125010133 0
vt 18.5009708 3.57627869e-06 0
vt 18.3759708 0.12501049 0
vt 18.3759708 2.98023224e-06 0
vt 18.2509785 0.125008941 0
vt 18.2509708 9.89437103e-06 0
vt 18.1259785 0.125008345 0
vt 18.1259708 9.29832458e-06 0
vt 18.0009708 0.125008702 0
vt 18.0009708 1.1920929e-06 0
vt 17.8759785 0.125007153 0
vt 17.8759708 8.22544098e-06 0
vt 17.7509785 0.125006437 0
vt 17.7509708 7.62939453e-06 0
vt 17.6259785 0.125013471 0
vt 17.6259708 6.91413879e-06 0
vt 17.5009785 0.125012875 0
vt 17.5009708 6.31809235e-06 0
vt 17.3759708 0.125005722 0
vt 17.3759708 5.7220459e-06 0
vt 17.2509785 0.125011683 0
vt 17.2509708 5.24520874e-06 0
vt 17.1259785 0.125011086 0
vt 17.1259708 4.529953e-06 0
vt 17.0009785 0.12501049 0
vt 17.0009785 1.06096268e-05 0
vt 16.8759785 0.125009894 0
vt 16.8759708 3.33786011e-06 0
vt 16.7509804 0.125009418 0
vt 16.7509708 2.86102295e-06 0
vt 16.6259804 0.125008702 0
vt 16.6259785 8.82148743e-06 0
vt 16.5009804 0.125008106 0
vt 16.5009708 9.1791153e-06 0
vt 16.3759804 0.12501514 0
vt 16.3759785 7.62939453e-06 0
vt 16.2509785 0.125007033 0
vt 16.2509804 7.03334808e-06 0
vt 16.1259804 0.125006318 0
vt 16.1259727 7.39097595e-06 0
vt 16.0009804 0.125013351 0
vt 16.0009804 5.7220459e-06 0
vt 15.8759794 0.125005245 0
vt 15.8759804 5.24520874e-06 0
vt 15.7509813 0.125012159 0
vt 15.7509804 4.64916229e-06 0
vt 15.6259813 0.125011563 0
vt 15.6259813 3.93390656e-06 0
vt 15.5009727 0.125004411 0
vt 15.5009813 3.4570694e-06 0
vt 15.3759718 0.124996066 0
vt 15.3759813 1.04904175e-05 0
vt 15.2509718 0.124995589 0
vt 15.2509813 2.2649765e-06 0
vt 15.1259727 0.125002623 0
vt 15.1259813 9.29832458e-06 0
vt 15.0009727 0.125001907 0
vt 15.0009813 8.46385956e-06 0
vt 14.8759804 0.125000358 0
vt 14.8759804 5.96046448e-07 0
vt 14.7509727 0.125000715 0
vt 14.7509813 7.51018524e-06 0
vt 14.6259718 0.125000119 0
vt 14.6259813 6.7949295e-06 0
vt 14.5009794 0.124998569 0
vt 14.5009813 6.31809235e-06 0
vt 14.3759727 0.124998808 0
vt 14.3759813 5.60283661e-06 0
vt 14.2509804 0.124997377 0
vt 14.2509813 5.00679016e-06 0
vt 14.1259804 0.124996901 0
vt 14.1259813 4.529953e-06 0
vt 14.0009718 0.124997258 0
vt 14.0009823 3.81469727e-06 0
vt 13.8759794 0.124995589 0
vt 13.8759909 9.77516174e-06 0
vt 13.7509804 0.124994874 0
vt 13.7509823 2.50339508e-06 0
vt 13.6259813 0.125002027 0
vt 13.6259823 2.14576721e-06 0
vt 13.5009804 0.12499392 0
vt 13.5009909 7.9870224e-06 0
vt 13.3759804 0.124993086 0
vt 13.3759823 7.15255737e-07 0
vt 25.8759804 5.96046448e-06 0
vt 25.8759861 0.125005484 0
vt 25.7509804 0.125005364 0
vt 25.7509766 5.84125519e-06 0
vt 25.6259804 0.125004768 0
vt 25.6259823 4.88758087e-06 0
vt 25.5009785 0.125004649 0
vt 25.5009785 4.64916229e-06 0
vt 9.50097656 6.7949295e-06 0
vt 9.62597656 6.19888306e-06 0
vt 9.62597656 0.125006676 0
vt 9.50097656 0.125006318 0
vt 0.375000834 8.82148743e-06 0
vt 0.375004381 0.125006914 0
vt 0.250003606 0.12500298 0
vt 0.250000089 4.88758087e-06 0
vt 0.12500304 0.124998212 0
vt 0.124998756 6.7949295e-06 0
vt 7.5507096e-06 0.125007987 0
vt 6.37277935e-06 -4.76837158e-07 0
vt 9.49999619 0 0
vt 9.50000668 0.125005126 0
vt 9.37499714 0.125004649 0
vt 9.37500286 2.98023224e-06 0
vt 9.25000381 0.125007749 0
vt 9.25000858 6.31809235e-06 0
vt 8.75000191 6.7949295e-06 0
vt 8.75000572 0.125004053 0
vt 8.62500095 0.250001669 0
vt 8.49999905 0.250003457 0
vt 8.37499619 0.250009894 0
vt 8.25000477 0.250001788 0
vt 8.12499428 0.250006795 0
vt 7.9999938 0.25000298 0
vt 7.87499905 0.25000608 0
vt 7.74999762 0.250007868 0
vt 7.62499714 0.250004053 0
vt 7.50000286 0.250007153 0
vt 7.37500238 0.250003338 0
vt 7.24999952 0.250009775 0
vt 7.12499952 0.250000358 0
vt 6.99999714 0.250006795 0
vt 6.87500286 0.250010014 0
vt 6.74999428 0.250004649 0
vt 6.62500048 0.250007749 0
vt 6.5 0.250003934 0
vt 6.37500525 0.250007153 0
vt 6.24999619 0.250006557 0
vt 6.12499475 0.250008345 0
vt 6.00000048 0.250011444 0
vt 5.875 0.250006676 0
vt 5.74999809 0.250008464 0
vt 5.62499762 0.25000453 0
vt 5.49999666 0.250000715 0
vt 5.37500238 0.250003934 0
vt 5.25000095 0.250005722 0
vt 5.12499809 0.250012159 0
vt 5.00000572 0.250005007 0
vt 4.87499714 0.250003576 0
vt 4.74999523 0.250005364 0
vt 4.62499428 0.25000155 0
vt 4.49999905 0.250010133 0
vt 4.37499857 0.250006318 0
vt 4.25000429 0.250009537 0
vt 4.12499523 0.250008941 0
vt 3.99999475 0.250005126 0
vt 3.87499261 0.250006914 0
vt 3.75000048 0.249998689 0
vt 3.62500453 0.250013113 0
vt 3.49999642 0.250006914 0
vt 3.37499547 0.250003099 0
vt 3.24999309 0.250009537 0
vt 3.12500072 0.250002384 0
vt 2.99999881 0.250004172 0
vt 13.1259766 0.125000238 0
vt 13.1259775 3.57627869e-07 0
vt 22.8759804 0.250014901 0
vt 22.7509766 0.250007153 0
vt 22.6259804 0.25001359 0
vt 22.5009766 0.250013471 0
vt 22.3759766 0.250012875 0
vt 22.2509766 0.250012279 0
vt 22.1259766 0.250011802 0
vt 22.0009823 0.250018239 0
vt 21.8759727 0.250010967 0
vt 21.7509785 0.250009894 0
vt 21.6259747 0.250009894 0
vt 21.5009747 0.250009179 0
vt 21.3759747 0.250008583 0
vt 21.2509747 0.250008106 0
vt 21.1259747 0.25001502 0
vt 21.0009747 0.250014424 0
vt 20.8759708 0.250006795 0
vt 20.7509747 0.250013232 0
vt 20.6259747 0.250012636 0
vt 20.5009747 0.25001204 0
vt 20.3759747 0.250011444 0
vt 20.2509747 0.250010848 0
vt 20.1259766 0.250010252 0
vt 20.0009766 0.250009656 0
vt 19.8759766 0.250008941 0
vt 19.7509766 0.250015974 0
vt 19.6259766 0.250007868 0
vt 19.5009766 0.250014901 0
vt 19.3759766 0.250014186 0
vt 19.2509766 0.25001359 0
vt 19.1259766 0.250012994 0
vt 19.0009766 0.250012517 0
vt 18.8759785 0.250011921 0
vt 18.7509785 0.250011206 0
vt 18.6259785 0.25001061 0
vt 18.5009785 0.250017643 0
vt 18.3759785 0.250009537 0
vt 18.2509785 0.250016451 0
vt 18.1259689 0.25000155 0
vt 18.0009708 0.250008583 0
vt 17.8759689 0.250000477 0
vt 17.7509708 0.25000751 0
vt 17.6259708 0.250006914 0
vt 17.5009708 0.250006199 0
vt 17.3759708 0.250005603 0
vt 17.2509708 0.250005126 0
vt 17.1259785 0.250003457 0
vt 17.0009708 0.250003815 0
vt 16.8759708 0.250003219 0
vt 16.7509785 0.250001788 0
vt 16.6259689 0.250002146 0
vt 16.5009785 0.250008106 0
vt 16.3759785 0.25000751 0
vt 16.2509689 0.250000238 0
vt 16.1259785 0.250006437 0
vt 16.0009708 0.250006795 0
vt 15.8759708 0.24999845 0
vt 15.7509794 0.25000453 0
vt 15.6259794 0.250003934 0
vt 15.5009794 0.250003338 0
vt 15.3759794 0.250002742 0
vt 15.2509794 0.250002146 0
vt 15.1259794 0.25000155 0
vt 15.0009794 0.250000834 0
vt 14.8759813 0.250007868 0
vt 14.7509804 0.249999762 0
vt 14.6259804 0.249999046 0
vt 14.5009794 0.250006199 0
vt 14.3759794 0.249997973 0
vt 14.2509804 0.250004888 0
vt 14.1259804 0.250004411 0
vt 14.0009804 0.249996185 0
vt 13.8759804 0.250003099 0
vt 13.7509804 0.250002503 0
vt 13.625988 0.250000954 0
vt 13.5009804 0.250001311 0
vt 13.3759804 0.250000834 0
vt 25.8759804 0.250005841 0
vt 25.7509842 0.250012398 0
vt 25.6259842 0.250011802 0
vt 25.5009804 0.250004172 0
vt 9.75097656 6.07967377e-06 0
vt 9.75097752 0.125006676 0
vt 0.375001639 0.249997139 0
vt 0.24999775 0.250010133 0
vt 0.124997184 0.250005364 0
vt 2.90407593e-06 0.250008583 0
vt 9.50000191 0.250006676 0
vt 9.37500095 0.250001788 0
vt 9.25000763 0.250005007 0
vt 8.75000095 0.250005484 0
vt 8.62500286 0.375004411 0
vt 8.49999428 0.375003874 0
vt 8.375 0.375007093 0
vt 8.24999809 0.375008881 0
vt 8.12499809 0.375004947 0
vt 7.99999666 0.375001073 0
vt 7.87500286 0.375004232 0
vt 7.75000048 0.37500602 0
vt 7.62499189 0.37500453 0
vt 7.5000062 0.375004351 0
vt 7.37499666 0.375003815 0
vt 7.24999523 0.375005662 0
vt 7.12500095 0.375008821 0
vt 7.00000048 0.375004947 0
vt 6.87499857 0.375006676 0
vt 6.74999809 0.375002801 0
vt 6.62500381 0.37500596 0
vt 6.49999475 0.37500447 0
vt 6.37500048 0.375007689 0
vt 6.24999905 0.375009418 0
vt 6.12499809 0.375005543 0
vt 5.99999762 0.375001729 0
vt 5.87500334 0.375004888 0
vt 5.74999332 0.375010014 0
vt 5.62500048 0.375002801 0
vt 5.49999809 0.375009239 0
vt 5.37499619 0.375011027 0
vt 5.24999619 0.375006258 0
vt 5.12500191 0.375009418 0
vt 5.00000095 0.375005543 0
vt 4.87499189 0.375004947 0
vt 4.74999857 0.375003397 0
vt 4.62500429 0.375006616 0
vt 4.50000238 0.375008345 0
vt 4.3749938 0.375007808 0
vt 4.24999285 0.37500304 0
vt 4.12499857 0.375006139 0
vt 3.99999785 0.375002325 0
vt 3.87500286 0.375011146 0
vt 3.75000215 0.375007272 0
vt 3.62499309 0.375006735 0
vt 3.49999881 0.375009835 0
vt 3.37499905 0.375001311 0
vt 3.25000477 0.37500447 0
vt 3.12499595 0.37500298 0
vt 3.00000167 0.375006139 0
vt 13.0009775 0.125000358 0
vt 13.0009775 8.34465027e-07 0
vt 22.8759766 0.375007689 0
vt 22.7509766 0.375007033 0
vt 22.6259766 0.375014067 0
vt 22.5009766 0.375013411 0
vt 22.3759804 0.375012338 0
vt 22.2509785 0.375012338 0
vt 22.1259785 0.375011683 0
vt 22.0009785 0.375011086 0
vt 21.8759785 0.375010431 0
vt 21.7509766 0.375017583 0
vt 21.6259766 0.375016928 0
vt 21.5009727 0.375009239 0
vt 21.3759766 0.375015676 0
vt 21.2509766 0.37501508 0
vt 21.1259727 0.375014961 0
vt 21.0009727 0.375006735 0
vt 20.8759689 0.375006676 0
vt 20.7509727 0.375013113 0
vt 20.6259689 0.375005543 0
vt 20.5009747 0.375011981 0
vt 20.3759747 0.375011384 0
vt 20.2509747 0.375010848 0
vt 20.1259747 0.375010192 0
vt 20.0009747 0.375009656 0
vt 19.8759747 0.37501657 0
vt 19.7509747 0.375008404 0
vt 19.6259747 0.375007749 0
vt 19.5009747 0.375014782 0
vt 19.375967 0.37500757 0
vt 19.2509747 0.37500602 0
vt 19.125967 0.375006378 0
vt 19.0009766 0.375012398 0
vt 18.875967 0.375005186 0
vt 18.750967 0.37500453 0
vt 18.6259766 0.37501061 0
vt 18.5009689 0.375010967 0
vt 18.3759766 0.375009418 0
vt 18.2509766 0.375008762 0
vt 18.1259689 0.37500912 0
vt 18.0009766 0.37500757 0
vt 17.8759689 0.375007927 0
vt 17.7509785 0.375014067 0
vt 17.6259766 0.375005841 0
vt 17.5009689 0.375006258 0
vt 17.3759785 0.375012219 0
vt 17.2509766 0.375003994 0
vt 17.1259785 0.375011027 0
vt 17.0009785 0.37501049 0
vt 16.8759766 0.375002265 0
vt 16.7509785 0.375009239 0
vt 16.6259785 0.375008583 0
vt 16.5009785 0.375008106 0
vt 16.3759785 0.375007451 0
vt 16.2509785 0.375006855 0
vt 16.1259785 0.375006199 0
vt 16.0009785 0.375005603 0
vt 15.8759785 0.375005007 0
vt 15.7509785 0.37500447 0
vt 15.6259785 0.375003874 0
vt 15.5009804 0.375010848 0
vt 15.3759804 0.375010252 0
vt 15.2509785 0.375002086 0
vt 15.1259794 0.37500906 0
vt 15.0009804 0.375008523 0
vt 14.875988 0.375006974 0
vt 14.7509804 0.375007331 0
vt 14.6259804 0.375006676 0
vt 14.500988 0.375005126 0
vt 14.3759804 0.375005484 0
vt 14.250988 0.375011504 0
vt 14.125988 0.375003338 0
vt 14.0009794 0.374996006 0
vt 13.8759794 0.37499547 0
vt 13.7509804 0.375002503 0
vt 13.6259804 0.374994218 0
vt 13.5009804 0.374993682 0
vt 13.3759804 0.375000656 0
vt 25.8759804 0.375005662 0
vt 25.7509842 0.375012219 0
vt 25.6259804 0.37500453 0
vt 25.5009804 0.375003994 0
vt 9.87597656 5.96046448e-06 0
vt 9.87597656 0.12500608 0
vt 0.375002831 0.375005484 0
vt 0.25000152 0.375007391 0
vt 0.12500076 0.375003397 0
vt 0 0.374999583 0
vt 9.49999714 0.375007093 0
vt 9.37500477 0.37500006 0
vt 9.25000191 0.375006497 0
vt 8.74999619 0.37500602 0
vt 8.62499809 0.500005901 0
vt 8.50000381 0.50000906 0
vt 8.37500381 0.500005186 0
vt 8.24999428 0.500004649 0
vt 8.12500191 0.500003159 0
vt 7.99999857 0.500009656 0
vt 7.87499809 0.500004768 0
vt 7.74999619 0.500006557 0
vt 7.62499523 0.500002682 0
vt 7.50000143 0.500005841 0
vt 7.37499952 0.500007629 0
vt 7.24999857 0.500003755 0
vt 7.12499571 0.500010192 0
vt 7.00000429 0.500003099 0
vt 6.87500143 0.500009596 0
vt 6.74999332 0.500003397 0
vt 6.62499905 0.500006557 0
vt 6.50000477 0.500009716 0
vt 6.37499619 0.50000447 0
vt 6.24999571 0.500000596 0
vt 6.12499332 0.500007033 0
vt 5.99999905 0.500010252 0
vt 5.87499809 0.500006318 0
vt 5.74999666 0.500008106 0
vt 5.62499571 0.500003338 0
vt 5.50000191 0.500006497 0
vt 5.375 0.500008225 0
vt 5.24999952 0.500004411 0
vt 5.12499857 0.500000536 0
vt 5.00000429 0.500003636 0
vt 4.87500286 0.500005484 0
vt 4.75 0.500011921 0
vt 4.62499905 0.500008106 0
vt 4.49999905 0.500003219 0
vt 4.37499714 0.500005066 0
vt 4.24999619 0.500001132 0
vt 4.12500095 0.500009954 0
vt 3.99999952 0.500010788 0
vt 3.87499142 0.500005543 0
vt 3.74999738 0.500008702 0
vt 3.62500501 0.50000149 0
vt 3.49999452 0.500006616 0
vt 3.37499404 0.500001848 0
vt 3.24999976 0.500004947 0
vt 3.12499738 0.500011444 0
vt 2.99999762 0.500002861 0
vt 12.8759775 0.125001073 0
vt 12.8759775 8.34465027e-07 0
vt 22.8759747 0.50000757 0
vt 22.7509747 0.500006974 0
vt 22.6259766 0.500013947 0
vt 22.5009747 0.500005782 0
vt 22.3759747 0.500012815 0
vt 22.2509766 0.500012279 0
vt 22.1259727 0.500012159 0
vt 22.0009766 0.500011027 0
vt 21.8759766 0.500010431 0
vt 21.7509766 0.500017464 0
vt 21.6259766 0.500009239 0
vt 21.5009727 0.50000912 0
vt 21.3759766 0.500015616 0
vt 21.2509727 0.500015497 0
vt 21.1259766 0.500014424 0
vt 21.0009785 0.500013828 0
vt 20.8759747 0.500013709 0
vt 20.7509785 0.500012636 0
vt 20.6259689 0.500005424 0
vt 20.5009747 0.500011981 0
vt 20.3759708 0.500011802 0
vt 20.2509747 0.500010729 0
vt 20.1259747 0.500010133 0
vt 20.0009747 0.500009537 0
vt 19.8759747 0.500008941 0
vt 19.7509747 0.500008345 0
vt 19.6259766 0.500015318 0
vt 19.5009766 0.500014722 0
vt 19.3759747 0.500006497 0
vt 19.2509766 0.50001353 0
vt 19.1259766 0.500012934 0
vt 19.0009766 0.500012338 0
vt 18.8759766 0.500011742 0
vt 18.7509766 0.500011086 0
vt 18.6259766 0.50001055 0
vt 18.5009766 0.500009894 0
vt 18.3759785 0.500016928 0
vt 18.2509766 0.500008702 0
vt 18.1259766 0.500008166 0
vt 18.0009785 0.50001514 0
vt 17.8759785 0.500014544 0
vt 17.7509785 0.500014007 0
vt 17.6259785 0.500013351 0
vt 17.5009785 0.500012815 0
vt 17.3759785 0.500012159 0
vt 17.2509785 0.500011623 0
vt 17.1259785 0.500018656 0
vt 17.0009689 0.500003755 0
vt 16.8759689 0.500003159 0
vt 16.7509689 0.500002503 0
vt 16.6259689 0.500001967 0
vt 16.5009689 0.500001431 0
vt 16.3759689 0.500000834 0
vt 16.2509785 0.500006795 0
vt 16.1259689 0.499999583 0
vt 16.0009708 0.499998987 0
vt 15.8759785 0.500004947 0
vt 15.7509699 0.499997795 0
vt 15.6259775 0.500003815 0
vt 15.5009775 0.500003219 0
vt 15.3759699 0.499995947 0
vt 15.2509785 0.500002027 0
vt 15.1259785 0.500001431 0
vt 15.0009785 0.500000834 0
vt 14.8759785 0.500000179 0
vt 14.7509785 0.499999642 0
vt 14.6259785 0.499998987 0
vt 14.5009785 0.49999845 0
vt 14.3759804 0.500005484 0
vt 14.2509785 0.499997199 0
vt 14.1259794 0.499996603 0
vt 14.0009804 0.500003576 0
vt 13.8759785 0.49999547 0
vt 13.7509871 0.50000155 0
vt 13.6259804 0.500001907 0
vt 13.5009804 0.500001252 0
vt 13.375988 0.499999642 0
vt 25.8759804 0.500005662 0
vt 25.7509842 0.50000453 0
vt 25.6259785 0.50000447 0
vt 25.5009823 0.500011027 0
vt 10.0009775 6.55651093e-06 0
vt 10.0009766 0.12500596 0
vt 0.375006378 0.500003636 0
vt 0.250005603 0.499999762 0
vt 0.124995463 0.500004828 0
vt 1.17767115e-06 0.500007987 0
vt 9.5 0.500005245 0
vt 9.37500572 0.500008404 0
vt 9.24999809 0.500003159 0
vt 9.12499809 0.499998331 0
vt 9.12500095 0.375008285 0
vt 8.99999523 0.500004828 0
vt 9 0.375004351 0
vt 8.875 0.500007987 0
vt 8.87499905 0.374999523 0
vt 8.75 0.500004172 0
vt 8.62500191 0.625004113 0
vt 8.50000095 0.624999285 0
vt 8.37499905 0.625005722 0
vt 8.24999714 0.62500751 0
vt 8.12499619 0.625003576 0
vt 8.00000095 0.625006795 0
vt 7.87500095 0.625002861 0
vt 7.74999952 0.625004768 0
vt 7.62500525 0.625007927 0
vt 7.49999666 0.625007331 0
vt 7.37500286 0.625005841 0
vt 7.2499938 0.625004351 0
vt 7.12499952 0.62500751 0
vt 6.99999857 0.625003636 0
vt 6.87499714 0.625005424 0
vt 6.75000286 0.625008583 0
vt 6.62500238 0.625004709 0
vt 6.50000191 0.625000834 0
vt 6.37499905 0.625007391 0
vt 6.24999714 0.62500912 0
vt 6.12499666 0.625004292 0
vt 6.00000238 0.625007451 0
vt 5.87499428 0.625002205 0
vt 5.75000048 0.625005364 0
vt 5.62499094 0.625004828 0
vt 5.50000525 0.62500459 0
vt 5.37499523 0.625009716 0
vt 5.24999475 0.625005901 0
vt 5.125 0.625009 0
vt 4.99999809 0.625010788 0
vt 4.87499809 0.62500602 0
vt 4.74998856 0.625005424 0
vt 4.62500286 0.625005305 0
vt 4.50000238 0.625001431 0
vt 4.37500715 0.625010192 0
vt 4.24999762 0.625009716 0
vt 4.12499714 0.625005841 0
vt 3.99999571 0.62500757 0
vt 3.87499499 0.625002742 0
vt 3.75000072 0.625005901 0
vt 3.625 0.625002086 0
vt 3.49999094 0.62500149 0
vt 3.37499571 0.625010312 0
vt 3.25000334 0.625003099 0
vt 3.12500167 0.625004888 0
vt 2.99999261 0.625004411 0
vt 12.7509766 0.125000954 0
vt 12.7509775 1.07288361e-06 0
vt 22.8759785 0.625014722 0
vt 22.7509766 0.625014603 0
vt 22.6259804 0.625013471 0
vt 22.5009804 0.625012934 0
vt 22.3759766 0.625012755 0
vt 22.2509766 0.625012219 0
vt 22.1259766 0.625011623 0
vt 22.0009766 0.625010967 0
vt 21.8759727 0.625010848 0
vt 21.7509766 0.625009775 0
vt 21.6259727 0.625009656 0
vt 21.5009766 0.625016153 0
vt 21.3759766 0.625007987 0
vt 21.2509727 0.625007808 0
vt 21.1259785 0.625014424 0
vt 21.0009747 0.625014305 0
vt 20.8759766 0.625013173 0
vt 20.7509766 0.625012636 0
vt 20.6259727 0.625012457 0
vt 20.5009766 0.625011444 0
vt 20.3759727 0.625011265 0
vt 20.2509727 0.625018299 0
vt 20.1259727 0.625017643 0
vt 20.0009651 0.625010431 0
vt 19.8759727 0.625008941 0
vt 19.7509727 0.625008225 0
vt 19.6259727 0.625007689 0
vt 19.5009727 0.625007033 0
vt 19.3759651 0.625007451 0
vt 19.2509747 0.62501353 0
vt 19.1259747 0.625012875 0
vt 19.0009651 0.625005662 0
vt 18.8759651 0.625005007 0
vt 18.7509747 0.625011086 0
vt 18.625967 0.625003874 0
vt 18.500967 0.625003278 0
vt 18.375967 0.625010252 0
vt 18.250967 0.625002027 0
vt 18.1259747 0.625008047 0
vt 18.000967 0.625008464 0
vt 17.875967 0.625000298 0
vt 17.7509747 0.625006318 0
vt 17.625967 0.625006735 0
vt 17.5009747 0.625005126 0
vt 17.3759747 0.62500453 0
vt 17.250967 0.625004888 0
vt 17.1259747 0.625003338 0
vt 17.0009747 0.625002801 0
vt 16.8759766 0.625009775 0
vt 16.7509766 0.625009179 0
vt 16.6259747 0.625000954 0
vt 16.5009766 0.625007927 0
vt 16.3759766 0.625007391 0
vt 16.2509766 0.625006735 0
vt 16.1259766 0.625006139 0
vt 16.0009766 0.625005543 0
vt 15.8759775 0.625004947 0
vt 15.7509775 0.625004351 0
vt 15.6259785 0.625011325 0
vt 15.5009775 0.625003159 0
vt 15.3759775 0.625002503 0
vt 15.2509785 0.625009537 0
vt 15.1259775 0.625001371 0
vt 15.0009861 0.625007391 0
vt 14.8759794 0.625007808 0
vt 14.7509785 0.624999523 0
vt 14.6259871 0.625005543 0
vt 14.5009785 0.62500596 0
vt 14.3759861 0.625004411 0
vt 14.2509861 0.625003815 0
vt 14.1259794 0.625004232 0
vt 14.0009871 0.625002623 0
vt 13.8759871 0.625002027 0
vt 13.750988 0.62500906 0
vt 13.6259871 0.625000775 0
vt 13.5009871 0.625000238 0
vt 13.375988 0.625007212 0
vt 25.8759823 0.625005126 0
vt 25.750988 0.625011683 0
vt 25.6259842 0.625011563 0
vt 25.500988 0.62501049 0
vt 10.1259766 5.84125519e-06 0
vt 10.1259775 0.12500596 0
vt 0.375001729 0.625004172 0
vt 0.250000954 0.625000298 0
vt 0.125005633 0.625009179 0
vt 4.89193417e-06 0.625005245 0
vt 9.50000381 0.625002503 0
vt 9.37499523 0.625001967 0
vt 9.25000191 0.625000358 0
vt 9.12499905 0.625006795 0
vt 8.99999809 0.62500298 0
vt 8.87500381 0.62500608 0
vt 8.75000191 0.625007987 0
vt 8.62499714 0.75000459 0
vt 8.50000286 0.750007808 0
vt 8.37500286 0.750003934 0
vt 8.25000095 0.750005722 0
vt 8.12499142 0.750005186 0
vt 8.00000477 0.750005007 0
vt 7.87499523 0.750010133 0
vt 7.74999428 0.750006199 0
vt 7.625 0.750009418 0
vt 7.5 0.75000453 0
vt 7.37499809 0.750006437 0
vt 7.24999762 0.750002563 0
vt 7.12500334 0.750005662 0
vt 7.00000048 0.750012159 0
vt 6.87500048 0.750003576 0
vt 6.74999142 0.75000298 0
vt 6.62499762 0.750006139 0
vt 6.50000286 0.750009358 0
vt 6.37499523 0.750003159 0
vt 6.25000095 0.750006318 0
vt 6.125 0.750002444 0
vt 5.99999762 0.750008941 0
vt 5.87499714 0.750005066 0
vt 5.74999523 0.750006795 0
vt 5.62500095 0.750010014 0
vt 5.5 0.750006139 0
vt 5.37499857 0.750007868 0
vt 5.24999762 0.750003099 0
vt 5.12499523 0.750009537 0
vt 4.99999332 0.750011325 0
vt 4.87500143 0.750004113 0
vt 4.75000048 0.750000298 0
vt 4.62499666 0.750012398 0
vt 4.49999619 0.750008583 0
vt 4.37499523 0.750004709 0
vt 4.25000095 0.750007808 0
vt 4.12500095 0.75000304 0
vt 3.99999881 0.750004828 0
vt 3.87498999 0.750004232 0
vt 3.74998927 0.750000417 0
vt 3.62499404 0.750009179 0
vt 3.50000167 0.750001907 0
vt 3.37499905 0.750008464 0
vt 3.24999833 0.75000459 0
vt 3.12499642 0.750006378 0
vt 2.99999523 0.750006258 0
vt 22.8759785 0.750014484 0
vt 22.7509785 0.750013888 0
vt 22.6259785 0.750013471 0
vt 22.5009747 0.750013292 0
vt 22.3759785 0.750012279 0
vt 22.2509785 0.750011623 0
vt 22.1259804 0.750018656 0
vt 22.0009785 0.750010371 0
vt 21.8759747 0.750010371 0
vt 21.7509785 0.750016868 0
vt 21.6259708 0.750009596 0
vt 21.5009747 0.750008523 0
vt 21.3759708 0.750008404 0
vt 21.2509708 0.750007868 0
vt 21.1259766 0.750014365 0
vt 21.0009708 0.750006616 0
vt 20.8759766 0.750013113 0
vt 20.7509727 0.750013053 0
vt 20.6259727 0.750012457 0
vt 20.5009766 0.750011325 0
vt 20.3759727 0.750011265 0
vt 20.2509747 0.750018299 0
vt 20.1259727 0.750010073 0
vt 20.0009727 0.750009418 0
vt 19.8759747 0.750016451 0
vt 19.7509727 0.750008166 0
vt 19.6259747 0.750015199 0
vt 19.5009727 0.750006974 0
vt 19.3759747 0.750014007 0
vt 19.2509727 0.750005782 0
vt 19.1259651 0.750006139 0
vt 19.0009747 0.750012219 0
vt 18.8759747 0.750003994 0
vt 18.7509747 0.750011027 0
vt 18.6259747 0.750010431 0
vt 18.5009747 0.750009835 0
vt 18.3759747 0.750009239 0
vt 18.2509747 0.750008643 0
vt 18.1259766 0.750015676 0
vt 18.0009747 0.750007451 0
vt 17.8759747 0.750006795 0
vt 17.7509766 0.750013828 0
vt 17.6259747 0.750005722 0
vt 17.5009766 0.750012696 0
vt 17.3759766 0.7500121 0
vt 17.2509747 0.750003874 0
vt 17.1259766 0.750010908 0
vt 17.0009766 0.750010312 0
vt 16.8759766 0.750009656 0
vt 16.7509766 0.75000912 0
vt 16.6259766 0.750008464 0
vt 16.5009766 0.750007927 0
vt 16.3759766 0.750007272 0
vt 16.2509861 0.750013351 0
vt 16.1259766 0.75000608 0
vt 16.0009766 0.750005484 0
vt 15.875968 0.749998271 0
vt 15.750968 0.749997616 0
vt 15.6259756 0.749996126 0
vt 15.500968 0.749996483 0
vt 15.3759766 0.750002503 0
vt 15.2509766 0.750001967 0
vt 15.125968 0.749994695 0
vt 15.0009766 0.750000715 0
vt 14.8759766 0.750000179 0
vt 14.7509766 0.749999523 0
vt 14.6259775 0.749998927 0
vt 14.5009775 0.749998331 0
vt 14.3759775 0.749997735 0
vt 14.2509775 0.749997079 0
vt 14.1259775 0.749996543 0
vt 14.0009775 0.749995887 0
vt 13.8759775 0.749995351 0
vt 13.7509785 0.750002384 0
vt 13.6259775 0.749994099 0
vt 13.5009794 0.750001132 0
vt 13.3759785 0.750000536 0
vt 25.8759823 0.750005007 0
vt 25.7509842 0.75001204 0
vt 25.6259823 0.750003934 0
vt 25.5009842 0.750010788 0
vt 0.374995381 0.750011325 0
vt 0.250003487 0.750004172 0
vt 0.125002727 0.750000179 0
vt 6.22919245e-08 0.750006795 0
vt 9.49999905 0.750003934 0
vt 9.37500477 0.750007153 0
vt 9.24999714 0.750001907 0
vt 9.12500286 0.750005007 0
vt 9.00000858 0.750008166 0
vt 8.87499905 0.750007629 0
vt 8.74999809 0.750002801 0
vt 8.625 0.875002801 0
vt 8.50000572 0.87500596 0
vt 8.37500572 0.875002086 0
vt 8.24999523 0.875007153 0
vt 8.12500191 0.875010371 0
vt 8 0.875005603 0
vt 7.87499857 0.875007391 0
vt 7.75000429 0.87501049 0
vt 7.62500381 0.875006676 0
vt 7.50000286 0.875002742 0
vt 7.37499285 0.875007868 0
vt 7.25000715 0.875007629 0
vt 7.12499809 0.875007153 0
vt 6.99999762 0.875002384 0
vt 6.87499619 0.875004113 0
vt 6.75000191 0.875007272 0
vt 6.62500095 0.875003397 0
vt 6.49999905 0.875005126 0
vt 6.37500477 0.875008345 0
vt 6.24999571 0.875007749 0
vt 6.12499475 0.875003934 0
vt 6.00000095 0.875007033 0
vt 5.87499905 0.875008821 0
vt 5.74999857 0.875004053 0
vt 5.62500429 0.875007212 0
vt 5.49999523 0.875006676 0
vt 5.37500238 0.875005126 0
vt 5.24999952 0.875011563 0
vt 5.12499952 0.87500298 0
vt 4.99999809 0.875003815 0
vt 4.87499666 0.875005603 0
vt 4.75000191 0.875008821 0
vt 4.62499332 0.875007272 0
vt 4.5 0.875005722 0
vt 4.37499905 0.875001907 0
vt 4.25000477 0.875005007 0
vt 4.12499571 0.87500447 0
vt 3.99999499 0.875000596 0
vt 3.875 0.875009418 0
vt 3.74999905 0.875005543 0
vt 3.62499738 0.875007272 0
vt 3.4999969 0.875002503 0
vt 3.37498784 0.875001967 0
vt 3.24999356 0.875005007 0
vt 3.12500024 0.875003457 0
vt 3.0000062 0.875006557 0
vt 22.8759727 0.875007272 0
vt 22.7509785 0.875013828 0
vt 22.6259785 0.875013232 0
vt 22.5009785 0.875012636 0
vt 22.3759785 0.8750121 0
vt 22.2509747 0.87501204 0
vt 22.1259785 0.875010908 0
vt 22.0009747 0.875010729 0
vt 21.8759747 0.875010133 0
vt 21.7509804 0.875016689 0
vt 21.6259747 0.87500906 0
vt 21.5009804 0.875015616 0
vt 21.3759766 0.875015497 0
vt 21.2509766 0.875014842 0
vt 21.1259708 0.875007153 0
vt 21.0009708 0.875006557 0
vt 20.8759727 0.87501359 0
vt 20.7509727 0.875012994 0
vt 20.6259766 0.875011802 0
vt 20.5009727 0.875011802 0
vt 20.3759727 0.875011206 0
vt 20.2509727 0.87501061 0
vt 20.1259727 0.875010014 0
vt 20.0009727 0.875017047 0
vt 19.8759727 0.875008762 0
vt 19.7509727 0.875008166 0
vt 19.6259727 0.87501514 0
vt 19.5009727 0.875014603 0
vt 19.3759727 0.875013947 0
vt 19.2509727 0.875013351 0
vt 19.1259727 0.875012755 0
vt 19.0009727 0.87500459 0
vt 18.8759727 0.875011563 0
vt 18.7509747 0.875018597 0
vt 18.6259727 0.875010371 0
vt 18.5009727 0.875009775 0
vt 18.3759747 0.875016809 0
vt 18.2509747 0.875016212 0
vt 18.1259823 0.875014663 0
vt 18.0009651 0.875000775 0
vt 17.8759747 0.875006795 0
vt 17.750967 0.875007153 0
vt 17.6259651 0.874999046 0
vt 17.500967 0.87500596 0
vt 17.375967 0.875005364 0
vt 17.2509747 0.875003815 0
vt 17.125967 0.875004172 0
vt 17.000967 0.875003576 0
vt 16.8759747 0.875002027 0
vt 16.750967 0.875002444 0
vt 16.6259747 0.875008464 0
vt 16.5009747 0.875000298 0
vt 16.375967 0.875000656 0
vt 16.2509747 0.875006676 0
vt 16.1259747 0.87499845 0
vt 16.0009747 0.875005484 0
vt 15.8759766 0.875004828 0
vt 15.7509756 0.874996603 0
vt 15.6259756 0.875003695 0
vt 15.5009756 0.87500304 0
vt 15.3759756 0.875002444 0
vt 15.2509766 0.875001907 0
vt 15.1259766 0.875001252 0
vt 15.0009766 0.875000715 0
vt 14.8759766 0.87500006 0
vt 14.7509851 0.87500608 0
vt 14.6259766 0.874998868 0
vt 14.5009766 0.874998212 0
vt 14.3759851 0.875004292 0
vt 14.2509766 0.87499702 0
vt 14.1259851 0.875003099 0
vt 14.0009861 0.875002503 0
vt 13.8759775 0.875002921 0
vt 13.7509851 0.875001311 0
vt 13.6259851 0.875000715 0
vt 13.5009861 0.875000119 0
vt 13.3759861 0.874999523 0
vt 25.8759861 0.8750121 0
vt 25.7509804 0.875004292 0
vt 25.6259804 0.875003934 0
vt 25.5009823 0.875010848 0
vt 0.375008345 0.875000477 0
vt 0.249998167 0.875005603 0
vt 0.124997608 0.875000715 0
vt 3.78653817e-06 0.875003994 0
vt 9.50000286 0.875002086 0
vt 9.37500095 0.875003815 0
vt 9.24999809 0.875010312 0
vt 9.12500668 0.875002265 0
vt 8.99999714 0.875001669 0
vt 8.87500286 0.875004828 0
vt 8.75000095 0.875006676 0
vt 8.62500381 1.00000095 0
vt 8.50000095 1.00000751 0
vt 8.375 1.00000918 0
vt 8.24999905 1.00000441 0
vt 8.12500381 1.00000763 0
vt 7.99999475 1.00001264 0
vt 7.87500238 1.00000548 0
vt 7.74999332 1.00000501 0
vt 7.62499905 1.00000811 0
vt 7.49999762 1.00000989 0
vt 7.37499619 1.00000596 0
vt 7.24999619 1.00000119 0
vt 7.12500191 1.00000429 0
vt 6.99999952 1.00000608 0
vt 6.87499094 1.0000056 0
vt 6.75000525 1.00000548 0
vt 6.62500286 1.00001192 0
vt 6.49999428 1.00000668 0
vt 6.3749938 1.00000286 0
vt 6.24999952 1.00000596 0
vt 6.12500477 1.00000906 0
vt 5.99999714 1.00000286 0
vt 5.87499428 1.00000942 0
vt 5.74999332 1.00000548 0
vt 5.62499952 1.00000858 0
vt 5.49999762 1.00001049 0
vt 5.37499714 1.00000656 0
vt 5.24999619 1.00000262 0
vt 5.12500191 1.00000584 0
vt 4.99999189 1.00001097 0
vt 4.87499189 1.0000062 0
vt 4.75000572 1.00000596 0
vt 4.62500525 1.00000215 0
vt 4.49999523 1.00000727 0
vt 4.3749938 1.00000334 0
vt 4.24999332 0.999999523 0
vt 4.12499714 1.00001299 0
vt 3.99999738 1.00000441 0
vt 3.87500334 1.00000739 0
vt 3.74999428 1.00000596 0
vt 3.62499261 1.00000775 0
vt 3.49999189 1.00000381 0
vt 3.3750062 1.0000037 0
vt 3.24999595 1.00000882 0
vt 3.12499523 1.00000489 0
vt 3.00000119 1.00000811 0
vt 22.8759766 1.00001442 0
vt 22.7509766 1.00001383 0
vt 22.6259708 1.00000608 0
vt 22.5009766 1.00001264 0
vt 22.3759766 1.00001204 0
vt 22.2509727 1.00001192 0
vt 22.1259766 1.00001073 0
vt 22.0009727 1.00001073 0
vt 21.8759785 1.00001717 0
vt 21.7509727 1.00000954 0
vt 21.6259727 1.00000882 0
vt 21.5009747 1.00001597 0
vt 21.3759747 1.00001526 0
vt 21.2509785 1.00001419 0
vt 21.1259747 1.00001407 0
vt 21.0009747 1.00001347 0
vt 20.8759747 1.00001287 0
vt 20.7509747 1.0000124 0
vt 20.6259708 1.00001228 0
vt 20.5009708 1.00001168 0
vt 20.3759708 1.00001121 0
vt 20.2509708 1.00001049 0
vt 20.1259708 1.00000989 0
vt 20.0009708 1.0000093 0
vt 19.8759708 1.0000087 0
vt 19.7509727 1.00001574 0
vt 19.6259727 1.00001514 0
vt 19.5009727 1.00000691 0
vt 19.3759727 1.00001395 0
vt 19.2509727 1.00001323 0
vt 19.1259727 1.00001276 0
vt 19.0009727 1.00001216 0
vt 18.8759727 1.00001156 0
vt 18.7509727 1.00001097 0
vt 18.6259651 1.0000037 0
vt 18.5009727 1.00000978 0
vt 18.3759747 1.00000918 0
vt 18.2509651 1.00000191 0
vt 18.1259747 1.00000799 0
vt 18.0009747 1.00000739 0
vt 17.8759747 1.00000679 0
vt 17.7509747 1.0000062 0
vt 17.6259747 1.0000056 0
vt 17.5009747 1.00000501 0
vt 17.3759747 1.00000429 0
vt 17.2509747 1.00001144 0
vt 17.1259747 1.00001085 0
vt 17.0009747 1.00000262 0
vt 16.8759747 1.00000954 0
vt 16.7509747 1.00000906 0
vt 16.6259747 1.00000834 0
vt 16.5009747 1.00000775 0
vt 16.3759766 1.00000715 0
vt 16.2509766 1.00000668 0
vt 16.1259766 1.00000596 0
vt 16.0009842 1.00001204 0
vt 15.8759747 1.00000477 0
vt 15.7509756 1.00000417 0
vt 15.6259842 1.00001025 0
vt 15.5009756 1.00000298 0
vt 15.3759842 1.00000906 0
vt 15.2509842 1.00000846 0
vt 15.1259756 1.00000119 0
vt 15.0009842 1.00000715 0
vt 14.8759842 1.00000668 0
vt 14.7509842 1.00000596 0
vt 14.6259842 1.00000548 0
vt 14.5009842 1.00000489 0
vt 14.3759756 0.999997616 0
vt 14.2509747 0.99998945 0
vt 14.1259756 0.999996424 0
vt 14.0009766 0.999995828 0
vt 13.8759766 0.999995232 0
vt 13.7509766 0.999994636 0
vt 13.6259766 0.99999404 0
vt 13.5009766 0.999993443 0
vt 13.3759766 0.999992847 0
vt 25.8759899 1.00001156 0
vt 25.7509804 1.00000453 0
vt 25.6259823 1.00001144 0
vt 25.5009823 1.00001073 0
vt 0.375003695 1.00000095 0
vt 0.249993518 1.00000608 0
vt 0.125007614 1.00000596 0
vt 6.8485765e-06 1.00000215 0
vt 9.50000381 1.00001073 0
vt 9.37500381 1.00000584 0
vt 9.24999523 1.0000006 0
vt 9.12500095 1.00000381 0
vt 9.00000572 1.00000691 0
vt 8.87499809 1.00000167 0
vt 8.74999523 1.00000811 0
vt 8.62500572 1.12500858 0
vt 8.50000477 1.12500465 0
vt 8.37500381 1.12500644 0
vt 8.25000954 1.12500954 0
vt 8.12499905 1.12500906 0
vt 7.99999905 1.12500513 0
vt 7.87499714 1.12500691 0
vt 7.75000286 1.12501001 0
vt 7.62500238 1.12500525 0
vt 7.50000095 1.12500715 0
vt 7.375 1.12500322 0
vt 7.24999762 1.12500978 0
vt 7.12500477 1.1250025 0
vt 6.99999475 1.12500763 0
vt 6.87500048 1.12501073 0
vt 6.75 1.12500691 0
vt 6.62499952 1.12500203 0
vt 6.49999762 1.12500381 0
vt 6.37500381 1.12500691 0
vt 6.25000286 1.1250031 0
vt 6.125 1.12500966 0
vt 5.99999952 1.12500572 0
vt 5.87499809 1.12500751 0
vt 5.75000381 1.12501073 0
vt 5.62500286 1.12500679 0
vt 5.49999523 1.1250006 0
vt 5.37499237 1.12500715 0
vt 5.24999762 1.12501025 0
vt 5.12499714 1.12500632 0
vt 5.00000429 1.12500489 0
vt 4.87500143 1.12501132 0
vt 4.75000048 1.12500751 0
vt 4.625 1.12500358 0
vt 4.49998999 1.12500858 0
vt 4.37500381 1.12500846 0
vt 4.25000334 1.12500358 0
vt 4.12500191 1.12500536 0
vt 3.99999261 1.12500477 0
vt 3.87499833 1.12500799 0
vt 3.74999785 1.12500405 0
vt 3.62499595 1.12500596 0
vt 3.50000191 1.12500906 0
vt 3.37500119 1.12500513 0
vt 3.24999857 1.12501168 0
vt 3.12499046 1.12500548 0
vt 2.99999809 1.12499833 0
vt 22.8759766 1.12501442 0
vt 22.7509804 1.12501323 0
vt 22.6259766 1.12501311 0
vt 22.5009823 1.12501967 0
vt 22.3759766 1.12501192 0
vt 22.2509766 1.12501132 0
vt 22.1259727 1.12501121 0
vt 22.0009727 1.12501073 0
vt 21.8759766 1.12500954 0
vt 21.7509727 1.12500942 0
vt 21.6259785 1.12501597 0
vt 21.5009747 1.12501585 0
vt 21.3759727 1.12500763 0
vt 21.2509747 1.12501466 0
vt 21.1259747 1.12501407 0
vt 21.0009785 1.12501299 0
vt 20.8759747 1.12501287 0
vt 20.7509747 1.12501228 0
vt 20.6259747 1.12501168 0
vt 20.5009747 1.12501109 0
vt 20.3759804 1.12501752 0
vt 20.2509804 1.12501705 0
vt 20.1259708 1.12500978 0
vt 20.0009727 1.12500918 0
vt 19.8759727 1.12500858 0
vt 19.7509727 1.1250155 0
vt 19.6259727 1.12500751 0
vt 19.5009727 1.12500691 0
vt 19.3759727 1.12501383 0
vt 19.2509727 1.1250056 0
vt 19.1259727 1.12501264 0
vt 19.0009727 1.12501216 0
vt 18.8759727 1.12501144 0
vt 18.7509727 1.12501097 0
vt 18.6259727 1.12501025 0
vt 18.5009727 1.12501729 0
vt 18.3759727 1.12500906 0
vt 18.2509727 1.12500846 0
vt 18.1259727 1.1250155 0
vt 18.0009727 1.12500727 0
vt 17.8759727 1.12501431 0
vt 17.7509727 1.12501371 0
vt 17.6259727 1.12500548 0
vt 17.5009727 1.12501252 0
vt 17.3759727 1.12501192 0
vt 17.2509804 1.12501037 0
vt 17.1259632 1.12499642 0
vt 17.0009727 1.1250025 0
vt 16.8759651 1.12500286 0
vt 16.7509651 1.12500226 0
vt 16.6259727 1.12500072 0
vt 16.5009651 1.12500107 0
vt 16.3759727 1.12499952 0
vt 16.2509727 1.12499893 0
vt 16.1259651 1.12499928 0
vt 16.0009727 1.12499774 0
vt 15.8759747 1.12499714 0
vt 15.7509747 1.12500417 0
vt 15.6259747 1.12500346 0
vt 15.5009747 1.12499535 0
vt 15.3759747 1.12500238 0
vt 15.2509747 1.12500179 0
vt 15.1259747 1.12500119 0
vt 15.0009747 1.1250006 0
vt 14.8759747 1.125 0
vt 14.7509747 1.1249994 0
vt 14.6259747 1.12499881 0
vt 14.5009756 1.12499821 0
vt 14.3759756 1.12499762 0
vt 14.2509756 1.1249969 0
vt 14.1259766 1.12500393 0
vt 14.0009756 1.12499571 0
vt 13.8759842 1.12500179 0
vt 13.7509842 1.12500119 0
vt 13.6259756 1.12499392 0
vt 13.5009842 1.125 0
vt 13.3759851 1.1249994 0
vt 25.8759842 1.12501216 0
vt 25.7509842 1.12501144 0
vt 25.6259842 1.12501073 0
vt 25.5009842 1.12501013 0
vt 0.375006169 1.12500489 0
vt 0.250005424 1.12500095 0
vt 0.125002787 1.12500751 0
vt 2.04006415e-06 1.12500358 0
vt 9.50000095 1.12500095 0
vt 9.375 1.12500262 0
vt 9.25000572 1.12500572 0
vt 9.12499619 1.12500525 0
vt 9.00000191 1.1250037 0
vt 8.87500095 1.12500358 0
vt 8.74999905 1.12500536 0
vt 8.625 1.25001001 0
vt 8.50000095 1.25000143 0
vt 8.37499809 1.25000787 0
vt 8.24999714 1.25000405 0
vt 8.12500286 1.25000727 0
vt 8.00000095 1.25000894 0
vt 7.87499237 1.25000751 0
vt 7.75000668 1.25000727 0
vt 7.62499762 1.25000679 0
vt 7.49999523 1.25000858 0
vt 7.37499475 1.25000465 0
vt 7.25000048 1.25000787 0
vt 7.12499952 1.25000966 0
vt 6.99999857 1.25000584 0
vt 6.87499809 1.25000095 0
vt 6.74999571 1.25000739 0
vt 6.62500191 1.25000584 0
vt 6.49999285 1.25000536 0
vt 6.37499857 1.25000846 0
vt 6.24999762 1.25000465 0
vt 6.12499619 1.25000644 0
vt 6.00000191 1.25000954 0
vt 5.87500143 1.25000572 0
vt 5.74999905 1.25001216 0
vt 5.62499809 1.25000739 0
vt 5.49999666 1.25000906 0
vt 5.37500381 1.25000191 0
vt 5.25000143 1.25000834 0
vt 5.12499952 1.25001013 0
vt 4.99999905 1.2500062 0
vt 4.87498999 1.25000572 0
vt 4.74999571 1.25000882 0
vt 4.62500238 1.25000727 0
vt 4.50000143 1.2500025 0
vt 4.37499285 1.25000191 0
vt 4.24999857 1.25000501 0
vt 4.12499714 1.25000679 0
vt 3.99998784 1.25000632 0
vt 3.87500191 1.2500062 0
vt 3.75000024 1.25000787 0
vt 3.62499952 1.25000405 0
vt 3.4999969 1.25001049 0
vt 3.37499619 1.25000572 0
vt 3.25000405 1.24999857 0
vt 3.12500024 1.25001061 0
vt 2.99999952 1.25000679 0
vt 22.8759785 1.25001383 0
vt 22.7509747 1.25001359 0
vt 22.6259747 1.25001323 0
vt 22.5009785 1.25001204 0
vt 22.3759747 1.25001192 0
vt 22.2509804 1.25001848 0
vt 22.1259766 1.25001836 0
vt 22.0009747 1.25001013 0
vt 21.8759766 1.25001705 0
vt 21.7509766 1.25001657 0
vt 21.6259727 1.25000882 0
vt 21.5009727 1.25000811 0
vt 21.3759689 1.25000811 0
vt 21.2509727 1.25001454 0
vt 21.1259727 1.25000644 0
vt 21.0009727 1.25001335 0
vt 20.8759727 1.25001287 0
vt 20.7509689 1.25001276 0
vt 20.6259727 1.25001156 0
vt 20.5009747 1.25001097 0
vt 20.3759785 1.25001752 0
vt 20.2509708 1.25001037 0
vt 20.1259708 1.25000978 0
vt 20.0009785 1.25001574 0
vt 19.8759708 1.25001609 0
vt 19.7509785 1.25001454 0
vt 19.6259708 1.25000727 0
vt 19.5009708 1.25001431 0
vt 19.3759708 1.25000608 0
vt 19.2509708 1.25000548 0
vt 19.1259727 1.25001252 0
vt 19.0009727 1.25001192 0
vt 18.8759727 1.25001132 0
vt 18.7509727 1.25001073 0
vt 18.6259727 1.25001025 0
vt 18.5009708 1.25000203 0
vt 18.3759632 1.25000238 0
vt 18.2509727 1.25000846 0
vt 18.1259727 1.25000787 0
vt 18.0009632 1.2500006 0
vt 17.8759727 1.25000668 0
vt 17.7509727 1.25000608 0
vt 17.6259727 1.25000548 0
vt 17.5009727 1.25000489 0
vt 17.3759651 1.25000525 0
vt 17.2509727 1.2500037 0
vt 17.1259727 1.2500031 0
vt 17.0009747 1.25001013 0
vt 16.8759727 1.25000191 0
vt 16.7509727 1.25000131 0
vt 16.6259747 1.25000834 0
vt 16.5009727 1.25000012 0
vt 16.3759747 1.25000715 0
vt 16.2509747 1.25000656 0
vt 16.1259727 1.24999833 0
vt 16.0009747 1.25000536 0
vt 15.8759747 1.25000465 0
vt 15.7509747 1.25000405 0
vt 15.6259747 1.25000346 0
vt 15.5009737 1.25000286 0
vt 15.3759813 1.25000131 0
vt 15.2509737 1.25000167 0
vt 15.1259832 1.25000775 0
vt 15.0009823 1.24999952 0
vt 14.8759747 1.24999988 0
vt 14.7509832 1.25000596 0
vt 14.6259823 1.24999774 0
vt 14.5009832 1.25000477 0
vt 14.3759832 1.25000417 0
vt 14.2509832 1.25000358 0
vt 14.1259832 1.25000286 0
vt 14.0009832 1.25000238 0
vt 13.8759832 1.25000179 0
vt 13.7509832 1.25000119 0
vt 13.6259832 1.2500006 0
vt 13.5009832 1.25 0
vt 13.3759832 1.2499994 0
vt 25.8759842 1.25001204 0
vt 25.7509842 1.25000381 0
vt 25.6259842 1.25001073 0
vt 25.5009842 1.25001025 0
vt 0.375000894 1.25000632 0
vt 0.250000149 1.25000238 0
vt 0.124997504 1.25000882 0
vt 5.74258502e-06 1.25000083 0
vt 9.50000286 1.2500093 0
vt 9.37499428 1.25000405 0
vt 9.25 1.25000727 0
vt 9.12499905 1.2500025 0
vt 8.99999809 1.25000429 0
vt 8.87500381 1.25000739 0
vt 8.75000286 1.25000346 0
vt 12.6259766 0.125001073 0
vt 12.6259775 1.1920929e-06 0
vt 23.0009785 0.625015259 0
vt 23.0009785 0.75001514 0
vt 23.0009766 0.875007451 0
vt 23.0009804 1.00001454 0
vt 23.0009804 1.12501454 0
vt 23.0009747 1.2500149 0
vt 2.87499785 1.25000846 0
vt 2.87500286 1.12500715 0
vt 2.87499189 1.00000751 0
vt 2.8749969 0.87500602 0
vt 2.87500191 0.750004709 0
vt 2.87499809 0.62500751 0
vt 12.5009766 0.125001192 0
vt 12.5009775 1.66893005e-06 0
vt 23.1259785 0.625008345 0
vt 23.1259766 0.750008106 0
vt 23.1259785 0.875015616 0
vt 23.1259804 1.00001514 0
vt 23.1259804 1.12501502 0
vt 23.1259785 1.2500149 0
vt 2.74999619 1.25000954 0
vt 2.75000119 1.12500799 0
vt 2.74999976 0.999999404 0
vt 2.75000286 0.875009179 0
vt 2.75000024 0.750006497 0
vt 2.74999785 0.625002682 0
vt 12.3759766 0.125001788 0
vt 12.3759766 1.31130219e-06 0
vt 23.2509804 0.625016451 0
vt 23.2509766 0.750008702 0
vt 23.2509766 0.875008643 0
vt 23.2509804 1.00001574 0
vt 23.2509747 1.12500858 0
vt 23.2509766 1.25000846 0
vt 2.62499642 1.25000083 0
vt 2.62499952 1.12500966 0
vt 2.62500429 1.00000918 0
vt 2.62499452 0.875003934 0
vt 2.62499952 0.750002623 0
vt 2.62499619 0.62500453 0
vt 12.2509775 0.125001907 0
vt 12.2509775 1.90734863e-06 0
vt 23.3759785 0.625009418 0
vt 23.3759804 0.750016451 0
vt 23.3759766 0.875009179 0
vt 23.3759804 1.00001633 0
vt 23.3759804 1.12501633 0
vt 23.3759804 1.2500087 0
vt 2.50000238 1.25000405 0
vt 2.49999881 1.12500584 0
vt 2.50000381 1.00000429 0
vt 2.49999404 0.874999225 0
vt 2.4999969 0.750009 0
vt 2.50000191 0.625007629 0
vt 12.1259775 0.125002503 0
vt 12.1259766 1.90734863e-06 0
vt 23.5009785 0.625010073 0
vt 23.5009766 0.750009894 0
vt 23.5009766 0.875009775 0
vt 23.5009785 1.0000093 0
vt 23.5009747 1.12500966 0
vt 23.5009785 1.25001693 0
vt 2.37500191 1.24999917 0
vt 2.37500668 1.12499869 0
vt 2.37500119 1.00001085 0
vt 2.37500596 0.875010252 0
vt 2.37499619 0.750005126 0
vt 2.37500119 0.625003755 0
vt 12.0009775 0.125002027 0
vt 12.0009766 2.02655792e-06 0
vt 23.6259823 0.625010192 0
vt 23.6259766 0.75001055 0
vt 23.6259823 0.875017643 0
vt 23.6259785 1.00000989 0
vt 23.6259785 1.12500989 0
vt 23.6259785 1.25000978 0
vt 2.24999785 1.25001216 0
vt 2.24999666 1.1250037 0
vt 2.25000048 1.00000691 0
vt 2.24999809 0.875004053 0
vt 2.24999547 0.750001252 0
vt 2.25000691 0.625006855 0
vt 11.8759775 0.125002623 0
vt 11.8759766 2.62260437e-06 0
vt 23.7509785 0.625011146 0
vt 23.7509747 0.750003457 0
vt 23.7509804 0.87501061 0
vt 23.7509842 1.00001764 0
vt 23.7509785 1.12501049 0
vt 23.7509785 1.25001037 0
vt 2.12499714 1.25000739 0
vt 2.12499595 1.12499893 0
vt 2.12500072 0.99999845 0
vt 2.12500381 0.875007272 0
vt 2.12500024 0.750010073 0
vt 2.12499785 0.625006378 0
vt 11.7509766 0.125002742 0
vt 11.7509766 3.21865082e-06 0
vt 23.8759823 0.625011265 0
vt 23.8759766 0.750011623 0
vt 23.8759804 0.875011206 0
vt 23.8759785 1.00001097 0
vt 23.8759785 1.12501097 0
vt 23.8759747 1.25001156 0
vt 2.00000525 1.25000012 0
vt 2.00000787 1.12501001 0
vt 1.99999809 1.00000477 0
vt 1.99999452 0.875006676 0
vt 1.99999952 0.750006199 0
vt 1.99999714 0.625002503 0
vt 11.6259775 0.125003338 0
vt 11.6259766 2.86102295e-06 0
vt 24.0009766 0.625004768 0
vt 24.0009804 0.750011742 0
vt 24.0009842 0.875011325 0
vt 24.0009785 1.00001168 0
vt 24.0009785 1.12501156 0
vt 24.0009785 1.25001156 0
vt 1.8750025 1.25000668 0
vt 1.87499893 1.12500858 0
vt 1.87499738 1.00000095 0
vt 1.87499404 0.875002801 0
vt 1.87500525 0.750009298 0
vt 1.87501025 0.625007808 0
vt 11.5009766 0.125002861 0
vt 11.5009766 3.4570694e-06 0
vt 24.1259785 0.625012934 0
vt 24.1259747 0.750005245 0
vt 24.1259804 0.875012279 0
vt 24.1259785 1.0000124 0
vt 24.1259785 1.12500477 0
vt 24.1259785 1.25001216 0
vt 1.74999416 1.25000143 0
vt 1.7499994 1.125 0
vt 1.75000215 1.00000978 0
vt 1.75000048 0.875001311 0
vt 1.74999654 0.750007868 0
vt 1.75000131 0.625007331 0
vt 11.3759775 0.125003576 0
vt 11.3759756 2.86102295e-06 0
vt 24.2509823 0.625013053 0
vt 24.2509785 0.750005364 0
vt 24.2509842 0.875012338 0
vt 24.2509785 1.00001287 0
vt 24.2509785 1.12501287 0
vt 24.2509823 1.2500124 0
vt 1.62499988 1.25000453 0
vt 1.62500525 1.1250031 0
vt 1.62499309 1.0000093 0
vt 1.62499893 0.875002146 0
vt 1.62499583 0.750003994 0
vt 1.62499952 0.62500912 0
vt 11.2509766 0.12500298 0
vt 11.2509766 3.57627869e-06 0
vt 24.3759766 0.625006497 0
vt 24.3759747 0.750006437 0
vt 24.3759785 0.87500596 0
vt 24.3759842 1.00001299 0
vt 24.3759823 1.12501287 0
vt 24.3759861 1.25001228 0
vt 1.49999952 1.25000083 0
vt 1.49999595 1.12500262 0
vt 1.49999249 1.00000453 0
vt 1.50000358 0.875010848 0
vt 1.50000238 0.750002444 0
vt 1.49999893 0.625004292 0
vt 11.1259775 0.125003695 0
vt 11.1259766 4.17232513e-06 0
vt 24.5009804 0.625006676 0
vt 24.5009842 0.750013709 0
vt 24.5009804 0.875014186 0
vt 24.5009785 1.00000656 0
vt 24.5009785 1.12500644 0
vt 24.5009823 1.25001347 0
vt 1.37499774 1.2500025 0
vt 1.37500179 1.12500572 0
vt 1.37500656 1.00000417 0
vt 1.37500334 0.875007153 0
vt 1.37500167 0.749998569 0
vt 1.37498975 0.625003755 0
vt 11.0009775 0.125003695 0
vt 11.0009766 3.81469727e-06 0
vt 24.6259766 0.625007749 0
vt 24.6259785 0.750007212 0
vt 24.6259842 0.875014305 0
vt 24.6259842 1.00001431 0
vt 24.6259804 1.12500668 0
vt 24.6259823 1.25001407 0
vt 1.25000346 1.25000572 0
vt 1.25000095 1.12500191 0
vt 1.24999833 0.999998987 0
vt 1.24999428 0.875005662 0
vt 1.24999797 0.750010729 0
vt 1.25000393 0.625003517 0
vt 10.8759775 0.125004292 0
vt 10.8759766 4.29153442e-06 0
vt 24.7509804 0.625007749 0
vt 24.7509823 0.750007272 0
vt 24.7509785 0.875007689 0
vt 24.7509785 1.00000763 0
vt 24.7509766 1.12500763 0
vt 24.7509823 1.25000703 0
vt 1.12500286 1.25000083 0
vt 1.12499082 1.12500703 0
vt 1.12499571 1.00000548 0
vt 1.12500095 0.875003994 0
vt 1.12499726 0.750006855 0
vt 1.1250031 0.624999642 0
vt 10.7509775 0.125005007 0
vt 10.7509766 4.88758087e-06 0
vt 24.8759804 0.625008404 0
vt 24.8759842 0.750015497 0
vt 24.8759823 0.875007868 0
vt 24.8759823 1.00000787 0
vt 24.8759766 1.12500823 0
vt 24.8759823 1.25000763 0
vt 1.00000024 1.25000739 0
vt 1.00000501 1.12500679 0
vt 0.999995351 1.00000167 0
vt 1.00000024 0.875000179 0
vt 0.999996543 0.75000298 0
vt 1.00000823 0.625008583 0
vt 10.6259766 0.12500453 0
vt 10.6259766 4.529953e-06 0
vt 25.0009804 0.625009 0
vt 25.0009842 0.750008464 0
vt 25.0009785 0.875008941 0
vt 25.0009823 1.00000846 0
vt 25.0009861 1.1250155 0
vt 25.0009861 1.25001538 0
vt 0.874999523 1.25000346 0
vt 0.875004292 1.12500203 0
vt 0.87500006 1.00001049 0
vt 0.875005901 0.875003338 0
vt 0.87500304 0.750001371 0
vt 0.874999106 0.625007987 0
vt 10.5009766 0.12500453 0
vt 10.5009756 4.529953e-06 0
vt 25.1259804 0.625009596 0
vt 25.1259842 0.75000912 0
vt 25.1259823 0.875009 0
vt 25.1259785 1.00000942 0
vt 25.1259842 1.12500834 0
vt 25.1259804 1.2500087 0
vt 0.749997675 1.25000525 0
vt 0.75000304 1.12500381 0
vt 0.750007689 1.00000322 0
vt 0.749996781 0.875002742 0
vt 0.750001609 0.750001252 0
vt 0.749997318 0.625009775 0
vt 10.3759766 0.125005126 0
vt 10.3759766 5.12599945e-06 0
vt 25.2509747 0.625003099 0
vt 25.2509804 0.750010312 0
vt 25.2509823 0.875009656 0
vt 25.2509823 1.00000954 0
vt 25.2509861 1.12501669 0
vt 25.2509842 1.25000894 0
vt 0.625011802 1.25000501 0
vt 0.62499392 1.12500322 0
vt 0.624998569 1.00000274 0
vt 0.625001431 0.875011563 0
vt 0.624999821 0.75000304 0
vt 0.625004947 0.625002563 0
vt 10.2509766 0.125005245 0
vt 10.2509766 5.24520874e-06 0
vt 25.3759842 0.625010371 0
vt 25.3759842 0.750010312 0
vt 25.3759823 0.875010252 0
vt 25.3759785 1.00000298 0
vt 25.3759804 1.12501025 0
vt 25.3759804 1.25001013 0
vt 0.500002682 1.25000453 0
vt 0.499999166 1.12500632 0
vt 0.500004232 1.00000596 0
vt 0.50000906 0.875004292 0
vt 0.499999076 0.749999106 0
vt 0.499995977 0.625001073 0
g 
usemtl /obj/server/texel_density5/uvquickshade1/shop_definition/texture_material
f 1/1 270/2 271/3 2/4
f 2/4 271/3 272/5 3/6
f 3/6 272/5 273/7 4/8
f 4/8 273/7 274/9 5/10
f 5/10 274/9 275/11 6/12
f 6/12 275/11 276/13 7/14
f 7/14 276/13 277/15 8/16
f 8/16 277/15 278/17 9/18
f 9/18 278/17 279/19 10/20
f 10/20 279/19 280/21 11/22
f 11/22 280/21 281/23 12/24
f 12/24 281/23 282/25 13/26
f 13/26 282/25 283/27 14/28
f 14/28 283/27 284/29 15/30
f 15/30 284/29 285/31 16/32
f 16/32 285/31 286/33 17/34
f 17/34 286/33 287/35 18/36
f 18/36 287/35 288/37 19/38
f 19/38 288/37 289/39 20/40
f 20/40 289/39 290/41 21/42
f 21/42 290/41 291/43 22/44
f 22/44 291/43 292/45 23/46
f 23/46 292/45 293/47 24/48
f 24/48 293/47 294/49 25/50
f 25/50 294/49 295/51 26/52
f 26/52 295/51 296/53 27/54
f 27/54 296/53 297/55 28/56
f 28/56 297/55 298/57 29/58
f 29/58 298/57 299/59 30/60
f 30/60 299/59 300/61 31/62
f 31/62 300/61 301/63 33/64
f 33/64 301/63 302/65 32/66
f 32/66 302/65 303/67 35/68
f 35/68 303/67 304/69 36/70
f 36/70 304/69 305/71 37/72
f 37/72 305/71 306/73 38/74
f 38/74 306/73 307/75 40/76
f 40/76 307/75 308/77 42/78
f 42/78 308/77 309/79 53/80
f 53/80 309/79 310/81 52/82
f 52/82 310/81 311/83 51/84
f 51/84 311/83 312/85 50/86
f 50/86 312/85 313/87 49/88
f 49/88 313/87 314/89 48/90
f 48/90 314/89 315/91 47/92
f 47/93 315/94 316/95 58/96
f 58/97 316/98 317/99 59/100
f 59/100 317/99 318/101 60/102
f 60/102 318/101 319/103 61/104
f 61/104 319/103 320/105 62/106
f 62/106 320/105 321/107 63/108
f 63/108 321/107 322/109 64/110
f 64/110 322/109 323/111 66/112
f 66/112 323/111 324/113 68/114
f 68/114 324/113 325/115 70/116
f 70/116 325/115 326/117 72/118
f 72/118 326/117 327/119 74/120
f 74/120 327/119 328/121 76/122
f 76/122 328/121 329/123 78/124
f 78/124 329/123 330/125 80/126
f 80/126 330/125 331/127 82/128
f 82/128 331/127 332/129 84/130
f 84/130 332/129 333/131 86/132
f 86/132 333/131 334/133 88/134
f 88/134 334/133 335/135 90/136
f 90/136 335/135 336/137 92/138
f 92/138 336/137 337/139 94/140
f 94/140 337/139 338/141 96/142
f 96/142 338/141 339/143 98/144
f 98/144 339/143 340/145 100/146
f 100/146 340/145 341/147 102/148
f 102/148 341/147 342/149 133/150
f 133/150 342/149 343/151 132/152
f 132/152 343/151 344/153 131/154
f 131/154 344/153 345/155 130/156
f 130/156 345/155 346/157 129/158
f 129/158 346/157 347/159 128/160
f 128/160 347/159 348/161 127/162
f 127/162 348/161 349/163 126/164
f 126/164 349/163 350/165 125/166
f 125/166 350/165 351/167 124/168
f 124/168 351/167 352/169 123/170
f 123/170 352/169 353/171 122/172
f 122/172 353/171 354/173 121/174
f 121/174 354/173 355/175 120/176
f 120/176 355/175 356/177 119/178
f 119/178 356/177 357/179 118/180
f 118/180 357/179 358/181 117/182
f 117/182 358/181 359/183 116/184
f 116/184 359/183 360/185 115/186
f 115/186 360/185 361/187 114/188
f 114/188 361/187 362/189 113/190
f 113/190 362/189 363/191 112/192
f 112/192 363/191 364/193 111/194
f 111/194 364/193 365/195 110/196
f 110/196 365/195 366/197 109/198
f 109/198 366/197 367/199 108/200
f 108/200 367/199 368/201 107/202
f 107/202 368/201 369/203 106/204
f 106/204 369/203 370/205 105/206
f 105/206 370/205 371/207 104/208
f 104/208 371/207 372/209 103/210
f 103/210 372/209 373/211 101/212
f 101/212 373/211 374/213 99/214
f 99/214 374/213 375/215 97/216
f 97/216 375/215 376/217 95/218
f 95/218 376/217 377/219 93/220
f 93/220 377/219 378/221 91/222
f 91/222 378/221 379/223 89/224
f 89/224 379/223 380/225 87/226
f 87/226 380/225 381/227 85/228
f 85/228 381/227 382/229 83/230
f 83/230 382/229 383/231 81/232
f 81/232 383/231 384/233 79/234
f 79/234 384/233 385/235 77/236
f 77/236 385/235 386/237 75/238
f 75/238 386/237 387/239 73/240
f 73/240 387/239 388/241 71/242
f 71/242 388/241 389/243 69/244
f 69/244 389/243 390/245 67/246
f 67/246 390/245 391/247 65/248
f 65/248 391/247 392/249 54/250
f 54/251 392/252 393/253 55/254
f 55/254 393/253 394/255 56/256
f 56/256 394/255 395/257 57/258
f 57/259 395/260 396/261 46/262
f 46/263 396/264 397/265 45/266
f 45/266 397/265 398/267 44/268
f 44/268 398/267 399/269 43/270
f 43/271 399/272 400/273 41/274
f 41/274 400/273 401/275 39/276
f 34/277 402/278 270/2 1/1
f 270/2 403/279 404/280 271/3
f 271/3 404/280 405/281 272/5
f 272/5 405/281 406/282 273/7
f 273/7 406/282 407/283 274/9
f 274/9 407/283 408/284 275/11
f 275/11 408/284 409/285 276/13
f 276/13 409/285 410/286 277/15
f 277/15 410/286 411/287 278/17
f 278/17 411/287 412/288 279/19
f 279/19 412/288 413/289 280/21
f 280/21 413/289 414/290 281/23
f 281/23 414/290 415/291 282/25
f 282/25 415/291 416/292 283/27
f 283/27 416/292 417/293 284/29
f 284/29 417/293 418/294 285/31
f 285/31 418/294 419/295 286/33
f 286/33 419/295 420/296 287/35
f 287/35 420/296 421/297 288/37
f 288/37 421/297 422/298 289/39
f 289/39 422/298 423/299 290/41
f 290/41 423/299 424/300 291/43
f 291/43 424/300 425/301 292/45
f 292/45 425/301 426/302 293/47
f 293/47 426/302 427/303 294/49
f 294/49 427/303 428/304 295/51
f 295/51 428/304 429/305 296/53
f 296/53 429/305 430/306 297/55
f 297/55 430/306 431/307 298/57
f 298/57 431/307 432/308 299/59
f 299/59 432/308 433/309 300/61
f 300/61 433/309 434/310 301/63
f 301/63 434/310 435/311 302/65
f 302/65 435/311 436/312 303/67
f 303/67 436/312 437/313 304/69
f 304/69 437/313 438/314 305/71
f 305/71 438/314 439/315 306/73
f 306/73 439/315 440/316 307/75
f 307/75 440/316 441/317 308/77
f 308/77 441/317 442/318 309/79
f 309/79 442/318 443/319 310/81
f 310/81 443/319 444/320 311/83
f 311/83 444/320 445/321 312/85
f 312/85 445/321 446/322 313/87
f 313/87 446/322 447/323 314/89
f 314/89 447/323 448/324 315/91
f 315/94 448/325 449/326 316/95
f 316/98 449/327 450/328 317/99
f 317/99 450/328 451/329 318/101
f 318/101 451/329 452/330 319/103
f 319/103 452/330 453/331 320/105
f 320/105 453/331 454/332 321/107
f 321/107 454/332 455/333 322/109
f 322/109 455/333 456/334 323/111
f 323/111 456/334 457/335 324/113
f 324/113 457/335 458/336 325/115
f 325/115 458/336 459/337 326/117
f 326/117 459/337 460/338 327/119
f 327/119 460/338 461/339 328/121
f 328/121 461/339 462/340 329/123
f 329/123 462/340 463/341 330/125
f 330/125 463/341 464/342 331/127
f 331/127 464/342 465/343 332/129
f 332/129 465/343 466/344 333/131
f 333/131 466/344 467/345 334/133
f 334/133 467/345 468/346 335/135
f 335/135 468/346 469/347 336/137
f 336/137 469/347 470/348 337/139
f 337/139 470/348 471/349 338/141
f 338/141 471/349 472/350 339/143
f 339/143 472/350 473/351 340/145
f 340/145 473/351 474/352 341/147
f 341/147 474/352 475/353 342/149
f 342/149 475/353 476/354 343/151
f 343/151 476/354 477/355 344/153
f 344/153 477/355 478/356 345/155
f 345/155 478/356 479/357 346/157
f 346/157 479/357 480/358 347/159
f 347/159 480/358 481/359 348/161
f 348/161 481/359 482/360 349/163
f 349/163 482/360 483/361 350/165
f 350/165 483/361 484/362 351/167
f 351/167 484/362 485/363 352/169
f 352/169 485/363 486/364 353/171
f 353/171 486/364 487/365 354/173
f 354/173 487/365 488/366 355/175
f 355/175 488/366 489/367 356/177
f 356/177 489/367 490/368 357/179
f 357/179 490/368 491/369 358/181
f 358/181 491/369 492/370 359/183
f 359/183 492/370 493/371 360/185
f 360/185 493/371 494/372 361/187
f 361/187 494/372 495/373 362/189
f 362/189 495/373 496/374 363/191
f 363/191 496/374 497/375 364/193
f 364/193 497/375 498/376 365/195
f 365/195 498/376 499/377 366/197
f 366/197 499/377 500/378 367/199
f 367/199 500/378 501/379 368/201
f 368/201 501/379 502/380 369/203
f 369/203 502/380 503/381 370/205
f 370/205 503/381 504/382 371/207
f 371/207 504/382 505/383 372/209
f 372/209 505/383 506/384 373/211
f 373/211 506/384 507/385 374/213
f 374/213 507/385 508/386 375/215
f 375/215 508/386 509/387 376/217
f 376/217 509/387 510/388 377/219
f 377/219 510/388 511/389 378/221
f 378/221 511/389 512/390 379/223
f 379/223 512/390 513/391 380/225
f 380/225 513/391 514/392 381/227
f 381/227 514/392 515/393 382/229
f 382/229 515/393 516/394 383/231
f 383/231 516/394 517/395 384/233
f 384/233 517/395 518/396 385/235
f 385/235 518/396 519/397 386/237
f 386/237 519/397 520/398 387/239
f 387/239 520/398 521/399 388/241
f 388/241 521/399 522/400 389/243
f 389/243 522/400 523/401 390/245
f 390/245 523/401 524/402 391/247
f 391/247 524/402 525/403 392/249
f 392/252 525/404 526/405 393/253
f 393/253 526/405 527/406 394/255
f 394/255 527/406 528/407 395/257
f 395/260 528/408 529/409 396/261
f 396/264 529/410 530/411 397/265
f 397/265 530/411 531/412 398/267
f 398/267 531/412 532/413 399/269
f 399/272 532/414 533/415 400/273
f 400/273 533/415 534/416 401/275
f 402/278 535/417 403/279 270/2
f 403/279 536/418 537/419 404/280
f 404/280 537/419 538/420 405/281
f 405/281 538/420 539/421 406/282
f 406/282 539/421 540/422 407/283
f 407/283 540/422 541/423 408/284
f 408/284 541/423 542/424 409/285
f 409/285 542/424 543/425 410/286
f 410/286 543/425 544/426 411/287
f 411/287 544/426 545/427 412/288
f 412/288 545/427 546/428 413/289
f 413/289 546/428 547/429 414/290
f 414/290 547/429 548/430 415/291
f 415/291 548/430 549/431 416/292
f 416/292 549/431 550/432 417/293
f 417/293 550/432 551/433 418/294
f 418/294 551/433 552/434 419/295
f 419/295 552/434 553/435 420/296
f 420/296 553/435 554/436 421/297
f 421/297 554/436 555/437 422/298
f 422/298 555/437 556/438 423/299
f 423/299 556/438 557/439 424/300
f 424/300 557/439 558/440 425/301
f 425/301 558/440 559/441 426/302
f 426/302 559/441 560/442 427/303
f 427/303 560/442 561/443 428/304
f 428/304 561/443 562/444 429/305
f 429/305 562/444 563/445 430/306
f 430/306 563/445 564/446 431/307
f 431/307 564/446 565/447 432/308
f 432/308 565/447 566/448 433/309
f 433/309 566/448 567/449 434/310
f 434/310 567/449 568/450 435/311
f 435/311 568/450 569/451 436/312
f 436/312 569/451 570/452 437/313
f 437/313 570/452 571/453 438/314
f 438/314 571/453 572/454 439/315
f 439/315 572/454 573/455 440/316
f 440/316 573/455 574/456 441/317
f 441/317 574/456 575/457 442/318
f 442/318 575/457 576/458 443/319
f 443/319 576/458 577/459 444/320
f 444/320 577/459 578/460 445/321
f 445/321 578/460 579/461 446/322
f 446/322 579/461 580/462 447/323
f 447/323 580/462 581/463 448/324
f 448/325 581/464 582/465 449/326
f 449/327 582/466 583/467 450/328
f 450/328 583/467 584/468 451/329
f 451/329 584/468 585/469 452/330
f 452/330 585/469 586/470 453/331
f 453/331 586/470 587/471 454/332
f 454/332 587/471 588/472 455/333
f 455/333 588/472 589/473 456/334
f 456/334 589/473 590/474 457/335
f 457/335 590/474 591/475 458/336
f 458/336 591/475 592/476 459/337
f 459/337 592/476 593/477 460/338
f 460/338 593/477 594/478 461/339
f 461/339 594/478 595/479 462/340
f 462/340 595/479 596/480 463/341
f 463/341 596/480 597/481 464/342
f 464/342 597/481 598/482 465/343
f 465/343 598/482 599/483 466/344
f 466/344 599/483 600/484 467/345
f 467/345 600/484 601/485 468/346
f 468/346 601/485 602/486 469/347
f 469/347 602/486 603/487 470/348
f 470/348 603/487 604/488 471/349
f 471/349 604/488 605/489 472/350
f 472/350 605/489 606/490 473/351
f 473/351 606/490 607/491 474/352
f 474/352 607/491 608/492 475/353
f 475/353 608/492 609/493 476/354
f 476/354 609/493 610/494 477/355
f 477/355 610/494 611/495 478/356
f 478/356 611/495 612/496 479/357
f 479/357 612/496 613/497 480/358
f 480/358 613/497 614/498 481/359
f 481/359 614/498 615/499 482/360
f 482/360 615/499 616/500 483/361
f 483/361 616/500 617/501 484/362
f 484/362 617/501 618/502 485/363
f 485/363 618/502 619/503 486/364
f 486/364 619/503 620/504 487/365
f 487/365 620/504 621/505 488/366
f 488/366 621/505 622/506 489/367
f 489/367 622/506 623/507 490/368
f 490/368 623/507 624/508 491/369
f 491/369 624/508 625/509 492/370
f 492/370 625/509 626/510 493/371
f 493/371 626/510 627/511 494/372
f 494/372 627/511 628/512 495/373
f 495/373 628/512 629/513 496/374
f 496/374 629/513 630/514 497/375
f 497/375 630/514 631/515 498/376
f 498/376 631/515 632/516 499/377
f 499/377 632/516 633/517 500/378
f 500/378 633/517 634/518 501/379
f 501/379 634/518 635/519 502/380
f 502/380 635/519 636/520 503/381
f 503/381 636/520 637/521 504/382
f 504/382 637/521 638/522 505/383
f 505/383 638/522 639/523 506/384
f 506/384 639/523 640/524 507/385
f 507/385 640/524 641/525 508/386
f 508/386 641/525 642/526 509/387
f 509/387 642/526 643/527 510/388
f 510/388 643/527 644/528 511/389
f 511/389 644/528 645/529 512/390
f 512/390 645/529 646/530 513/391
f 513/391 646/530 647/531 514/392
f 514/392 647/531 648/532 515/393
f 515/393 648/532 649/533 516/394
f 516/394 649/533 650/534 517/395
f 517/395 650/534 651/535 518/396
f 518/396 651/535 652/536 519/397
f 519/397 652/536 653/537 520/398
f 520/398 653/537 654/538 521/399
f 521/399 654/538 655/539 522/400
f 522/400 655/539 656/540 523/401
f 523/401 656/540 657/541 524/402
f 524/402 657/541 658/542 525/403
f 525/404 658/543 659/544 526/405
f 526/405 659/544 660/545 527/406
f 527/406 660/545 661/546 528/407
f 528/408 661/547 662/548 529/409
f 529/410 662/549 663/550 530/411
f 530/411 663/550 664/551 531/412
f 531/412 664/551 665/552 532/413
f 532/414 665/553 666/554 533/415
f 533/415 666/554 667/555 534/416
f 535/417 671/556 536/418 403/279
f 536/418 672/557 673/558 537/419
f 537/419 673/558 674/559 538/420
f 538/420 674/559 675/560 539/421
f 539/421 675/560 676/561 540/422
f 540/422 676/561 677/562 541/423
f 541/423 677/562 678/563 542/424
f 542/424 678/563 679/564 543/425
f 543/425 679/564 680/565 544/426
f 544/426 680/565 681/566 545/427
f 545/427 681/566 682/567 546/428
f 546/428 682/567 683/568 547/429
f 547/429 683/568 684/569 548/430
f 548/430 684/569 685/570 549/431
f 549/431 685/570 686/571 550/432
f 550/432 686/571 687/572 551/433
f 551/433 687/572 688/573 552/434
f 552/434 688/573 689/574 553/435
f 553/435 689/574 690/575 554/436
f 554/436 690/575 691/576 555/437
f 555/437 691/576 692/577 556/438
f 556/438 692/577 693/578 557/439
f 557/439 693/578 694/579 558/440
f 558/440 694/579 695/580 559/441
f 559/441 695/580 696/581 560/442
f 560/442 696/581 697/582 561/443
f 561/443 697/582 698/583 562/444
f 562/444 698/583 699/584 563/445
f 563/445 699/584 700/585 564/446
f 564/446 700/585 701/586 565/447
f 565/447 701/586 702/587 566/448
f 566/448 702/587 703/588 567/449
f 567/449 703/588 704/589 568/450
f 568/450 704/589 705/590 569/451
f 569/451 705/590 706/591 570/452
f 570/452 706/591 707/592 571/453
f 571/453 707/592 708/593 572/454
f 572/454 708/593 709/594 573/455
f 573/455 709/594 710/595 574/456
f 574/456 710/595 711/596 575/457
f 575/457 711/596 712/597 576/458
f 576/458 712/597 713/598 577/459
f 577/459 713/598 714/599 578/460
f 578/460 714/599 715/600 579/461
f 579/461 715/600 716/601 580/462
f 580/462 716/601 717/602 581/463
f 581/464 717/603 718/604 582/465
f 582/466 718/605 719/606 583/467
f 583/467 719/606 720/607 584/468
f 584/468 720/607 721/608 585/469
f 585/469 721/608 722/609 586/470
f 586/470 722/609 723/610 587/471
f 587/471 723/610 724/611 588/472
f 588/472 724/611 725/612 589/473
f 589/473 725/612 726/613 590/474
f 590/474 726/613 727/614 591/475
f 591/475 727/614 728/615 592/476
f 592/476 728/615 729/616 593/477
f 593/477 729/616 730/617 594/478
f 594/478 730/617 731/618 595/479
f 595/479 731/618 732/619 596/480
f 596/480 732/619 733/620 597/481
f 597/481 733/620 734/621 598/482
f 598/482 734/621 735/622 599/483
f 599/483 735/622 736/623 600/484
f 600/484 736/623 737/624 601/485
f 601/485 737/624 738/625 602/486
f 602/486 738/625 739/626 603/487
f 603/487 739/626 740/627 604/488
f 604/488 740/627 741/628 605/489
f 605/489 741/628 742/629 606/490
f 606/490 742/629 743/630 607/491
f 607/491 743/630 744/631 608/492
f 608/492 744/631 745/632 609/493
f 609/493 745/632 746/633 610/494
f 610/494 746/633 747/634 611/495
f 611/495 747/634 748/635 612/496
f 612/496 748/635 749/636 613/497
f 613/497 749/636 750/637 614/498
f 614/498 750/637 751/638 615/499
f 615/499 751/638 752/639 616/500
f 616/500 752/639 753/640 617/501
f 617/501 753/640 754/641 618/502
f 618/502 754/641 755/642 619/503
f 619/503 755/642 756/643 620/504
f 620/504 756/643 757/644 621/505
f 621/505 757/644 758/645 622/506
f 622/506 758/645 759/646 623/507
f 623/507 759/646 760/647 624/508
f 624/508 760/647 761/648 625/509
f 625/509 761/648 762/649 626/510
f 626/510 762/649 763/650 627/511
f 627/511 763/650 764/651 628/512
f 628/512 764/651 765/652 629/513
f 629/513 765/652 766/653 630/514
f 630/514 766/653 767/654 631/515
f 631/515 767/654 768/655 632/516
f 632/516 768/655 769/656 633/517
f 633/517 769/656 770/657 634/518
f 634/518 770/657 771/658 635/519
f 635/519 771/658 772/659 636/520
f 636/520 772/659 773/660 637/521
f 637/521 773/660 774/661 638/522
f 638/522 774/661 775/662 639/523
f 639/523 775/662 776/663 640/524
f 640/524 776/663 777/664 641/525
f 641/525 777/664 778/665 642/526
f 642/526 778/665 779/666 643/527
f 643/527 779/666 780/667 644/528
f 644/528 780/667 781/668 645/529
f 645/529 781/668 782/669 646/530
f 646/530 782/669 783/670 647/531
f 647/531 783/670 784/671 648/532
f 648/532 784/671 785/672 649/533
f 649/533 785/672 786/673 650/534
f 650/534 786/673 787/674 651/535
f 651/535 787/674 788/675 652/536
f 652/536 788/675 789/676 653/537
f 653/537 789/676 790/677 654/538
f 654/538 790/677 791/678 655/539
f 655/539 791/678 792/679 656/540
f 656/540 792/679 793/680 657/541
f 657/541 793/680 794/681 658/542
f 658/543 794/682 795/683 659/544
f 659/544 795/683 796/684 660/545
f 660/545 796/684 797/685 661/546
f 661/547 797/686 798/687 662/548
f 662/549 798/688 799/689 663/550
f 663/550 799/689 800/690 664/551
f 664/551 800/690 801/691 665/552
f 665/553 801/692 802/693 666/554
f 666/554 802/693 803/694 667/555
f 667/555 803/694 804/695 668/696
f 668/696 804/695 805/697 669/698
f 669/698 805/697 806/699 670/700
f 670/700 806/699 807/701 671/556
f 671/556 807/701 672/557 536/418
f 672/557 808/702 809/703 673/558
f 673/558 809/703 810/704 674/559
f 674/559 810/704 811/705 675/560
f 675/560 811/705 812/706 676/561
f 676/561 812/706 813/707 677/562
f 677/562 813/707 814/708 678/563
f 678/563 814/708 815/709 679/564
f 679/564 815/709 816/710 680/565
f 680/565 816/710 817/711 681/566
f 681/566 817/711 818/712 682/567
f 682/567 818/712 819/713 683/568
f 683/568 819/713 820/714 684/569
f 684/569 820/714 821/715 685/570
f 685/570 821/715 822/716 686/571
f 686/571 822/716 823/717 687/572
f 687/572 823/717 824/718 688/573
f 688/573 824/718 825/719 689/574
f 689/574 825/719 826/720 690/575
f 690/575 826/720 827/721 691/576
f 691/576 827/721 828/722 692/577
f 692/577 828/722 829/723 693/578
f 693/578 829/723 830/724 694/579
f 694/579 830/724 831/725 695/580
f 695/580 831/725 832/726 696/581
f 696/581 832/726 833/727 697/582
f 697/582 833/727 834/728 698/583
f 698/583 834/728 835/729 699/584
f 699/584 835/729 836/730 700/585
f 700/585 836/730 837/731 701/586
f 701/586 837/731 838/732 702/587
f 702/587 838/732 839/733 703/588
f 703/588 839/733 840/734 704/589
f 704/589 840/734 841/735 705/590
f 705/590 841/735 842/736 706/591
f 706/591 842/736 843/737 707/592
f 707/592 843/737 844/738 708/593
f 708/593 844/738 845/739 709/594
f 709/594 845/739 846/740 710/595
f 710/595 846/740 847/741 711/596
f 711/596 847/741 848/742 712/597
f 712/597 848/742 849/743 713/598
f 713/598 849/743 850/744 714/599
f 714/599 850/744 851/745 715/600
f 715/600 851/745 852/746 716/601
f 716/601 852/746 853/747 717/602
f 717/603 853/748 854/749 718/604
f 718/605 854/750 855/751 719/606
f 719/606 855/751 856/752 720/607
f 720/607 856/752 857/753 721/608
f 721/608 857/753 858/754 722/609
f 722/609 858/754 859/755 723/610
f 723/610 859/755 860/756 724/611
f 724/611 860/756 861/757 725/612
f 725/612 861/757 862/758 726/613
f 726/613 862/758 863/759 727/614
f 727/614 863/759 864/760 728/615
f 728/615 864/760 865/761 729/616
f 729/616 865/761 866/762 730/617
f 730/617 866/762 867/763 731/618
f 731/618 867/763 868/764 732/619
f 732/619 868/764 869/765 733/620
f 733/620 869/765 870/766 734/621
f 734/621 870/766 871/767 735/622
f 735/622 871/767 872/768 736/623
f 736/623 872/768 873/769 737/624
f 737/624 873/769 874/770 738/625
f 738/625 874/770 875/771 739/626
f 739/626 875/771 876/772 740/627
f 740/627 876/772 877/773 741/628
f 741/628 877/773 878/774 742/629
f 742/629 878/774 879/775 743/630
f 743/630 879/775 880/776 744/631
f 744/631 880/776 881/777 745/632
f 745/632 881/777 882/778 746/633
f 746/633 882/778 883/779 747/634
f 747/634 883/779 884/780 748/635
f 748/635 884/780 885/781 749/636
f 749/636 885/781 886/782 750/637
f 750/637 886/782 887/783 751/638
f 751/638 887/783 888/784 752/639
f 752/639 888/784 889/785 753/640
f 753/640 889/785 890/786 754/641
f 754/641 890/786 891/787 755/642
f 755/642 891/787 892/788 756/643
f 756/643 892/788 893/789 757/644
f 757/644 893/789 894/790 758/645
f 758/645 894/790 895/791 759/646
f 759/646 895/791 896/792 760/647
f 760/647 896/792 897/793 761/648
f 761/648 897/793 898/794 762/649
f 762/649 898/794 899/795 763/650
f 763/650 899/795 900/796 764/651
f 764/651 900/796 901/797 765/652
f 765/652 901/797 902/798 766/653
f 766/653 902/798 903/799 767/654
f 767/654 903/799 904/800 768/655
f 768/655 904/800 905/801 769/656
f 769/656 905/801 906/802 770/657
f 770/657 906/802 907/803 771/658
f 771/658 907/803 908/804 772/659
f 772/659 908/804 909/805 773/660
f 773/660 909/805 910/806 774/661
f 774/661 910/806 911/807 775/662
f 775/662 911/807 912/808 776/663
f 776/663 912/808 913/809 777/664
f 777/664 913/809 914/810 778/665
f 778/665 914/810 915/811 779/666
f 779/666 915/811 916/812 780/667
f 780/667 916/812 917/813 781/668
f 781/668 917/813 918/814 782/669
f 782/669 918/814 919/815 783/670
f 783/670 919/815 920/816 784/671
f 784/671 920/816 921/817 785/672
f 785/672 921/817 922/818 786/673
f 786/673 922/818 923/819 787/674
f 787/674 923/819 924/820 788/675
f 788/675 924/820 925/821 789/676
f 789/676 925/821 926/822 790/677
f 790/677 926/822 927/823 791/678
f 791/678 927/823 928/824 792/679
f 792/679 928/824 929/825 793/680
f 793/680 929/825 930/826 794/681
f 794/682 930/827 931/828 795/683
f 795/683 931/828 932/829 796/684
f 796/684 932/829 933/830 797/685
f 797/686 933/831 934/832 798/687
f 798/688 934/833 935/834 799/689
f 799/689 935/834 936/835 800/690
f 800/690 936/835 937/836 801/691
f 801/692 937/837 938/838 802/693
f 802/693 938/838 939/839 803/694
f 803/694 939/839 940/840 804/695
f 804/695 940/840 941/841 805/697
f 805/697 941/841 942/842 806/699
f 806/699 942/842 943/843 807/701
f 807/701 943/843 808/702 672/557
f 808/702 944/844 945/845 809/703
f 809/703 945/845 946/846 810/704
f 810/704 946/846 947/847 811/705
f 811/705 947/847 948/848 812/706
f 812/706 948/848 949/849 813/707
f 813/707 949/849 950/850 814/708
f 814/708 950/850 951/851 815/709
f 815/709 951/851 952/852 816/710
f 816/710 952/852 953/853 817/711
f 817/711 953/853 954/854 818/712
f 818/712 954/854 955/855 819/713
f 819/713 955/855 956/856 820/714
f 820/714 956/856 957/857 821/715
f 821/715 957/857 958/858 822/716
f 822/716 958/858 959/859 823/717
f 823/717 959/859 960/860 824/718
f 824/718 960/860 961/861 825/719
f 825/719 961/861 962/862 826/720
f 826/720 962/862 963/863 827/721
f 827/721 963/863 964/864 828/722
f 828/722 964/864 965/865 829/723
f 829/723 965/865 966/866 830/724
f 830/724 966/866 967/867 831/725
f 831/725 967/867 968/868 832/726
f 832/726 968/868 969/869 833/727
f 833/727 969/869 970/870 834/728
f 834/728 970/870 971/871 835/729
f 835/729 971/871 972/872 836/730
f 836/730 972/872 973/873 837/731
f 837/731 973/873 974/874 838/732
f 838/732 974/874 975/875 839/733
f 839/733 975/875 976/876 840/734
f 840/734 976/876 977/877 841/735
f 841/735 977/877 978/878 842/736
f 842/736 978/878 979/879 843/737
f 843/737 979/879 980/880 844/738
f 844/738 980/880 981/881 845/739
f 845/739 981/881 982/882 846/740
f 846/740 982/882 983/883 847/741
f 847/741 983/883 984/884 848/742
f 848/742 984/884 985/885 849/743
f 849/743 985/885 986/886 850/744
f 850/744 986/886 987/887 851/745
f 851/745 987/887 988/888 852/746
f 852/746 988/888 989/889 853/747
f 854/750 990/890 991/891 855/751
f 855/751 991/891 992/892 856/752
f 856/752 992/892 993/893 857/753
f 857/753 993/893 994/894 858/754
f 858/754 994/894 995/895 859/755
f 859/755 995/895 996/896 860/756
f 860/756 996/896 997/897 861/757
f 861/757 997/897 998/898 862/758
f 862/758 998/898 999/899 863/759
f 863/759 999/899 1000/900 864/760
f 864/760 1000/900 1001/901 865/761
f 865/761 1001/901 1002/902 866/762
f 866/762 1002/902 1003/903 867/763
f 867/763 1003/903 1004/904 868/764
f 868/764 1004/904 1005/905 869/765
f 869/765 1005/905 1006/906 870/766
f 870/766 1006/906 1007/907 871/767
f 871/767 1007/907 1008/908 872/768
f 872/768 1008/908 1009/909 873/769
f 873/769 1009/909 1010/910 874/770
f 874/770 1010/910 1011/911 875/771
f 875/771 1011/911 1012/912 876/772
f 876/772 1012/912 1013/913 877/773
f 877/773 1013/913 1014/914 878/774
f 878/774 1014/914 1015/915 879/775
f 879/775 1015/915 1016/916 880/776
f 880/776 1016/916 1017/917 881/777
f 881/777 1017/917 1018/918 882/778
f 882/778 1018/918 1019/919 883/779
f 883/779 1019/919 1020/920 884/780
f 884/780 1020/920 1021/921 885/781
f 885/781 1021/921 1022/922 886/782
f 886/782 1022/922 1023/923 887/783
f 887/783 1023/923 1024/924 888/784
f 888/784 1024/924 1025/925 889/785
f 889/785 1025/925 1026/926 890/786
f 890/786 1026/926 1027/927 891/787
f 891/787 1027/927 1028/928 892/788
f 892/788 1028/928 1029/929 893/789
f 893/789 1029/929 1030/930 894/790
f 894/790 1030/930 1031/931 895/791
f 895/791 1031/931 1032/932 896/792
f 896/792 1032/932 1033/933 897/793
f 897/793 1033/933 1034/934 898/794
f 898/794 1034/934 1035/935 899/795
f 899/795 1035/935 1036/936 900/796
f 900/796 1036/936 1037/937 901/797
f 901/797 1037/937 1038/938 902/798
f 902/798 1038/938 1039/939 903/799
f 903/799 1039/939 1040/940 904/800
f 904/800 1040/940 1041/941 905/801
f 905/801 1041/941 1042/942 906/802
f 906/802 1042/942 1043/943 907/803
f 907/803 1043/943 1044/944 908/804
f 908/804 1044/944 1045/945 909/805
f 909/805 1045/945 1046/946 910/806
f 910/806 1046/946 1047/947 911/807
f 911/807 1047/947 1048/948 912/808
f 912/808 1048/948 1049/949 913/809
f 913/809 1049/949 1050/950 914/810
f 914/810 1050/950 1051/951 915/811
f 915/811 1051/951 1052/952 916/812
f 916/812 1052/952 1053/953 917/813
f 917/813 1053/953 1054/954 918/814
f 918/814 1054/954 1055/955 919/815
f 919/815 1055/955 1056/956 920/816
f 920/816 1056/956 1057/957 921/817
f 921/817 1057/957 1058/958 922/818
f 922/818 1058/958 1059/959 923/819
f 923/819 1059/959 1060/960 924/820
f 924/820 1060/960 1061/961 925/821
f 925/821 1061/961 1062/962 926/822
f 926/822 1062/962 1063/963 927/823
f 927/823 1063/963 1064/964 928/824
f 928/824 1064/964 1065/965 929/825
f 929/825 1065/965 1066/966 930/826
f 930/827 1066/967 1067/968 931/828
f 931/828 1067/968 1068/969 932/829
f 932/829 1068/969 1069/970 933/830
f 934/833 1070/971 1071/972 935/834
f 935/834 1071/972 1072/973 936/835
f 936/835 1072/973 1073/974 937/836
f 937/837 1073/975 1074/976 938/838
f 938/838 1074/976 1075/977 939/839
f 939/839 1075/977 1076/978 940/840
f 940/840 1076/978 1077/979 941/841
f 941/841 1077/979 1078/980 942/842
f 942/842 1078/980 1079/981 943/843
f 943/843 1079/981 944/844 808/702
f 944/844 1080/982 1081/983 945/845
f 945/845 1081/983 1082/984 946/846
f 946/846 1082/984 1083/985 947/847
f 947/847 1083/985 1084/986 948/848
f 948/848 1084/986 1085/987 949/849
f 949/849 1085/987 1086/988 950/850
f 950/850 1086/988 1087/989 951/851
f 951/851 1087/989 1088/990 952/852
f 952/852 1088/990 1089/991 953/853
f 953/853 1089/991 1090/992 954/854
f 954/854 1090/992 1091/993 955/855
f 955/855 1091/993 1092/994 956/856
f 956/856 1092/994 1093/995 957/857
f 957/857 1093/995 1094/996 958/858
f 958/858 1094/996 1095/997 959/859
f 959/859 1095/997 1096/998 960/860
f 960/860 1096/998 1097/999 961/861
f 961/861 1097/999 1098/1000 962/862
f 962/862 1098/1000 1099/1001 963/863
f 963/863 1099/1001 1100/1002 964/864
f 964/864 1100/1002 1101/1003 965/865
f 965/865 1101/1003 1102/1004 966/866
f 966/866 1102/1004 1103/1005 967/867
f 967/867 1103/1005 1104/1006 968/868
f 968/868 1104/1006 1105/1007 969/869
f 969/869 1105/1007 1106/1008 970/870
f 970/870 1106/1008 1107/1009 971/871
f 971/871 1107/1009 1108/1010 972/872
f 972/872 1108/1010 1109/1011 973/873
f 973/873 1109/1011 1110/1012 974/874
f 974/874 1110/1012 1111/1013 975/875
f 975/875 1111/1013 1112/1014 976/876
f 976/876 1112/1014 1113/1015 977/877
f 977/877 1113/1015 1114/1016 978/878
f 978/878 1114/1016 1115/1017 979/879
f 979/879 1115/1017 1116/1018 980/880
f 980/880 1116/1018 1117/1019 981/881
f 981/881 1117/1019 1118/1020 982/882
f 982/882 1118/1020 1119/1021 983/883
f 983/883 1119/1021 1120/1022 984/884
f 984/884 1120/1022 1121/1023 985/885
f 985/885 1121/1023 1122/1024 986/886
f 986/886 1122/1024 1123/1025 987/887
f 987/887 1123/1025 1124/1026 988/888
f 988/888 1124/1026 1125/1027 989/889
f 990/890 1126/1028 1127/1029 991/891
f 991/891 1127/1029 1128/1030 992/892
f 992/892 1128/1030 1129/1031 993/893
f 993/893 1129/1031 1130/1032 994/894
f 994/894 1130/1032 1131/1033 995/895
f 995/895 1131/1033 1132/1034 996/896
f 996/896 1132/1034 1133/1035 997/897
f 997/897 1133/1035 1134/1036 998/898
f 998/898 1134/1036 1135/1037 999/899
f 999/899 1135/1037 1136/1038 1000/900
f 1000/900 1136/1038 1137/1039 1001/901
f 1001/901 1137/1039 1138/1040 1002/902
f 1002/902 1138/1040 1139/1041 1003/903
f 1003/903 1139/1041 1140/1042 1004/904
f 1004/904 1140/1042 1141/1043 1005/905
f 1005/905 1141/1043 1142/1044 1006/906
f 1006/906 1142/1044 1143/1045 1007/907
f 1007/907 1143/1045 1144/1046 1008/908
f 1008/908 1144/1046 1145/1047 1009/909
f 1009/909 1145/1047 1146/1048 1010/910
f 1010/910 1146/1048 1147/1049 1011/911
f 1011/911 1147/1049 1148/1050 1012/912
f 1012/912 1148/1050 1149/1051 1013/913
f 1013/913 1149/1051 1150/1052 1014/914
f 1014/914 1150/1052 1151/1053 1015/915
f 1015/915 1151/1053 1152/1054 1016/916
f 1016/916 1152/1054 1153/1055 1017/917
f 1017/917 1153/1055 1154/1056 1018/918
f 1018/918 1154/1056 1155/1057 1019/919
f 1019/919 1155/1057 1156/1058 1020/920
f 1020/920 1156/1058 1157/1059 1021/921
f 1021/921 1157/1059 1158/1060 1022/922
f 1022/922 1158/1060 1159/1061 1023/923
f 1023/923 1159/1061 1160/1062 1024/924
f 1024/924 1160/1062 1161/1063 1025/925
f 1025/925 1161/1063 1162/1064 1026/926
f 1026/926 1162/1064 1163/1065 1027/927
f 1027/927 1163/1065 1164/1066 1028/928
f 1028/928 1164/1066 1165/1067 1029/929
f 1029/929 1165/1067 1166/1068 1030/930
f 1030/930 1166/1068 1167/1069 1031/931
f 1031/931 1167/1069 1168/1070 1032/932
f 1032/932 1168/1070 1169/1071 1033/933
f 1033/933 1169/1071 1170/1072 1034/934
f 1034/934 1170/1072 1171/1073 1035/935
f 1035/935 1171/1073 1172/1074 1036/936
f 1036/936 1172/1074 1173/1075 1037/937
f 1037/937 1173/1075 1174/1076 1038/938
f 1038/938 1174/1076 1175/1077 1039/939
f 1039/939 1175/1077 1176/1078 1040/940
f 1040/940 1176/1078 1177/1079 1041/941
f 1041/941 1177/1079 1178/1080 1042/942
f 1042/942 1178/1080 1179/1081 1043/943
f 1043/943 1179/1081 1180/1082 1044/944
f 1044/944 1180/1082 1181/1083 1045/945
f 1045/945 1181/1083 1182/1084 1046/946
f 1046/946 1182/1084 1183/1085 1047/947
f 1047/947 1183/1085 1184/1086 1048/948
f 1048/948 1184/1086 1185/1087 1049/949
f 1049/949 1185/1087 1186/1088 1050/950
f 1050/950 1186/1088 1187/1089 1051/951
f 1051/951 1187/1089 1188/1090 1052/952
f 1052/952 1188/1090 1189/1091 1053/953
f 1053/953 1189/1091 1190/1092 1054/954
f 1054/954 1190/1092 1191/1093 1055/955
f 1055/955 1191/1093 1192/1094 1056/956
f 1056/956 1192/1094 1193/1095 1057/957
f 1057/957 1193/1095 1194/1096 1058/958
f 1058/958 1194/1096 1195/1097 1059/959
f 1059/959 1195/1097 1196/1098 1060/960
f 1060/960 1196/1098 1197/1099 1061/961
f 1061/961 1197/1099 1198/1100 1062/962
f 1062/962 1198/1100 1199/1101 1063/963
f 1063/963 1199/1101 1200/1102 1064/964
f 1064/964 1200/1102 1201/1103 1065/965
f 1065/965 1201/1103 1202/1104 1066/966
f 1066/967 1202/1105 1203/1106 1067/968
f 1067/968 1203/1106 1204/1107 1068/969
f 1068/969 1204/1107 1205/1108 1069/970
f 1070/971 1206/1109 1207/1110 1071/972
f 1071/972 1207/1110 1208/1111 1072/973
f 1072/973 1208/1111 1209/1112 1073/974
f 1073/975 1209/1113 1210/1114 1074/976
f 1074/976 1210/1114 1211/1115 1075/977
f 1075/977 1211/1115 1212/1116 1076/978
f 1076/978 1212/1116 1213/1117 1077/979
f 1077/979 1213/1117 1214/1118 1078/980
f 1078/980 1214/1118 1215/1119 1079/981
f 1079/981 1215/1119 1080/982 944/844
f 1080/982 1216/1120 1217/1121 1081/983
f 1081/983 1217/1121 1218/1122 1082/984
f 1082/984 1218/1122 1219/1123 1083/985
f 1083/985 1219/1123 1220/1124 1084/986
f 1084/986 1220/1124 1221/1125 1085/987
f 1085/987 1221/1125 1222/1126 1086/988
f 1086/988 1222/1126 1223/1127 1087/989
f 1087/989 1223/1127 1224/1128 1088/990
f 1088/990 1224/1128 1225/1129 1089/991
f 1089/991 1225/1129 1226/1130 1090/992
f 1090/992 1226/1130 1227/1131 1091/993
f 1091/993 1227/1131 1228/1132 1092/994
f 1092/994 1228/1132 1229/1133 1093/995
f 1093/995 1229/1133 1230/1134 1094/996
f 1094/996 1230/1134 1231/1135 1095/997
f 1095/997 1231/1135 1232/1136 1096/998
f 1096/998 1232/1136 1233/1137 1097/999
f 1097/999 1233/1137 1234/1138 1098/1000
f 1098/1000 1234/1138 1235/1139 1099/1001
f 1099/1001 1235/1139 1236/1140 1100/1002
f 1100/1002 1236/1140 1237/1141 1101/1003
f 1101/1003 1237/1141 1238/1142 1102/1004
f 1102/1004 1238/1142 1239/1143 1103/1005
f 1103/1005 1239/1143 1240/1144 1104/1006
f 1104/1006 1240/1144 1241/1145 1105/1007
f 1105/1007 1241/1145 1242/1146 1106/1008
f 1106/1008 1242/1146 1243/1147 1107/1009
f 1107/1009 1243/1147 1244/1148 1108/1010
f 1108/1010 1244/1148 1245/1149 1109/1011
f 1109/1011 1245/1149 1246/1150 1110/1012
f 1110/1012 1246/1150 1247/1151 1111/1013
f 1111/1013 1247/1151 1248/1152 1112/1014
f 1112/1014 1248/1152 1249/1153 1113/1015
f 1113/1015 1249/1153 1250/1154 1114/1016
f 1114/1016 1250/1154 1251/1155 1115/1017
f 1115/1017 1251/1155 1252/1156 1116/1018
f 1116/1018 1252/1156 1253/1157 1117/1019
f 1117/1019 1253/1157 1254/1158 1118/1020
f 1118/1020 1254/1158 1255/1159 1119/1021
f 1119/1021 1255/1159 1256/1160 1120/1022
f 1120/1022 1256/1160 1257/1161 1121/1023
f 1121/1023 1257/1161 1258/1162 1122/1024
f 1122/1024 1258/1162 1259/1163 1123/1025
f 1123/1025 1259/1163 1260/1164 1124/1026
f 1124/1026 1260/1164 1261/1165 1125/1027
f 1126/1028 1262/1166 1263/1167 1127/1029
f 1127/1029 1263/1167 1264/1168 1128/1030
f 1128/1030 1264/1168 1265/1169 1129/1031
f 1129/1031 1265/1169 1266/1170 1130/1032
f 1130/1032 1266/1170 1267/1171 1131/1033
f 1131/1033 1267/1171 1268/1172 1132/1034
f 1132/1034 1268/1172 1269/1173 1133/1035
f 1133/1035 1269/1173 1270/1174 1134/1036
f 1134/1036 1270/1174 1271/1175 1135/1037
f 1135/1037 1271/1175 1272/1176 1136/1038
f 1136/1038 1272/1176 1273/1177 1137/1039
f 1137/1039 1273/1177 1274/1178 1138/1040
f 1138/1040 1274/1178 1275/1179 1139/1041
f 1139/1041 1275/1179 1276/1180 1140/1042
f 1140/1042 1276/1180 1277/1181 1141/1043
f 1141/1043 1277/1181 1278/1182 1142/1044
f 1142/1044 1278/1182 1279/1183 1143/1045
f 1143/1045 1279/1183 1280/1184 1144/1046
f 1144/1046 1280/1184 1281/1185 1145/1047
f 1145/1047 1281/1185 1282/1186 1146/1048
f 1146/1048 1282/1186 1283/1187 1147/1049
f 1147/1049 1283/1187 1284/1188 1148/1050
f 1148/1050 1284/1188 1285/1189 1149/1051
f 1149/1051 1285/1189 1286/1190 1150/1052
f 1150/1052 1286/1190 1287/1191 1151/1053
f 1151/1053 1287/1191 1288/1192 1152/1054
f 1152/1054 1288/1192 1289/1193 1153/1055
f 1153/1055 1289/1193 1290/1194 1154/1056
f 1154/1056 1290/1194 1291/1195 1155/1057
f 1155/1057 1291/1195 1292/1196 1156/1058
f 1156/1058 1292/1196 1293/1197 1157/1059
f 1157/1059 1293/1197 1294/1198 1158/1060
f 1158/1060 1294/1198 1295/1199 1159/1061
f 1159/1061 1295/1199 1296/1200 1160/1062
f 1160/1062 1296/1200 1297/1201 1161/1063
f 1161/1063 1297/1201 1298/1202 1162/1064
f 1162/1064 1298/1202 1299/1203 1163/1065
f 1163/1065 1299/1203 1300/1204 1164/1066
f 1164/1066 1300/1204 1301/1205 1165/1067
f 1165/1067 1301/1205 1302/1206 1166/1068
f 1166/1068 1302/1206 1303/1207 1167/1069
f 1167/1069 1303/1207 1304/1208 1168/1070
f 1168/1070 1304/1208 1305/1209 1169/1071
f 1169/1071 1305/1209 1306/1210 1170/1072
f 1170/1072 1306/1210 1307/1211 1171/1073
f 1171/1073 1307/1211 1308/1212 1172/1074
f 1172/1074 1308/1212 1309/1213 1173/1075
f 1173/1075 1309/1213 1310/1214 1174/1076
f 1174/1076 1310/1214 1311/1215 1175/1077
f 1175/1077 1311/1215 1312/1216 1176/1078
f 1176/1078 1312/1216 1313/1217 1177/1079
f 1177/1079 1313/1217 1314/1218 1178/1080
f 1178/1080 1314/1218 1315/1219 1179/1081
f 1179/1081 1315/1219 1316/1220 1180/1082
f 1180/1082 1316/1220 1317/1221 1181/1083
f 1181/1083 1317/1221 1318/1222 1182/1084
f 1182/1084 1318/1222 1319/1223 1183/1085
f 1183/1085 1319/1223 1320/1224 1184/1086
f 1184/1086 1320/1224 1321/1225 1185/1087
f 1185/1087 1321/1225 1322/1226 1186/1088
f 1186/1088 1322/1226 1323/1227 1187/1089
f 1187/1089 1323/1227 1324/1228 1188/1090
f 1188/1090 1324/1228 1325/1229 1189/1091
f 1189/1091 1325/1229 1326/1230 1190/1092
f 1190/1092 1326/1230 1327/1231 1191/1093
f 1191/1093 1327/1231 1328/1232 1192/1094
f 1192/1094 1328/1232 1329/1233 1193/1095
f 1193/1095 1329/1233 1330/1234 1194/1096
f 1194/1096 1330/1234 1331/1235 1195/1097
f 1195/1097 1331/1235 1332/1236 1196/1098
f 1196/1098 1332/1236 1333/1237 1197/1099
f 1197/1099 1333/1237 1334/1238 1198/1100
f 1198/1100 1334/1238 1335/1239 1199/1101
f 1199/1101 1335/1239 1336/1240 1200/1102
f 1200/1102 1336/1240 1337/1241 1201/1103
f 1201/1103 1337/1241 1338/1242 1202/1104
f 1202/1105 1338/1243 1339/1244 1203/1106
f 1203/1106 1339/1244 1340/1245 1204/1107
f 1204/1107 1340/1245 1341/1246 1205/1108
f 1206/1109 1342/1247 1343/1248 1207/1110
f 1207/1110 1343/1248 1344/1249 1208/1111
f 1208/1111 1344/1249 1345/1250 1209/1112
f 1209/1113 1345/1251 1346/1252 1210/1114
f 1210/1114 1346/1252 1347/1253 1211/1115
f 1211/1115 1347/1253 1348/1254 1212/1116
f 1212/1116 1348/1254 1349/1255 1213/1117
f 1213/1117 1349/1255 1350/1256 1214/1118
f 1214/1118 1350/1256 1351/1257 1215/1119
f 1215/1119 1351/1257 1216/1120 1080/982
f 1216/1120 1352/1258 1353/1259 1217/1121
f 1217/1121 1353/1259 1354/1260 1218/1122
f 1218/1122 1354/1260 1355/1261 1219/1123
f 1219/1123 1355/1261 1356/1262 1220/1124
f 1220/1124 1356/1262 1357/1263 1221/1125
f 1221/1125 1357/1263 1358/1264 1222/1126
f 1222/1126 1358/1264 1359/1265 1223/1127
f 1223/1127 1359/1265 1360/1266 1224/1128
f 1224/1128 1360/1266 1361/1267 1225/1129
f 1225/1129 1361/1267 1362/1268 1226/1130
f 1226/1130 1362/1268 1363/1269 1227/1131
f 1227/1131 1363/1269 1364/1270 1228/1132
f 1228/1132 1364/1270 1365/1271 1229/1133
f 1229/1133 1365/1271 1366/1272 1230/1134
f 1230/1134 1366/1272 1367/1273 1231/1135
f 1231/1135 1367/1273 1368/1274 1232/1136
f 1232/1136 1368/1274 1369/1275 1233/1137
f 1233/1137 1369/1275 1370/1276 1234/1138
f 1234/1138 1370/1276 1371/1277 1235/1139
f 1235/1139 1371/1277 1372/1278 1236/1140
f 1236/1140 1372/1278 1373/1279 1237/1141
f 1237/1141 1373/1279 1374/1280 1238/1142
f 1238/1142 1374/1280 1375/1281 1239/1143
f 1239/1143 1375/1281 1376/1282 1240/1144
f 1240/1144 1376/1282 1377/1283 1241/1145
f 1241/1145 1377/1283 1378/1284 1242/1146
f 1242/1146 1378/1284 1379/1285 1243/1147
f 1243/1147 1379/1285 1380/1286 1244/1148
f 1244/1148 1380/1286 1381/1287 1245/1149
f 1245/1149 1381/1287 1382/1288 1246/1150
f 1246/1150 1382/1288 1383/1289 1247/1151
f 1247/1151 1383/1289 1384/1290 1248/1152
f 1248/1152 1384/1290 1385/1291 1249/1153
f 1249/1153 1385/1291 1386/1292 1250/1154
f 1250/1154 1386/1292 1387/1293 1251/1155
f 1251/1155 1387/1293 1388/1294 1252/1156
f 1252/1156 1388/1294 1389/1295 1253/1157
f 1253/1157 1389/1295 1390/1296 1254/1158
f 1254/1158 1390/1296 1391/1297 1255/1159
f 1255/1159 1391/1297 1392/1298 1256/1160
f 1256/1160 1392/1298 1393/1299 1257/1161
f 1257/1161 1393/1299 1394/1300 1258/1162
f 1258/1162 1394/1300 1395/1301 1259/1163
f 1259/1163 1395/1301 1396/1302 1260/1164
f 1260/1164 1396/1302 1397/1303 1261/1165
f 1262/1166 1398/1304 1399/1305 1263/1167
f 1263/1167 1399/1305 1400/1306 1264/1168
f 1264/1168 1400/1306 1401/1307 1265/1169
f 1265/1169 1401/1307 1402/1308 1266/1170
f 1266/1170 1402/1308 1403/1309 1267/1171
f 1267/1171 1403/1309 1404/1310 1268/1172
f 1268/1172 1404/1310 1405/1311 1269/1173
f 1269/1173 1405/1311 1406/1312 1270/1174
f 1270/1174 1406/1312 1407/1313 1271/1175
f 1271/1175 1407/1313 1408/1314 1272/1176
f 1272/1176 1408/1314 1409/1315 1273/1177
f 1273/1177 1409/1315 1410/1316 1274/1178
f 1274/1178 1410/1316 1411/1317 1275/1179
f 1275/1179 1411/1317 1412/1318 1276/1180
f 1276/1180 1412/1318 1413/1319 1277/1181
f 1277/1181 1413/1319 1414/1320 1278/1182
f 1278/1182 1414/1320 1415/1321 1279/1183
f 1279/1183 1415/1321 1416/1322 1280/1184
f 1280/1184 1416/1322 1417/1323 1281/1185
f 1281/1185 1417/1323 1418/1324 1282/1186
f 1282/1186 1418/1324 1419/1325 1283/1187
f 1283/1187 1419/1325 1420/1326 1284/1188
f 1284/1188 1420/1326 1421/1327 1285/1189
f 1285/1189 1421/1327 1422/1328 1286/1190
f 1286/1190 1422/1328 1423/1329 1287/1191
f 1287/1191 1423/1329 1424/1330 1288/1192
f 1288/1192 1424/1330 1425/1331 1289/1193
f 1289/1193 1425/1331 1426/1332 1290/1194
f 1290/1194 1426/1332 1427/1333 1291/1195
f 1291/1195 1427/1333 1428/1334 1292/1196
f 1292/1196 1428/1334 1429/1335 1293/1197
f 1293/1197 1429/1335 1430/1336 1294/1198
f 1294/1198 1430/1336 1431/1337 1295/1199
f 1295/1199 1431/1337 1432/1338 1296/1200
f 1296/1200 1432/1338 1433/1339 1297/1201
f 1297/1201 1433/1339 1434/1340 1298/1202
f 1298/1202 1434/1340 1435/1341 1299/1203
f 1299/1203 1435/1341 1436/1342 1300/1204
f 1300/1204 1436/1342 1437/1343 1301/1205
f 1301/1205 1437/1343 1438/1344 1302/1206
f 1302/1206 1438/1344 1439/1345 1303/1207
f 1303/1207 1439/1345 1440/1346 1304/1208
f 1304/1208 1440/1346 1441/1347 1305/1209
f 1305/1209 1441/1347 1442/1348 1306/1210
f 1306/1210 1442/1348 1443/1349 1307/1211
f 1307/1211 1443/1349 1444/1350 1308/1212
f 1308/1212 1444/1350 1445/1351 1309/1213
f 1309/1213 1445/1351 1446/1352 1310/1214
f 1310/1214 1446/1352 1447/1353 1311/1215
f 1311/1215 1447/1353 1448/1354 1312/1216
f 1312/1216 1448/1354 1449/1355 1313/1217
f 1313/1217 1449/1355 1450/1356 1314/1218
f 1314/1218 1450/1356 1451/1357 1315/1219
f 1315/1219 1451/1357 1452/1358 1316/1220
f 1316/1220 1452/1358 1453/1359 1317/1221
f 1317/1221 1453/1359 1454/1360 1318/1222
f 1318/1222 1454/1360 1455/1361 1319/1223
f 1319/1223 1455/1361 1456/1362 1320/1224
f 1320/1224 1456/1362 1457/1363 1321/1225
f 1321/1225 1457/1363 1458/1364 1322/1226
f 1322/1226 1458/1364 1459/1365 1323/1227
f 1323/1227 1459/1365 1460/1366 1324/1228
f 1324/1228 1460/1366 1461/1367 1325/1229
f 1325/1229 1461/1367 1462/1368 1326/1230
f 1326/1230 1462/1368 1463/1369 1327/1231
f 1327/1231 1463/1369 1464/1370 1328/1232
f 1328/1232 1464/1370 1465/1371 1329/1233
f 1329/1233 1465/1371 1466/1372 1330/1234
f 1330/1234 1466/1372 1467/1373 1331/1235
f 1331/1235 1467/1373 1468/1374 1332/1236
f 1332/1236 1468/1374 1469/1375 1333/1237
f 1333/1237 1469/1375 1470/1376 1334/1238
f 1334/1238 1470/1376 1471/1377 1335/1239
f 1335/1239 1471/1377 1472/1378 1336/1240
f 1336/1240 1472/1378 1473/1379 1337/1241
f 1337/1241 1473/1379 1474/1380 1338/1242
f 1338/1243 1474/1381 1475/1382 1339/1244
f 1339/1244 1475/1382 1476/1383 1340/1245
f 1340/1245 1476/1383 1477/1384 1341/1246
f 1342/1247 1478/1385 1479/1386 1343/1248
f 1343/1248 1479/1386 1480/1387 1344/1249
f 1344/1249 1480/1387 1481/1388 1345/1250
f 1345/1251 1481/1389 1482/1390 1346/1252
f 1346/1252 1482/1390 1483/1391 1347/1253
f 1347/1253 1483/1391 1484/1392 1348/1254
f 1348/1254 1484/1392 1485/1393 1349/1255
f 1349/1255 1485/1393 1486/1394 1350/1256
f 1350/1256 1486/1394 1487/1395 1351/1257
f 1351/1257 1487/1395 1352/1258 1216/1120
f 1352/1258 134/1396 135/1397 1353/1259
f 1353/1259 135/1397 136/1398 1354/1260
f 1354/1260 136/1398 137/1399 1355/1261
f 1355/1261 137/1399 138/1400 1356/1262
f 1356/1262 138/1400 139/1401 1357/1263
f 1357/1263 139/1401 140/1402 1358/1264
f 1358/1264 140/1402 141/1403 1359/1265
f 1359/1265 141/1403 142/1404 1360/1266
f 1360/1266 142/1404 143/1405 1361/1267
f 1361/1267 143/1405 144/1406 1362/1268
f 1362/1268 144/1406 145/1407 1363/1269
f 1363/1269 145/1407 146/1408 1364/1270
f 1364/1270 146/1408 147/1409 1365/1271
f 1365/1271 147/1409 148/1410 1366/1272
f 1366/1272 148/1410 149/1411 1367/1273
f 1367/1273 149/1411 150/1412 1368/1274
f 1368/1274 150/1412 151/1413 1369/1275
f 1369/1275 151/1413 152/1414 1370/1276
f 1370/1276 152/1414 153/1415 1371/1277
f 1371/1277 153/1415 154/1416 1372/1278
f 1372/1278 154/1416 155/1417 1373/1279
f 1373/1279 155/1417 156/1418 1374/1280
f 1374/1280 156/1418 157/1419 1375/1281
f 1375/1281 157/1419 158/1420 1376/1282
f 1376/1282 158/1420 159/1421 1377/1283
f 1377/1283 159/1421 160/1422 1378/1284
f 1378/1284 160/1422 161/1423 1379/1285
f 1379/1285 161/1423 162/1424 1380/1286
f 1380/1286 162/1424 163/1425 1381/1287
f 1381/1287 163/1425 164/1426 1382/1288
f 1382/1288 164/1426 165/1427 1383/1289
f 1383/1289 165/1427 166/1428 1384/1290
f 1384/1290 166/1428 167/1429 1385/1291
f 1385/1291 167/1429 168/1430 1386/1292
f 1386/1292 168/1430 169/1431 1387/1293
f 1387/1293 169/1431 170/1432 1388/1294
f 1388/1294 170/1432 171/1433 1389/1295
f 1389/1295 171/1433 172/1434 1390/1296
f 1390/1296 172/1434 173/1435 1391/1297
f 1391/1297 173/1435 174/1436 1392/1298
f 1392/1298 174/1436 175/1437 1393/1299
f 1393/1299 175/1437 176/1438 1394/1300
f 1394/1300 176/1438 177/1439 1395/1301
f 1395/1301 177/1439 178/1440 1396/1302
f 1396/1302 178/1440 179/1441 1397/1303
f 1398/1304 180/1442 181/1443 1399/1305
f 1399/1305 181/1443 182/1444 1400/1306
f 1400/1306 182/1444 183/1445 1401/1307
f 1401/1307 183/1445 184/1446 1402/1308
f 1402/1308 184/1446 185/1447 1403/1309
f 1403/1309 185/1447 186/1448 1404/1310
f 1404/1310 186/1448 187/1449 1405/1311
f 1405/1311 187/1449 188/1450 1406/1312
f 1406/1312 188/1450 189/1451 1407/1313
f 1407/1313 189/1451 190/1452 1408/1314
f 1408/1314 190/1452 191/1453 1409/1315
f 1409/1315 191/1453 192/1454 1410/1316
f 1410/1316 192/1454 193/1455 1411/1317
f 1411/1317 193/1455 194/1456 1412/1318
f 1412/1318 194/1456 195/1457 1413/1319
f 1413/1319 195/1457 196/1458 1414/1320
f 1414/1320 196/1458 197/1459 1415/1321
f 1415/1321 197/1459 198/1460 1416/1322
f 1416/1322 198/1460 199/1461 1417/1323
f 1417/1323 199/1461 200/1462 1418/1324
f 1418/1324 200/1462 201/1463 1419/1325
f 1419/1325 201/1463 202/1464 1420/1326
f 1420/1326 202/1464 203/1465 1421/1327
f 1421/1327 203/1465 204/1466 1422/1328
f 1422/1328 204/1466 205/1467 1423/1329
f 1423/1329 205/1467 206/1468 1424/1330
f 1424/1330 206/1468 207/1469 1425/1331
f 1425/1331 207/1469 208/1470 1426/1332
f 1426/1332 208/1470 209/1471 1427/1333
f 1427/1333 209/1471 210/1472 1428/1334
f 1428/1334 210/1472 211/1473 1429/1335
f 1429/1335 211/1473 212/1474 1430/1336
f 1430/1336 212/1474 213/1475 1431/1337
f 1431/1337 213/1475 214/1476 1432/1338
f 1432/1338 214/1476 215/1477 1433/1339
f 1433/1339 215/1477 216/1478 1434/1340
f 1434/1340 216/1478 217/1479 1435/1341
f 1435/1341 217/1479 218/1480 1436/1342
f 1436/1342 218/1480 219/1481 1437/1343
f 1437/1343 219/1481 220/1482 1438/1344
f 1438/1344 220/1482 221/1483 1439/1345
f 1439/1345 221/1483 222/1484 1440/1346
f 1440/1346 222/1484 223/1485 1441/1347
f 1441/1347 223/1485 224/1486 1442/1348
f 1442/1348 224/1486 225/1487 1443/1349
f 1443/1349 225/1487 226/1488 1444/1350
f 1444/1350 226/1488 227/1489 1445/1351
f 1445/1351 227/1489 228/1490 1446/1352
f 1446/1352 228/1490 229/1491 1447/1353
f 1447/1353 229/1491 230/1492 1448/1354
f 1448/1354 230/1492 231/1493 1449/1355
f 1449/1355 231/1493 232/1494 1450/1356
f 1450/1356 232/1494 233/1495 1451/1357
f 1451/1357 233/1495 234/1496 1452/1358
f 1452/1358 234/1496 235/1497 1453/1359
f 1453/1359 235/1497 236/1498 1454/1360
f 1454/1360 236/1498 237/1499 1455/1361
f 1455/1361 237/1499 238/1500 1456/1362
f 1456/1362 238/1500 239/1501 1457/1363
f 1457/1363 239/1501 240/1502 1458/1364
f 1458/1364 240/1502 241/1503 1459/1365
f 1459/1365 241/1503 242/1504 1460/1366
f 1460/1366 242/1504 243/1505 1461/1367
f 1461/1367 243/1505 244/1506 1462/1368
f 1462/1368 244/1506 245/1507 1463/1369
f 1463/1369 245/1507 246/1508 1464/1370
f 1464/1370 246/1508 247/1509 1465/1371
f 1465/1371 247/1509 248/1510 1466/1372
f 1466/1372 248/1510 249/1511 1467/1373
f 1467/1373 249/1511 250/1512 1468/1374
f 1468/1374 250/1512 251/1513 1469/1375
f 1469/1375 251/1513 252/1514 1470/1376
f 1470/1376 252/1514 253/1515 1471/1377
f 1471/1377 253/1515 254/1516 1472/1378
f 1472/1378 254/1516 255/1517 1473/1379
f 1473/1379 255/1517 256/1518 1474/1380
f 1474/1381 256/1519 257/1520 1475/1382
f 1475/1382 257/1520 258/1521 1476/1383
f 1476/1383 258/1521 259/1522 1477/1384
f 1478/1385 260/1523 261/1524 1479/1386
f 1479/1386 261/1524 262/1525 1480/1387
f 1480/1387 262/1525 263/1526 1481/1388
f 1481/1389 263/1527 264/1528 1482/1390
f 1482/1390 264/1528 265/1529 1483/1391
f 1483/1391 265/1529 266/1530 1484/1392
f 1484/1392 266/1530 267/1531 1485/1393
f 1485/1393 267/1531 268/1532 1486/1394
f 1486/1394 268/1532 269/1533 1487/1395
f 1487/1395 269/1533 134/1396 1352/1258
f 853/748 1488/1534 1489/1535 854/749
f 854/750 1489/1536 1490/1537 990/890
f 990/890 1490/1537 1491/1538 1126/1028
f 1126/1028 1491/1538 1492/1539 1262/1166
f 1262/1166 1492/1539 1493/1540 1398/1304
f 1398/1304 1493/1540 1494/1541 180/1442
f 179/1441 1495/1542 1496/1543 1397/1303
f 1397/1303 1496/1543 1497/1544 1261/1165
f 1261/1165 1497/1544 1498/1545 1125/1027
f 1125/1027 1498/1545 1499/1546 989/889
f 989/889 1499/1546 1488/1547 853/747
f 1488/1534 1500/1548 1501/1549 1489/1535
f 1489/1536 1501/1550 1502/1551 1490/1537
f 1490/1537 1502/1551 1503/1552 1491/1538
f 1491/1538 1503/1552 1504/1553 1492/1539
f 1492/1539 1504/1553 1505/1554 1493/1540
f 1493/1540 1505/1554 1506/1555 1494/1541
f 1495/1542 1507/1556 1508/1557 1496/1543
f 1496/1543 1508/1557 1509/1558 1497/1544
f 1497/1544 1509/1558 1510/1559 1498/1545
f 1498/1545 1510/1559 1511/1560 1499/1546
f 1499/1546 1511/1560 1500/1561 1488/1547
f 1500/1548 1512/1562 1513/1563 1501/1549
f 1501/1550 1513/1564 1514/1565 1502/1551
f 1502/1551 1514/1565 1515/1566 1503/1552
f 1503/1552 1515/1566 1516/1567 1504/1553
f 1504/1553 1516/1567 1517/1568 1505/1554
f 1505/1554 1517/1568 1518/1569 1506/1555
f 1507/1556 1519/1570 1520/1571 1508/1557
f 1508/1557 1520/1571 1521/1572 1509/1558
f 1509/1558 1521/1572 1522/1573 1510/1559
f 1510/1559 1522/1573 1523/1574 1511/1560
f 1511/1560 1523/1574 1512/1575 1500/1561
f 1512/1562 1524/1576 1525/1577 1513/1563
f 1513/1564 1525/1578 1526/1579 1514/1565
f 1514/1565 1526/1579 1527/1580 1515/1566
f 1515/1566 1527/1580 1528/1581 1516/1567
f 1516/1567 1528/1581 1529/1582 1517/1568
f 1517/1568 1529/1582 1530/1583 1518/1569
f 1519/1570 1531/1584 1532/1585 1520/1571
f 1520/1571 1532/1585 1533/1586 1521/1572
f 1521/1572 1533/1586 1534/1587 1522/1573
f 1522/1573 1534/1587 1535/1588 1523/1574
f 1523/1574 1535/1588 1524/1589 1512/1575
f 1524/1576 1536/1590 1537/1591 1525/1577
f 1525/1578 1537/1592 1538/1593 1526/1579
f 1526/1579 1538/1593 1539/1594 1527/1580
f 1527/1580 1539/1594 1540/1595 1528/1581
f 1528/1581 1540/1595 1541/1596 1529/1582
f 1529/1582 1541/1596 1542/1597 1530/1583
f 1531/1584 1543/1598 1544/1599 1532/1585
f 1532/1585 1544/1599 1545/1600 1533/1586
f 1533/1586 1545/1600 1546/1601 1534/1587
f 1534/1587 1546/1601 1547/1602 1535/1588
f 1535/1588 1547/1602 1536/1603 1524/1589
f 1536/1590 1548/1604 1549/1605 1537/1591
f 1537/1592 1549/1606 1550/1607 1538/1593
f 1538/1593 1550/1607 1551/1608 1539/1594
f 1539/1594 1551/1608 1552/1609 1540/1595
f 1540/1595 1552/1609 1553/1610 1541/1596
f 1541/1596 1553/1610 1554/1611 1542/1597
f 1543/1598 1555/1612 1556/1613 1544/1599
f 1544/1599 1556/1613 1557/1614 1545/1600
f 1545/1600 1557/1614 1558/1615 1546/1601
f 1546/1601 1558/1615 1559/1616 1547/1602
f 1547/1602 1559/1616 1548/1617 1536/1603
f 1548/1604 1560/1618 1561/1619 1549/1605
f 1549/1606 1561/1620 1562/1621 1550/1607
f 1550/1607 1562/1621 1563/1622 1551/1608
f 1551/1608 1563/1622 1564/1623 1552/1609
f 1552/1609 1564/1623 1565/1624 1553/1610
f 1553/1610 1565/1624 1566/1625 1554/1611
f 1555/1612 1567/1626 1568/1627 1556/1613
f 1556/1613 1568/1627 1569/1628 1557/1614
f 1557/1614 1569/1628 1570/1629 1558/1615
f 1558/1615 1570/1629 1571/1630 1559/1616
f 1559/1616 1571/1630 1560/1631 1548/1617
f 1560/1618 1572/1632 1573/1633 1561/1619
f 1561/1620 1573/1634 1574/1635 1562/1621
f 1562/1621 1574/1635 1575/1636 1563/1622
f 1563/1622 1575/1636 1576/1637 1564/1623
f 1564/1623 1576/1637 1577/1638 1565/1624
f 1565/1624 1577/1638 1578/1639 1566/1625
f 1567/1626 1579/1640 1580/1641 1568/1627
f 1568/1627 1580/1641 1581/1642 1569/1628
f 1569/1628 1581/1642 1582/1643 1570/1629
f 1570/1629 1582/1643 1583/1644 1571/1630
f 1571/1630 1583/1644 1572/1645 1560/1631
f 1572/1632 1584/1646 1585/1647 1573/1633
f 1573/1634 1585/1648 1586/1649 1574/1635
f 1574/1635 1586/1649 1587/1650 1575/1636
f 1575/1636 1587/1650 1588/1651 1576/1637
f 1576/1637 1588/1651 1589/1652 1577/1638
f 1577/1638 1589/1652 1590/1653 1578/1639
f 1579/1640 1591/1654 1592/1655 1580/1641
f 1580/1641 1592/1655 1593/1656 1581/1642
f 1581/1642 1593/1656 1594/1657 1582/1643
f 1582/1643 1594/1657 1595/1658 1583/1644
f 1583/1644 1595/1658 1584/1659 1572/1645
f 1584/1646 1596/1660 1597/1661 1585/1647
f 1585/1648 1597/1662 1598/1663 1586/1649
f 1586/1649 1598/1663 1599/1664 1587/1650
f 1587/1650 1599/1664 1600/1665 1588/1651
f 1588/1651 1600/1665 1601/1666 1589/1652
f 1589/1652 1601/1666 1602/1667 1590/1653
f 1591/1654 1603/1668 1604/1669 1592/1655
f 1592/1655 1604/1669 1605/1670 1593/1656
f 1593/1656 1605/1670 1606/1671 1594/1657
f 1594/1657 1606/1671 1607/1672 1595/1658
f 1595/1658 1607/1672 1596/1673 1584/1659
f 1596/1660 1608/1674 1609/1675 1597/1661
f 1597/1662 1609/1676 1610/1677 1598/1663
f 1598/1663 1610/1677 1611/1678 1599/1664
f 1599/1664 1611/1678 1612/1679 1600/1665
f 1600/1665 1612/1679 1613/1680 1601/1666
f 1601/1666 1613/1680 1614/1681 1602/1667
f 1603/1668 1615/1682 1616/1683 1604/1669
f 1604/1669 1616/1683 1617/1684 1605/1670
f 1605/1670 1617/1684 1618/1685 1606/1671
f 1606/1671 1618/1685 1619/1686 1607/1672
f 1607/1672 1619/1686 1608/1687 1596/1673
f 1608/1674 1620/1688 1621/1689 1609/1675
f 1609/1676 1621/1690 1622/1691 1610/1677
f 1610/1677 1622/1691 1623/1692 1611/1678
f 1611/1678 1623/1692 1624/1693 1612/1679
f 1612/1679 1624/1693 1625/1694 1613/1680
f 1613/1680 1625/1694 1626/1695 1614/1681
f 1615/1682 1627/1696 1628/1697 1616/1683
f 1616/1683 1628/1697 1629/1698 1617/1684
f 1617/1684 1629/1698 1630/1699 1618/1685
f 1618/1685 1630/1699 1631/1700 1619/1686
f 1619/1686 1631/1700 1620/1701 1608/1687
f 1620/1688 1632/1702 1633/1703 1621/1689
f 1621/1690 1633/1704 1634/1705 1622/1691
f 1622/1691 1634/1705 1635/1706 1623/1692
f 1623/1692 1635/1706 1636/1707 1624/1693
f 1624/1693 1636/1707 1637/1708 1625/1694
f 1625/1694 1637/1708 1638/1709 1626/1695
f 1627/1696 1639/1710 1640/1711 1628/1697
f 1628/1697 1640/1711 1641/1712 1629/1698
f 1629/1698 1641/1712 1642/1713 1630/1699
f 1630/1699 1642/1713 1643/1714 1631/1700
f 1631/1700 1643/1714 1632/1715 1620/1701
f 1632/1702 1644/1716 1645/1717 1633/1703
f 1633/1704 1645/1718 1646/1719 1634/1705
f 1634/1705 1646/1719 1647/1720 1635/1706
f 1635/1706 1647/1720 1648/1721 1636/1707
f 1636/1707 1648/1721 1649/1722 1637/1708
f 1637/1708 1649/1722 1650/1723 1638/1709
f 1639/1710 1651/1724 1652/1725 1640/1711
f 1640/1711 1652/1725 1653/1726 1641/1712
f 1641/1712 1653/1726 1654/1727 1642/1713
f 1642/1713 1654/1727 1655/1728 1643/1714
f 1643/1714 1655/1728 1644/1729 1632/1715
f 1644/1716 1656/1730 1657/1731 1645/1717
f 1645/1718 1657/1732 1658/1733 1646/1719
f 1646/1719 1658/1733 1659/1734 1647/1720
f 1647/1720 1659/1734 1660/1735 1648/1721
f 1648/1721 1660/1735 1661/1736 1649/1722
f 1649/1722 1661/1736 1662/1737 1650/1723
f 1651/1724 1663/1738 1664/1739 1652/1725
f 1652/1725 1664/1739 1665/1740 1653/1726
f 1653/1726 1665/1740 1666/1741 1654/1727
f 1654/1727 1666/1741 1667/1742 1655/1728
f 1655/1728 1667/1742 1656/1743 1644/1729
f 1656/1730 1668/1744 1669/1745 1657/1731
f 1657/1732 1669/1746 1670/1747 1658/1733
f 1658/1733 1670/1747 1671/1748 1659/1734
f 1659/1734 1671/1748 1672/1749 1660/1735
f 1660/1735 1672/1749 1673/1750 1661/1736
f 1661/1736 1673/1750 1674/1751 1662/1737
f 1663/1738 1675/1752 1676/1753 1664/1739
f 1664/1739 1676/1753 1677/1754 1665/1740
f 1665/1740 1677/1754 1678/1755 1666/1741
f 1666/1741 1678/1755 1679/1756 1667/1742
f 1667/1742 1679/1756 1668/1757 1656/1743
f 1668/1744 1680/1758 1681/1759 1669/1745
f 1669/1746 1681/1760 1682/1761 1670/1747
f 1670/1747 1682/1761 1683/1762 1671/1748
f 1671/1748 1683/1762 1684/1763 1672/1749
f 1672/1749 1684/1763 1685/1764 1673/1750
f 1673/1750 1685/1764 1686/1765 1674/1751
f 1675/1752 1687/1766 1688/1767 1676/1753
f 1676/1753 1688/1767 1689/1768 1677/1754
f 1677/1754 1689/1768 1690/1769 1678/1755
f 1678/1755 1690/1769 1691/1770 1679/1756
f 1679/1756 1691/1770 1680/1771 1668/1757
f 1680/1758 1692/1772 1693/1773 1681/1759
f 1681/1760 1693/1774 1694/1775 1682/1761
f 1682/1761 1694/1775 1695/1776 1683/1762
f 1683/1762 1695/1776 1696/1777 1684/1763
f 1684/1763 1696/1777 1697/1778 1685/1764
f 1685/1764 1697/1778 1698/1779 1686/1765
f 1687/1766 1699/1780 1700/1781 1688/1767
f 1688/1767 1700/1781 1701/1782 1689/1768
f 1689/1768 1701/1782 1702/1783 1690/1769
f 1690/1769 1702/1783 1703/1784 1691/1770
f 1691/1770 1703/1784 1692/1785 1680/1771
f 1692/1772 1704/1786 1705/1787 1693/1773
f 1693/1774 1705/1788 1706/1789 1694/1775
f 1694/1775 1706/1789 1707/1790 1695/1776
f 1695/1776 1707/1790 1708/1791 1696/1777
f 1696/1777 1708/1791 1709/1792 1697/1778
f 1697/1778 1709/1792 1710/1793 1698/1779
f 1699/1780 1711/1794 1712/1795 1700/1781
f 1700/1781 1712/1795 1713/1796 1701/1782
f 1701/1782 1713/1796 1714/1797 1702/1783
f 1702/1783 1714/1797 1715/1798 1703/1784
f 1703/1784 1715/1798 1704/1799 1692/1785
f 1704/1786 1716/1800 1717/1801 1705/1787
f 1705/1788 1717/1802 1718/1803 1706/1789
f 1706/1789 1718/1803 1719/1804 1707/1790
f 1707/1790 1719/1804 1720/1805 1708/1791
f 1708/1791 1720/1805 1721/1806 1709/1792
f 1709/1792 1721/1806 1722/1807 1710/1793
f 1711/1794 1723/1808 1724/1809 1712/1795
f 1712/1795 1724/1809 1725/1810 1713/1796
f 1713/1796 1725/1810 1726/1811 1714/1797
f 1714/1797 1726/1811 1727/1812 1715/1798
f 1715/1798 1727/1812 1716/1813 1704/1799
f 1716/1800 934/832 933/831 1717/1801
f 1717/1802 933/830 1069/970 1718/1803
f 1718/1803 1069/970 1205/1108 1719/1804
f 1719/1804 1205/1108 1341/1246 1720/1805
f 1720/1805 1341/1246 1477/1384 1721/1806
f 1721/1806 1477/1384 259/1522 1722/1807
f 1723/1808 260/1523 1478/1385 1724/1809
f 1724/1809 1478/1385 1342/1247 1725/1810
f 1725/1810 1342/1247 1206/1109 1726/1811
f 1726/1811 1206/1109 1070/971 1727/1812
f 1727/1812 1070/971 934/833 1716/1813
